/*******************************************************************************
 * Size: 22 px
 * Bpp: 4
 * Opts: --font /tmp/inter_ttf/Inter-Medium.ttf --size 22 --bpp 4 --format lvgl --lv-include lvgl.h --range 0x20-0x7F,0xA0-0xFF,0x2013-0x2014,0x2019 --no-compress --force-fast-kern-format -o /home/laurenz/Documents/weather_display/main/fonts/inter_22.c
 ******************************************************************************/

#ifdef LV_LVGL_H_INCLUDE_SIMPLE
#include "lvgl.h"
#else
#include "lvgl.h"
#endif

#ifndef INTER_22
#define INTER_22 1
#endif

#if INTER_22

/*-----------------
 *    BITMAPS
 *----------------*/

/*Store the image of the glyphs*/
static LV_ATTRIBUTE_LARGE_CONST const uint8_t glyph_bitmap[] = {
    /* U+0020 " " */

    /* U+0021 "!" */
    0xf, 0xfa, 0xf, 0xfa, 0xe, 0xf9, 0xe, 0xf9,
    0xe, 0xf9, 0xe, 0xf9, 0xd, 0xf8, 0xd, 0xf8,
    0xd, 0xf8, 0xd, 0xf8, 0x9, 0xb5, 0x0, 0x0,
    0x0, 0x0, 0xc, 0xf8, 0x3f, 0xfe, 0xb, 0xf7,

    /* U+0022 "\"" */
    0xcf, 0xa0, 0xcf, 0x9b, 0xf9, 0xb, 0xf9, 0xaf,
    0x80, 0xaf, 0x8a, 0xf8, 0xa, 0xf7, 0x9f, 0x70,
    0x9f, 0x78, 0xf6, 0x8, 0xf6, 0x13, 0x10, 0x13,
    0x10,

    /* U+0023 "#" */
    0x0, 0x0, 0x8f, 0x60, 0x0, 0xef, 0x0, 0x0,
    0x0, 0xbf, 0x30, 0x1, 0xfd, 0x0, 0x0, 0x0,
    0xdf, 0x0, 0x3, 0xfa, 0x0, 0x0, 0x0, 0xfd,
    0x0, 0x6, 0xf7, 0x0, 0x8, 0xff, 0xff, 0xff,
    0xff, 0xff, 0xf9, 0x9, 0xee, 0xfe, 0xee, 0xef,
    0xfe, 0xe6, 0x0, 0x8, 0xf5, 0x0, 0xe, 0xf0,
    0x0, 0x0, 0xa, 0xf3, 0x0, 0xf, 0xd0, 0x0,
    0x0, 0xd, 0xf1, 0x0, 0x3f, 0xb0, 0x0, 0x0,
    0xf, 0xe0, 0x0, 0x5f, 0x80, 0x0, 0x7f, 0xff,
    0xff, 0xff, 0xff, 0xff, 0xb0, 0x8e, 0xef, 0xfe,
    0xee, 0xff, 0xee, 0x70, 0x0, 0x7f, 0x70, 0x0,
    0xdf, 0x10, 0x0, 0x0, 0x9f, 0x40, 0x0, 0xfe,
    0x0, 0x0, 0x0, 0xcf, 0x10, 0x2, 0xfb, 0x0,
    0x0, 0x0, 0xfe, 0x0, 0x5, 0xf8, 0x0, 0x0,

    /* U+0024 "$" */
    0x0, 0x0, 0x2, 0x30, 0x0, 0x0, 0x0, 0x0,
    0x0, 0x8c, 0x0, 0x0, 0x0, 0x0, 0x0, 0x8,
    0xc0, 0x0, 0x0, 0x0, 0x1, 0x8d, 0xff, 0xeb,
    0x50, 0x0, 0x3, 0xef, 0xff, 0xff, 0xff, 0x90,
    0x0, 0xdf, 0xe5, 0x8c, 0x3a, 0xff, 0x50, 0x4f,
    0xf4, 0x8, 0xc0, 0xc, 0xfb, 0x6, 0xff, 0x10,
    0x8c, 0x0, 0x24, 0x30, 0x4f, 0xf9, 0x8, 0xc0,
    0x0, 0x0, 0x0, 0xcf, 0xfd, 0xcc, 0x0, 0x0,
    0x0, 0x0, 0x9f, 0xff, 0xfe, 0x92, 0x0, 0x0,
    0x0, 0x28, 0xdf, 0xff, 0xf8, 0x0, 0x0, 0x0,
    0x8, 0xd6, 0xdf, 0xf7, 0x0, 0x0, 0x0, 0x8c,
    0x0, 0xbf, 0xe0, 0x78, 0x50, 0x8, 0xc0, 0x6,
    0xff, 0xb, 0xfe, 0x0, 0x8c, 0x0, 0xaf, 0xf0,
    0x4f, 0xfc, 0x48, 0xc3, 0xaf, 0xf9, 0x0, 0x9f,
    0xff, 0xff, 0xff, 0xfc, 0x0, 0x0, 0x5b, 0xef,
    0xff, 0xc7, 0x0, 0x0, 0x0, 0x0, 0x8c, 0x0,
    0x0, 0x0, 0x0, 0x0, 0x8, 0xc0, 0x0, 0x0,
    0x0,

    /* U+0025 "%" */
    0x5, 0xdf, 0xd7, 0x0, 0x0, 0x0, 0x1e, 0xe1,
    0x0, 0x3f, 0xe9, 0xdf, 0x60, 0x0, 0x0, 0xaf,
    0x40, 0x0, 0x9f, 0x40, 0x2f, 0xb0, 0x0, 0x5,
    0xf9, 0x0, 0x0, 0xaf, 0x20, 0xf, 0xc0, 0x0,
    0x1e, 0xe0, 0x0, 0x0, 0x9f, 0x40, 0x2f, 0xb0,
    0x0, 0xbf, 0x40, 0x0, 0x0, 0x3f, 0xe9, 0xdf,
    0x50, 0x6, 0xf8, 0x0, 0x0, 0x0, 0x5, 0xdf,
    0xd6, 0x0, 0x2f, 0xd0, 0x0, 0x0, 0x0, 0x0,
    0x0, 0x0, 0x0, 0xcf, 0x30, 0x0, 0x0, 0x0,
    0x0, 0x0, 0x0, 0x7, 0xf7, 0x0, 0x17, 0x85,
    0x0, 0x0, 0x0, 0x0, 0x2f, 0xc0, 0x2, 0xef,
    0xff, 0xb0, 0x0, 0x0, 0x0, 0xcf, 0x20, 0xb,
    0xf5, 0x1b, 0xf4, 0x0, 0x0, 0x8, 0xf6, 0x0,
    0xe, 0xe0, 0x5, 0xf8, 0x0, 0x0, 0x3f, 0xb0,
    0x0, 0xf, 0xe0, 0x5, 0xf8, 0x0, 0x0, 0xdf,
    0x10, 0x0, 0xd, 0xf1, 0x7, 0xf6, 0x0, 0x9,
    0xf5, 0x0, 0x0, 0x7, 0xfd, 0x9f, 0xe1, 0x0,
    0x4f, 0xa0, 0x0, 0x0, 0x0, 0x8e, 0xfc, 0x30,

    /* U+0026 "&" */
    0x0, 0x19, 0xef, 0xd8, 0x0, 0x0, 0x0, 0x0,
    0xdf, 0xff, 0xff, 0xb0, 0x0, 0x0, 0x6, 0xff,
    0x30, 0x4f, 0xf3, 0x0, 0x0, 0x9, 0xfa, 0x0,
    0xc, 0xf5, 0x0, 0x0, 0x8, 0xfc, 0x0, 0x2f,
    0xf3, 0x0, 0x0, 0x2, 0xff, 0x53, 0xef, 0xa0,
    0x0, 0x0, 0x0, 0x8f, 0xff, 0xfa, 0x0, 0x0,
    0x0, 0x0, 0x3f, 0xff, 0x80, 0x0, 0x0, 0x0,
    0x5, 0xff, 0xff, 0xd1, 0x0, 0x66, 0x0, 0x4f,
    0xf9, 0x2e, 0xfb, 0x1, 0xff, 0x10, 0xcf, 0xb0,
    0x2, 0xff, 0x95, 0xff, 0x0, 0xff, 0x70, 0x0,
    0x4f, 0xfe, 0xfa, 0x0, 0xdf, 0x90, 0x0, 0x6,
    0xff, 0xf3, 0x0, 0x8f, 0xf7, 0x10, 0x3a, 0xff,
    0xf2, 0x0, 0xb, 0xff, 0xff, 0xff, 0xfc, 0xfd,
    0x10, 0x0, 0x6c, 0xef, 0xd9, 0x21, 0xdf, 0xb0,

    /* U+0027 "'" */
    0xcf, 0xab, 0xf9, 0xaf, 0x8a, 0xf8, 0x9f, 0x78,
    0xf6, 0x13, 0x10,

    /* U+0028 "(" */
    0x0, 0x2b, 0xb0, 0x0, 0xbf, 0xb0, 0x2, 0xff,
    0x40, 0x8, 0xfe, 0x0, 0xd, 0xf9, 0x0, 0x2f,
    0xf4, 0x0, 0x5f, 0xf1, 0x0, 0x8f, 0xd0, 0x0,
    0xbf, 0xb0, 0x0, 0xcf, 0xa0, 0x0, 0xdf, 0x90,
    0x0, 0xcf, 0xa0, 0x0, 0xbf, 0xb0, 0x0, 0x8f,
    0xe0, 0x0, 0x5f, 0xf1, 0x0, 0x1f, 0xf6, 0x0,
    0xb, 0xfb, 0x0, 0x5, 0xff, 0x10, 0x0, 0xdf,
    0x80, 0x0, 0x5f, 0xe0,

    /* U+0029 ")" */
    0xa, 0xb4, 0x0, 0x9, 0xfd, 0x0, 0x3, 0xff,
    0x40, 0x0, 0xcf, 0xa0, 0x0, 0x7f, 0xf0, 0x0,
    0x2f, 0xf4, 0x0, 0xf, 0xf7, 0x0, 0xc, 0xfa,
    0x0, 0x9, 0xfc, 0x0, 0x8, 0xfe, 0x0, 0x7,
    0xff, 0x0, 0x7, 0xfe, 0x0, 0x9, 0xfc, 0x0,
    0xb, 0xfa, 0x0, 0xf, 0xf6, 0x0, 0x4f, 0xf2,
    0x0, 0x9f, 0xd0, 0x0, 0xff, 0x70, 0x6, 0xfe,
    0x0, 0xd, 0xf7, 0x0,

    /* U+002A "*" */
    0x0, 0x1, 0xf8, 0x0, 0x0, 0x4, 0x1, 0xf8,
    0x1, 0x20, 0x5f, 0xb2, 0xf7, 0x6f, 0xc0, 0x18,
    0xff, 0xff, 0xfc, 0x40, 0x0, 0x3f, 0xff, 0x90,
    0x0, 0x29, 0xfe, 0xfe, 0xfd, 0x50, 0x4f, 0xa1,
    0xf7, 0x5e, 0xb0, 0x3, 0x1, 0xf8, 0x1, 0x10,
    0x0, 0x1, 0xe7, 0x0, 0x0,

    /* U+002B "+" */
    0x0, 0x0, 0xbf, 0x60, 0x0, 0x0, 0x0, 0xb,
    0xf6, 0x0, 0x0, 0x0, 0x0, 0xbf, 0x60, 0x0,
    0x0, 0x0, 0xb, 0xf6, 0x0, 0x0, 0xef, 0xff,
    0xff, 0xff, 0xff, 0x9f, 0xff, 0xff, 0xff, 0xff,
    0xfa, 0x0, 0x0, 0xbf, 0x60, 0x0, 0x0, 0x0,
    0xb, 0xf6, 0x0, 0x0, 0x0, 0x0, 0xbf, 0x60,
    0x0, 0x0, 0x0, 0xb, 0xf6, 0x0, 0x0, 0x0,
    0x0, 0x57, 0x20, 0x0, 0x0,

    /* U+002C "," */
    0x2, 0x32, 0xd, 0xfa, 0xf, 0xf5, 0x2f, 0xf1,
    0x4f, 0xc0, 0x6f, 0x70, 0x9f, 0x30,

    /* U+002D "-" */
    0x0, 0x0, 0x0, 0x0, 0x7f, 0xff, 0xff, 0xfa,
    0x7f, 0xff, 0xff, 0xfa,

    /* U+002E "." */
    0x0, 0x10, 0xd, 0xf8, 0x3f, 0xfd, 0xb, 0xf6,

    /* U+002F "/" */
    0x0, 0x0, 0x8, 0xf9, 0x0, 0x0, 0xd, 0xf4,
    0x0, 0x0, 0x1f, 0xf0, 0x0, 0x0, 0x5f, 0xc0,
    0x0, 0x0, 0xaf, 0x70, 0x0, 0x0, 0xef, 0x30,
    0x0, 0x2, 0xfe, 0x0, 0x0, 0x7, 0xfa, 0x0,
    0x0, 0xb, 0xf6, 0x0, 0x0, 0xf, 0xf1, 0x0,
    0x0, 0x4f, 0xd0, 0x0, 0x0, 0x8f, 0x90, 0x0,
    0x0, 0xcf, 0x40, 0x0, 0x1, 0xff, 0x0, 0x0,
    0x5, 0xfc, 0x0, 0x0, 0x9, 0xf7, 0x0, 0x0,
    0xe, 0xf3, 0x0, 0x0, 0x2f, 0xf0, 0x0, 0x0,
    0x6f, 0xa0, 0x0, 0x0,

    /* U+0030 "0" */
    0x0, 0x5, 0xcf, 0xfd, 0x70, 0x0, 0x0, 0xaf,
    0xff, 0xff, 0xfc, 0x0, 0x7, 0xff, 0x92, 0x17,
    0xff, 0xa0, 0xf, 0xfa, 0x0, 0x0, 0x7f, 0xf3,
    0x5f, 0xf2, 0x0, 0x0, 0xe, 0xf8, 0x8f, 0xd0,
    0x0, 0x0, 0xa, 0xfc, 0xbf, 0xb0, 0x0, 0x0,
    0x8, 0xfe, 0xcf, 0xa0, 0x0, 0x0, 0x7, 0xff,
    0xcf, 0xa0, 0x0, 0x0, 0x7, 0xff, 0xbf, 0xb0,
    0x0, 0x0, 0x8, 0xfe, 0x8f, 0xd0, 0x0, 0x0,
    0xa, 0xfc, 0x5f, 0xf2, 0x0, 0x0, 0xe, 0xf8,
    0xf, 0xfa, 0x0, 0x0, 0x7f, 0xf3, 0x7, 0xff,
    0x92, 0x27, 0xff, 0xa0, 0x0, 0xaf, 0xff, 0xff,
    0xfd, 0x10, 0x0, 0x6, 0xcf, 0xfd, 0x70, 0x0,

    /* U+0031 "1" */
    0x0, 0x4e, 0xff, 0x50, 0x8f, 0xff, 0xf5, 0xcf,
    0xf8, 0xff, 0x5f, 0xd3, 0x1f, 0xf5, 0xa0, 0x1,
    0xff, 0x50, 0x0, 0x1f, 0xf5, 0x0, 0x1, 0xff,
    0x50, 0x0, 0x1f, 0xf5, 0x0, 0x1, 0xff, 0x50,
    0x0, 0x1f, 0xf5, 0x0, 0x1, 0xff, 0x50, 0x0,
    0x1f, 0xf5, 0x0, 0x1, 0xff, 0x50, 0x0, 0x1f,
    0xf5, 0x0, 0x1, 0xff, 0x50, 0x0, 0x1f, 0xf5,

    /* U+0032 "2" */
    0x0, 0x18, 0xdf, 0xeb, 0x50, 0x0, 0x2, 0xef,
    0xff, 0xff, 0xf9, 0x0, 0xd, 0xfd, 0x41, 0x2a,
    0xff, 0x50, 0x4f, 0xf3, 0x0, 0x0, 0xcf, 0xb0,
    0x5d, 0xc0, 0x0, 0x0, 0x8f, 0xd0, 0x0, 0x0,
    0x0, 0x0, 0xaf, 0xb0, 0x0, 0x0, 0x0, 0x2,
    0xff, 0x60, 0x0, 0x0, 0x0, 0x1d, 0xfc, 0x0,
    0x0, 0x0, 0x0, 0xcf, 0xe2, 0x0, 0x0, 0x0,
    0xc, 0xff, 0x30, 0x0, 0x0, 0x0, 0xbf, 0xf3,
    0x0, 0x0, 0x0, 0xb, 0xff, 0x40, 0x0, 0x0,
    0x0, 0xbf, 0xf4, 0x0, 0x0, 0x0, 0xb, 0xff,
    0x72, 0x22, 0x22, 0x20, 0x6f, 0xff, 0xff, 0xff,
    0xff, 0xf2, 0x7f, 0xff, 0xff, 0xff, 0xff, 0xf2,

    /* U+0033 "3" */
    0x0, 0x18, 0xdf, 0xfc, 0x60, 0x0, 0x2, 0xef,
    0xff, 0xff, 0xfc, 0x0, 0xd, 0xfe, 0x51, 0x17,
    0xff, 0x80, 0x4f, 0xf3, 0x0, 0x0, 0xaf, 0xe0,
    0x25, 0x50, 0x0, 0x0, 0x7f, 0xf0, 0x0, 0x0,
    0x0, 0x0, 0xaf, 0xc0, 0x0, 0x0, 0x0, 0x28,
    0xff, 0x40, 0x0, 0x0, 0xbf, 0xff, 0xc4, 0x0,
    0x0, 0x0, 0xbf, 0xff, 0xea, 0x10, 0x0, 0x0,
    0x0, 0x15, 0xef, 0xd0, 0x0, 0x0, 0x0, 0x0,
    0x3f, 0xf6, 0x23, 0x20, 0x0, 0x0, 0xf, 0xf8,
    0x9f, 0xe0, 0x0, 0x0, 0x3f, 0xf6, 0x3f, 0xfc,
    0x52, 0x26, 0xef, 0xf1, 0x7, 0xff, 0xff, 0xff,
    0xff, 0x40, 0x0, 0x29, 0xdf, 0xfd, 0x81, 0x0,

    /* U+0034 "4" */
    0x0, 0x0, 0x0, 0x3f, 0xff, 0x20, 0x0, 0x0,
    0x0, 0xc, 0xff, 0xf2, 0x0, 0x0, 0x0, 0x7,
    0xff, 0xff, 0x20, 0x0, 0x0, 0x1, 0xff, 0x8f,
    0xf2, 0x0, 0x0, 0x0, 0xbf, 0xb3, 0xff, 0x20,
    0x0, 0x0, 0x4f, 0xf2, 0x3f, 0xf2, 0x0, 0x0,
    0xe, 0xf8, 0x3, 0xff, 0x20, 0x0, 0x8, 0xfd,
    0x0, 0x3f, 0xf2, 0x0, 0x3, 0xff, 0x40, 0x3,
    0xff, 0x20, 0x0, 0xcf, 0xa0, 0x0, 0x3f, 0xf2,
    0x0, 0x6f, 0xf2, 0x0, 0x3, 0xff, 0x30, 0xc,
    0xff, 0xff, 0xff, 0xff, 0xff, 0xf4, 0xcf, 0xff,
    0xff, 0xff, 0xff, 0xff, 0x40, 0x0, 0x0, 0x0,
    0x3f, 0xf2, 0x0, 0x0, 0x0, 0x0, 0x3, 0xff,
    0x20, 0x0, 0x0, 0x0, 0x0, 0x3f, 0xf2, 0x0,

    /* U+0035 "5" */
    0xa, 0xff, 0xff, 0xff, 0xff, 0x40, 0xc, 0xff,
    0xff, 0xff, 0xff, 0x40, 0xd, 0xf7, 0x11, 0x11,
    0x11, 0x0, 0xf, 0xf4, 0x0, 0x0, 0x0, 0x0,
    0x1f, 0xf2, 0x0, 0x0, 0x0, 0x0, 0x3f, 0xf4,
    0xbf, 0xeb, 0x40, 0x0, 0x5f, 0xff, 0xff, 0xff,
    0xf7, 0x0, 0x4b, 0xd7, 0x20, 0x3c, 0xff, 0x40,
    0x0, 0x0, 0x0, 0x0, 0xef, 0xb0, 0x0, 0x0,
    0x0, 0x0, 0x8f, 0xf0, 0x0, 0x0, 0x0, 0x0,
    0x6f, 0xf0, 0x58, 0x50, 0x0, 0x0, 0x8f, 0xe0,
    0x9f, 0xe1, 0x0, 0x0, 0xef, 0xa0, 0x2f, 0xfc,
    0x41, 0x3c, 0xff, 0x30, 0x6, 0xff, 0xff, 0xff,
    0xf6, 0x0, 0x0, 0x3a, 0xef, 0xea, 0x20, 0x0,

    /* U+0036 "6" */
    0x0, 0x4, 0xbe, 0xfd, 0x91, 0x0, 0x0, 0x6f,
    0xff, 0xff, 0xff, 0x40, 0x4, 0xff, 0x93, 0x25,
    0xef, 0xe1, 0xd, 0xf9, 0x0, 0x0, 0x2e, 0xf5,
    0x3f, 0xf0, 0x0, 0x0, 0x0, 0x0, 0x7f, 0xb0,
    0x6c, 0xed, 0x81, 0x0, 0xaf, 0xab, 0xff, 0xff,
    0xfe, 0x20, 0xbf, 0xff, 0x81, 0x5, 0xff, 0xd0,
    0xcf, 0xf7, 0x0, 0x0, 0x4f, 0xf5, 0xbf, 0xf0,
    0x0, 0x0, 0xd, 0xf8, 0xaf, 0xe0, 0x0, 0x0,
    0xc, 0xfa, 0x6f, 0xf0, 0x0, 0x0, 0xe, 0xf8,
    0x1f, 0xf7, 0x0, 0x0, 0x5f, 0xf4, 0x9, 0xff,
    0x82, 0x16, 0xff, 0xc0, 0x0, 0xbf, 0xff, 0xff,
    0xfd, 0x10, 0x0, 0x6, 0xcf, 0xfd, 0x70, 0x0,

    /* U+0037 "7" */
    0xf, 0xff, 0xff, 0xff, 0xff, 0xf9, 0xf, 0xff,
    0xff, 0xff, 0xff, 0xf9, 0x2, 0x22, 0x22, 0x22,
    0x4f, 0xf6, 0x0, 0x0, 0x0, 0x0, 0xaf, 0xe0,
    0x0, 0x0, 0x0, 0x2, 0xff, 0x60, 0x0, 0x0,
    0x0, 0xa, 0xfe, 0x0, 0x0, 0x0, 0x0, 0x2f,
    0xf6, 0x0, 0x0, 0x0, 0x0, 0xaf, 0xe0, 0x0,
    0x0, 0x0, 0x2, 0xff, 0x60, 0x0, 0x0, 0x0,
    0xa, 0xfd, 0x0, 0x0, 0x0, 0x0, 0x2f, 0xf6,
    0x0, 0x0, 0x0, 0x0, 0xaf, 0xd0, 0x0, 0x0,
    0x0, 0x2, 0xff, 0x60, 0x0, 0x0, 0x0, 0xa,
    0xfd, 0x0, 0x0, 0x0, 0x0, 0x3f, 0xf6, 0x0,
    0x0, 0x0, 0x0, 0xbf, 0xd0, 0x0, 0x0, 0x0,

    /* U+0038 "8" */
    0x0, 0x8, 0xdf, 0xfc, 0x60, 0x0, 0x1, 0xef,
    0xff, 0xff, 0xfc, 0x0, 0xb, 0xfe, 0x50, 0x17,
    0xff, 0x90, 0x1f, 0xf6, 0x0, 0x0, 0x9f, 0xe0,
    0x2f, 0xf3, 0x0, 0x0, 0x6f, 0xf0, 0xf, 0xf6,
    0x0, 0x0, 0x9f, 0xc0, 0x7, 0xff, 0x51, 0x17,
    0xff, 0x40, 0x0, 0x6e, 0xff, 0xff, 0xd4, 0x0,
    0x2, 0xcf, 0xff, 0xff, 0xfb, 0x10, 0x1e, 0xfc,
    0x30, 0x4, 0xdf, 0xd0, 0x8f, 0xe1, 0x0, 0x0,
    0x2f, 0xf6, 0xbf, 0xb0, 0x0, 0x0, 0xe, 0xf9,
    0xaf, 0xe0, 0x0, 0x0, 0x2f, 0xf8, 0x4f, 0xfb,
    0x30, 0x4, 0xdf, 0xf2, 0x7, 0xff, 0xff, 0xff,
    0xff, 0x50, 0x0, 0x39, 0xdf, 0xfd, 0x92, 0x0,

    /* U+0039 "9" */
    0x0, 0x18, 0xdf, 0xfb, 0x50, 0x0, 0x4, 0xef,
    0xff, 0xff, 0xfa, 0x0, 0x1e, 0xfe, 0x51, 0x28,
    0xff, 0x70, 0x7f, 0xf2, 0x0, 0x0, 0x8f, 0xe0,
    0xbf, 0xb0, 0x0, 0x0, 0x1f, 0xf4, 0xbf, 0xa0,
    0x0, 0x0, 0x1f, 0xf8, 0x9f, 0xe1, 0x0, 0x0,
    0x7f, 0xf9, 0x2f, 0xfc, 0x30, 0x17, 0xff, 0xfa,
    0x6, 0xff, 0xff, 0xff, 0xab, 0xf9, 0x0, 0x3b,
    0xef, 0xc6, 0xc, 0xf8, 0x0, 0x0, 0x0, 0x0,
    0xf, 0xf5, 0x59, 0x70, 0x0, 0x0, 0x4f, 0xf1,
    0x5f, 0xf3, 0x0, 0x0, 0xdf, 0xa0, 0xe, 0xfe,
    0x52, 0x4c, 0xff, 0x20, 0x3, 0xef, 0xff, 0xff,
    0xf5, 0x0, 0x0, 0x19, 0xef, 0xda, 0x20, 0x0,

    /* U+003A ":" */
    0x0, 0x10, 0xd, 0xf8, 0x3f, 0xfd, 0xb, 0xf6,
    0x0, 0x0, 0x0, 0x0, 0x0, 0x0, 0x0, 0x0,
    0x0, 0x10, 0xd, 0xf8, 0x3f, 0xfd, 0xb, 0xf6,

    /* U+003B ";" */
    0x0, 0x10, 0x0, 0x9f, 0xc0, 0xf, 0xff, 0x20,
    0x7f, 0xa0, 0x0, 0x0, 0x0, 0x0, 0x0, 0x0,
    0x0, 0x0, 0x0, 0x0, 0x0, 0x0, 0x0, 0x23,
    0x20, 0xd, 0xfa, 0x0, 0xff, 0x50, 0x2f, 0xf1,
    0x4, 0xfc, 0x0, 0x6f, 0x70, 0x9, 0xf3, 0x0,

    /* U+003C "<" */
    0x0, 0x0, 0x0, 0x0, 0x0, 0x0, 0x0, 0x0,
    0x0, 0x0, 0x3, 0xb3, 0x0, 0x0, 0x0, 0x4,
    0xcf, 0xf4, 0x0, 0x0, 0x5, 0xcf, 0xff, 0xa1,
    0x0, 0x6, 0xdf, 0xff, 0x82, 0x0, 0x6, 0xef,
    0xfe, 0x70, 0x0, 0x0, 0x2f, 0xfe, 0x50, 0x0,
    0x0, 0x0, 0x1e, 0xff, 0xc5, 0x0, 0x0, 0x0,
    0x0, 0x7e, 0xff, 0xd7, 0x0, 0x0, 0x0, 0x0,
    0x6d, 0xff, 0xf8, 0x10, 0x0, 0x0, 0x0, 0x5d,
    0xff, 0xf3, 0x0, 0x0, 0x0, 0x0, 0x5c, 0xf4,
    0x0, 0x0, 0x0, 0x0, 0x0, 0x42,

    /* U+003D "=" */
    0xaf, 0xff, 0xff, 0xff, 0xff, 0x5a, 0xff, 0xff,
    0xff, 0xff, 0xf5, 0x1, 0x11, 0x11, 0x11, 0x11,
    0x0, 0x0, 0x0, 0x0, 0x0, 0x0, 0x1, 0x11,
    0x11, 0x11, 0x11, 0xa, 0xff, 0xff, 0xff, 0xff,
    0xf5, 0xaf, 0xff, 0xff, 0xff, 0xff, 0x50,

    /* U+003E ">" */
    0x0, 0x0, 0x0, 0x0, 0x0, 0x8, 0x91, 0x0,
    0x0, 0x0, 0x0, 0x9f, 0xf9, 0x20, 0x0, 0x0,
    0x4, 0xcf, 0xff, 0xa2, 0x0, 0x0, 0x0, 0x4b,
    0xff, 0xfb, 0x30, 0x0, 0x0, 0x2, 0x9f, 0xff,
    0xb4, 0x0, 0x0, 0x0, 0x18, 0xff, 0xd0, 0x0,
    0x0, 0x17, 0xef, 0xfb, 0x0, 0x2, 0x9f, 0xff,
    0xc4, 0x0, 0x3b, 0xff, 0xfb, 0x40, 0x0, 0x8f,
    0xff, 0xa3, 0x0, 0x0, 0x9, 0xfa, 0x20, 0x0,
    0x0, 0x0, 0x42, 0x0, 0x0, 0x0, 0x0, 0x0,

    /* U+003F "?" */
    0x0, 0x18, 0xdf, 0xeb, 0x40, 0x0, 0x2e, 0xff,
    0xff, 0xff, 0x70, 0xb, 0xff, 0x40, 0x2b, 0xff,
    0x20, 0xff, 0x70, 0x0, 0x1f, 0xf7, 0x4, 0x41,
    0x0, 0x0, 0xff, 0x70, 0x0, 0x0, 0x0, 0x5f,
    0xf4, 0x0, 0x0, 0x0, 0x6f, 0xfb, 0x0, 0x0,
    0x0, 0xaf, 0xfa, 0x0, 0x0, 0x0, 0x7f, 0xf6,
    0x0, 0x0, 0x0, 0xb, 0xfa, 0x0, 0x0, 0x0,
    0x0, 0xdf, 0x60, 0x0, 0x0, 0x0, 0x1, 0x10,
    0x0, 0x0, 0x0, 0x0, 0x0, 0x0, 0x0, 0x0,
    0x0, 0xd, 0xf7, 0x0, 0x0, 0x0, 0x4, 0xff,
    0xd0, 0x0, 0x0, 0x0, 0xc, 0xf6, 0x0, 0x0,

    /* U+0040 "@" */
    0x0, 0x0, 0x2, 0x7b, 0xef, 0xfe, 0xb6, 0x10,
    0x0, 0x0, 0x0, 0x1, 0x9f, 0xff, 0xfe, 0xde,
    0xff, 0xf7, 0x0, 0x0, 0x0, 0x1d, 0xff, 0x93,
    0x0, 0x0, 0x27, 0xff, 0xa0, 0x0, 0x0, 0xdf,
    0xd2, 0x0, 0x0, 0x0, 0x0, 0x2d, 0xf8, 0x0,
    0x8, 0xfe, 0x10, 0x0, 0x0, 0x0, 0x0, 0x2,
    0xff, 0x30, 0xe, 0xf5, 0x0, 0x7, 0xdf, 0xd7,
    0x7c, 0x20, 0x7f, 0xa0, 0x5f, 0xe0, 0x0, 0xaf,
    0xfe, 0xff, 0xff, 0x30, 0x1f, 0xf0, 0x8f, 0x90,
    0x5, 0xfd, 0x20, 0x9, 0xff, 0x30, 0xc, 0xf3,
    0xbf, 0x70, 0xb, 0xf4, 0x0, 0x0, 0xef, 0x30,
    0xa, 0xf5, 0xcf, 0x50, 0xf, 0xf0, 0x0, 0x0,
    0xbf, 0x30, 0x9, 0xf6, 0xbf, 0x50, 0xf, 0xe0,
    0x0, 0x0, 0xaf, 0x30, 0xa, 0xf5, 0xaf, 0x60,
    0xf, 0xf0, 0x0, 0x0, 0xcf, 0x30, 0xb, 0xf4,
    0x8f, 0x90, 0xb, 0xf3, 0x0, 0x0, 0xef, 0x30,
    0xd, 0xf1, 0x5f, 0xd0, 0x6, 0xfc, 0x0, 0x8,
    0xff, 0x60, 0x3f, 0xc0, 0xf, 0xf4, 0x0, 0xcf,
    0xeb, 0xef, 0xaf, 0xfb, 0xff, 0x40, 0x8, 0xfe,
    0x10, 0x8, 0xef, 0xd5, 0x7, 0xdf, 0xd5, 0x0,
    0x0, 0xdf, 0xc2, 0x0, 0x0, 0x0, 0x0, 0x0,
    0x0, 0x0, 0x0, 0x2d, 0xff, 0x93, 0x0, 0x0,
    0x3, 0x40, 0x0, 0x0, 0x0, 0x1, 0xaf, 0xff,
    0xfe, 0xde, 0xff, 0xe0, 0x0, 0x0, 0x0, 0x0,
    0x2, 0x7b, 0xef, 0xfe, 0xc9, 0x40, 0x0, 0x0,

    /* U+0041 "A" */
    0x0, 0x0, 0x0, 0xef, 0xf6, 0x0, 0x0, 0x0,
    0x0, 0x0, 0x4, 0xff, 0xfc, 0x0, 0x0, 0x0,
    0x0, 0x0, 0xa, 0xfb, 0xff, 0x20, 0x0, 0x0,
    0x0, 0x0, 0xf, 0xf5, 0xdf, 0x80, 0x0, 0x0,
    0x0, 0x0, 0x5f, 0xf0, 0x9f, 0xd0, 0x0, 0x0,
    0x0, 0x0, 0xbf, 0xc0, 0x4f, 0xf3, 0x0, 0x0,
    0x0, 0x1, 0xff, 0x70, 0xf, 0xf9, 0x0, 0x0,
    0x0, 0x6, 0xff, 0x20, 0xa, 0xfe, 0x0, 0x0,
    0x0, 0xc, 0xfd, 0x0, 0x4, 0xff, 0x50, 0x0,
    0x0, 0x2f, 0xf7, 0x0, 0x0, 0xff, 0xb0, 0x0,
    0x0, 0x8f, 0xff, 0xff, 0xff, 0xff, 0xf1, 0x0,
    0x0, 0xdf, 0xff, 0xff, 0xff, 0xff, 0xf6, 0x0,
    0x3, 0xff, 0x70, 0x0, 0x0, 0xe, 0xfc, 0x0,
    0x9, 0xff, 0x10, 0x0, 0x0, 0x8, 0xff, 0x20,
    0xe, 0xfb, 0x0, 0x0, 0x0, 0x2, 0xff, 0x80,
    0x4f, 0xf6, 0x0, 0x0, 0x0, 0x0, 0xcf, 0xd0,

    /* U+0042 "B" */
    0x3f, 0xff, 0xff, 0xfe, 0xc6, 0x0, 0x3, 0xff,
    0xff, 0xff, 0xff, 0xfa, 0x0, 0x3f, 0xf4, 0x11,
    0x13, 0xbf, 0xf5, 0x3, 0xff, 0x30, 0x0, 0x0,
    0xef, 0x90, 0x3f, 0xf3, 0x0, 0x0, 0xc, 0xfa,
    0x3, 0xff, 0x30, 0x0, 0x0, 0xef, 0x70, 0x3f,
    0xf3, 0x0, 0x3, 0xcf, 0xd0, 0x3, 0xff, 0xff,
    0xff, 0xff, 0x80, 0x0, 0x3f, 0xfe, 0xdd, 0xdf,
    0xff, 0xa1, 0x3, 0xff, 0x30, 0x0, 0x5, 0xff,
    0xb0, 0x3f, 0xf3, 0x0, 0x0, 0x6, 0xff, 0x23,
    0xff, 0x30, 0x0, 0x0, 0x2f, 0xf4, 0x3f, 0xf3,
    0x0, 0x0, 0x5, 0xff, 0x33, 0xff, 0x41, 0x11,
    0x26, 0xef, 0xe0, 0x3f, 0xff, 0xff, 0xff, 0xff,
    0xf4, 0x3, 0xff, 0xff, 0xff, 0xfd, 0x92, 0x0,

    /* U+0043 "C" */
    0x0, 0x0, 0x5b, 0xef, 0xeb, 0x50, 0x0, 0x0,
    0x2, 0xdf, 0xff, 0xff, 0xff, 0xc1, 0x0, 0x1,
    0xef, 0xfa, 0x53, 0x5b, 0xff, 0xc0, 0x0, 0xaf,
    0xf4, 0x0, 0x0, 0x6, 0xff, 0x70, 0x2f, 0xf7,
    0x0, 0x0, 0x0, 0xb, 0xfc, 0x7, 0xff, 0x10,
    0x0, 0x0, 0x0, 0x24, 0x40, 0xaf, 0xc0, 0x0,
    0x0, 0x0, 0x0, 0x0, 0xb, 0xfa, 0x0, 0x0,
    0x0, 0x0, 0x0, 0x0, 0xbf, 0xa0, 0x0, 0x0,
    0x0, 0x0, 0x0, 0xa, 0xfc, 0x0, 0x0, 0x0,
    0x0, 0x0, 0x0, 0x7f, 0xf1, 0x0, 0x0, 0x0,
    0x2, 0x44, 0x2, 0xff, 0x70, 0x0, 0x0, 0x0,
    0xcf, 0xc0, 0xb, 0xff, 0x40, 0x0, 0x0, 0x6f,
    0xf6, 0x0, 0x1e, 0xff, 0xa5, 0x45, 0xbf, 0xfc,
    0x0, 0x0, 0x2d, 0xff, 0xff, 0xff, 0xfb, 0x10,
    0x0, 0x0, 0x6, 0xbe, 0xfe, 0xb5, 0x0, 0x0,

    /* U+0044 "D" */
    0x3f, 0xff, 0xff, 0xfd, 0xa4, 0x0, 0x0, 0x3f,
    0xff, 0xff, 0xff, 0xff, 0xc1, 0x0, 0x3f, 0xf5,
    0x22, 0x24, 0xaf, 0xfd, 0x0, 0x3f, 0xf3, 0x0,
    0x0, 0x4, 0xff, 0x90, 0x3f, 0xf3, 0x0, 0x0,
    0x0, 0x8f, 0xf1, 0x3f, 0xf3, 0x0, 0x0, 0x0,
    0x1f, 0xf5, 0x3f, 0xf3, 0x0, 0x0, 0x0, 0xd,
    0xf8, 0x3f, 0xf3, 0x0, 0x0, 0x0, 0xc, 0xf9,
    0x3f, 0xf3, 0x0, 0x0, 0x0, 0xc, 0xf9, 0x3f,
    0xf3, 0x0, 0x0, 0x0, 0xd, 0xf8, 0x3f, 0xf3,
    0x0, 0x0, 0x0, 0x1f, 0xf5, 0x3f, 0xf3, 0x0,
    0x0, 0x0, 0x8f, 0xf0, 0x3f, 0xf3, 0x0, 0x0,
    0x4, 0xff, 0x90, 0x3f, 0xf5, 0x22, 0x25, 0xaf,
    0xfd, 0x0, 0x3f, 0xff, 0xff, 0xff, 0xff, 0xb1,
    0x0, 0x3f, 0xff, 0xff, 0xfd, 0xa4, 0x0, 0x0,

    /* U+0045 "E" */
    0x3f, 0xff, 0xff, 0xff, 0xff, 0xd3, 0xff, 0xff,
    0xff, 0xff, 0xfd, 0x3f, 0xf4, 0x11, 0x11, 0x11,
    0x13, 0xff, 0x30, 0x0, 0x0, 0x0, 0x3f, 0xf3,
    0x0, 0x0, 0x0, 0x3, 0xff, 0x30, 0x0, 0x0,
    0x0, 0x3f, 0xf3, 0x0, 0x0, 0x0, 0x3, 0xff,
    0xff, 0xff, 0xff, 0xf5, 0x3f, 0xff, 0xff, 0xff,
    0xff, 0x53, 0xff, 0x41, 0x11, 0x11, 0x10, 0x3f,
    0xf3, 0x0, 0x0, 0x0, 0x3, 0xff, 0x30, 0x0,
    0x0, 0x0, 0x3f, 0xf3, 0x0, 0x0, 0x0, 0x3,
    0xff, 0x41, 0x11, 0x11, 0x11, 0x3f, 0xff, 0xff,
    0xff, 0xff, 0xe3, 0xff, 0xff, 0xff, 0xff, 0xfe,

    /* U+0046 "F" */
    0x3f, 0xff, 0xff, 0xff, 0xff, 0xb3, 0xff, 0xff,
    0xff, 0xff, 0xfb, 0x3f, 0xf4, 0x11, 0x11, 0x11,
    0x3, 0xff, 0x30, 0x0, 0x0, 0x0, 0x3f, 0xf3,
    0x0, 0x0, 0x0, 0x3, 0xff, 0x30, 0x0, 0x0,
    0x0, 0x3f, 0xf3, 0x0, 0x0, 0x0, 0x3, 0xff,
    0xff, 0xff, 0xff, 0xf0, 0x3f, 0xff, 0xff, 0xff,
    0xff, 0x3, 0xff, 0x41, 0x11, 0x11, 0x10, 0x3f,
    0xf3, 0x0, 0x0, 0x0, 0x3, 0xff, 0x30, 0x0,
    0x0, 0x0, 0x3f, 0xf3, 0x0, 0x0, 0x0, 0x3,
    0xff, 0x30, 0x0, 0x0, 0x0, 0x3f, 0xf3, 0x0,
    0x0, 0x0, 0x3, 0xff, 0x30, 0x0, 0x0, 0x0,

    /* U+0047 "G" */
    0x0, 0x0, 0x5b, 0xef, 0xea, 0x40, 0x0, 0x0,
    0x2, 0xdf, 0xff, 0xff, 0xff, 0xb0, 0x0, 0x1,
    0xef, 0xfa, 0x53, 0x5c, 0xff, 0xc0, 0x0, 0xaf,
    0xf4, 0x0, 0x0, 0x8, 0xff, 0x60, 0x2f, 0xf7,
    0x0, 0x0, 0x0, 0xd, 0xfd, 0x7, 0xff, 0x10,
    0x0, 0x0, 0x0, 0x24, 0x30, 0xaf, 0xc0, 0x0,
    0x0, 0x0, 0x0, 0x0, 0xb, 0xfa, 0x0, 0x0,
    0x0, 0x0, 0x0, 0x0, 0xbf, 0xa0, 0x0, 0x2,
    0xff, 0xff, 0xff, 0x2a, 0xfc, 0x0, 0x0, 0x2f,
    0xff, 0xff, 0xf2, 0x7f, 0xf1, 0x0, 0x0, 0x0,
    0x4, 0xff, 0x12, 0xff, 0x70, 0x0, 0x0, 0x0,
    0x8f, 0xe0, 0xb, 0xff, 0x40, 0x0, 0x0, 0x3f,
    0xf8, 0x0, 0x1e, 0xff, 0xa5, 0x35, 0x9f, 0xfd,
    0x10, 0x0, 0x2d, 0xff, 0xff, 0xff, 0xfd, 0x20,
    0x0, 0x0, 0x5, 0xbe, 0xfe, 0xb6, 0x0, 0x0,

    /* U+0048 "H" */
    0x3f, 0xf3, 0x0, 0x0, 0x0, 0xd, 0xf9, 0x3f,
    0xf3, 0x0, 0x0, 0x0, 0xd, 0xf9, 0x3f, 0xf3,
    0x0, 0x0, 0x0, 0xd, 0xf9, 0x3f, 0xf3, 0x0,
    0x0, 0x0, 0xd, 0xf9, 0x3f, 0xf3, 0x0, 0x0,
    0x0, 0xd, 0xf9, 0x3f, 0xf3, 0x0, 0x0, 0x0,
    0xd, 0xf9, 0x3f, 0xf4, 0x11, 0x11, 0x11, 0x1d,
    0xf9, 0x3f, 0xff, 0xff, 0xff, 0xff, 0xff, 0xf9,
    0x3f, 0xff, 0xff, 0xff, 0xff, 0xff, 0xf9, 0x3f,
    0xf3, 0x0, 0x0, 0x0, 0xd, 0xf9, 0x3f, 0xf3,
    0x0, 0x0, 0x0, 0xd, 0xf9, 0x3f, 0xf3, 0x0,
    0x0, 0x0, 0xd, 0xf9, 0x3f, 0xf3, 0x0, 0x0,
    0x0, 0xd, 0xf9, 0x3f, 0xf3, 0x0, 0x0, 0x0,
    0xd, 0xf9, 0x3f, 0xf3, 0x0, 0x0, 0x0, 0xd,
    0xf9, 0x3f, 0xf3, 0x0, 0x0, 0x0, 0xd, 0xf9,

    /* U+0049 "I" */
    0x3f, 0xf3, 0x3f, 0xf3, 0x3f, 0xf3, 0x3f, 0xf3,
    0x3f, 0xf3, 0x3f, 0xf3, 0x3f, 0xf3, 0x3f, 0xf3,
    0x3f, 0xf3, 0x3f, 0xf3, 0x3f, 0xf3, 0x3f, 0xf3,
    0x3f, 0xf3, 0x3f, 0xf3, 0x3f, 0xf3, 0x3f, 0xf3,

    /* U+004A "J" */
    0x0, 0x0, 0x0, 0x0, 0x9f, 0xe0, 0x0, 0x0,
    0x0, 0x9, 0xfe, 0x0, 0x0, 0x0, 0x0, 0x9f,
    0xe0, 0x0, 0x0, 0x0, 0x9, 0xfe, 0x0, 0x0,
    0x0, 0x0, 0x9f, 0xe0, 0x0, 0x0, 0x0, 0x9,
    0xfe, 0x0, 0x0, 0x0, 0x0, 0x9f, 0xe0, 0x0,
    0x0, 0x0, 0x9, 0xfe, 0x0, 0x0, 0x0, 0x0,
    0x9f, 0xe0, 0x0, 0x0, 0x0, 0x9, 0xfe, 0xb,
    0xb4, 0x0, 0x0, 0x9f, 0xe0, 0xff, 0x70, 0x0,
    0x9, 0xfd, 0xe, 0xfb, 0x0, 0x0, 0xdf, 0xb0,
    0x9f, 0xf8, 0x12, 0x9f, 0xf6, 0x1, 0xdf, 0xff,
    0xff, 0xfb, 0x0, 0x0, 0x7d, 0xff, 0xc6, 0x0,

    /* U+004B "K" */
    0x3f, 0xf3, 0x0, 0x0, 0x2, 0xef, 0xe1, 0x3f,
    0xf3, 0x0, 0x0, 0x1e, 0xfe, 0x20, 0x3f, 0xf3,
    0x0, 0x1, 0xdf, 0xf3, 0x0, 0x3f, 0xf3, 0x0,
    0xc, 0xff, 0x40, 0x0, 0x3f, 0xf3, 0x0, 0xbf,
    0xf6, 0x0, 0x0, 0x3f, 0xf3, 0x9, 0xff, 0x70,
    0x0, 0x0, 0x3f, 0xf3, 0x6f, 0xf8, 0x0, 0x0,
    0x0, 0x3f, 0xf6, 0xff, 0xf9, 0x0, 0x0, 0x0,
    0x3f, 0xff, 0xfd, 0xff, 0x40, 0x0, 0x0, 0x3f,
    0xff, 0x90, 0xdf, 0xe1, 0x0, 0x0, 0x3f, 0xfa,
    0x0, 0x3f, 0xfa, 0x0, 0x0, 0x3f, 0xf3, 0x0,
    0x7, 0xff, 0x60, 0x0, 0x3f, 0xf3, 0x0, 0x0,
    0xcf, 0xf2, 0x0, 0x3f, 0xf3, 0x0, 0x0, 0x2f,
    0xfc, 0x0, 0x3f, 0xf3, 0x0, 0x0, 0x6, 0xff,
    0x70, 0x3f, 0xf3, 0x0, 0x0, 0x0, 0xbf, 0xf3,

    /* U+004C "L" */
    0x3f, 0xf3, 0x0, 0x0, 0x0, 0x3, 0xff, 0x30,
    0x0, 0x0, 0x0, 0x3f, 0xf3, 0x0, 0x0, 0x0,
    0x3, 0xff, 0x30, 0x0, 0x0, 0x0, 0x3f, 0xf3,
    0x0, 0x0, 0x0, 0x3, 0xff, 0x30, 0x0, 0x0,
    0x0, 0x3f, 0xf3, 0x0, 0x0, 0x0, 0x3, 0xff,
    0x30, 0x0, 0x0, 0x0, 0x3f, 0xf3, 0x0, 0x0,
    0x0, 0x3, 0xff, 0x30, 0x0, 0x0, 0x0, 0x3f,
    0xf3, 0x0, 0x0, 0x0, 0x3, 0xff, 0x30, 0x0,
    0x0, 0x0, 0x3f, 0xf3, 0x0, 0x0, 0x0, 0x3,
    0xff, 0x41, 0x11, 0x11, 0x10, 0x3f, 0xff, 0xff,
    0xff, 0xff, 0x73, 0xff, 0xff, 0xff, 0xff, 0xf7,

    /* U+004D "M" */
    0x3f, 0xff, 0x90, 0x0, 0x0, 0x0, 0x8, 0xff,
    0xf5, 0x3f, 0xff, 0xe0, 0x0, 0x0, 0x0, 0xd,
    0xff, 0xf5, 0x3f, 0xff, 0xf5, 0x0, 0x0, 0x0,
    0x4f, 0xff, 0xf5, 0x3f, 0xfb, 0xfb, 0x0, 0x0,
    0x0, 0xaf, 0xaf, 0xf5, 0x3f, 0xf6, 0xff, 0x10,
    0x0, 0x0, 0xff, 0x6f, 0xf5, 0x3f, 0xf2, 0xff,
    0x70, 0x0, 0x6, 0xff, 0x2f, 0xf5, 0x3f, 0xf2,
    0xaf, 0xd0, 0x0, 0xc, 0xfa, 0x1f, 0xf5, 0x3f,
    0xf2, 0x4f, 0xf3, 0x0, 0x2f, 0xf5, 0x2f, 0xf5,
    0x3f, 0xf2, 0xe, 0xf9, 0x0, 0x8f, 0xe0, 0x2f,
    0xf5, 0x3f, 0xf2, 0x8, 0xff, 0x0, 0xdf, 0x80,
    0x2f, 0xf5, 0x3f, 0xf2, 0x2, 0xff, 0x42, 0xff,
    0x20, 0x2f, 0xf5, 0x3f, 0xf2, 0x0, 0xbf, 0x97,
    0xfc, 0x0, 0x2f, 0xf5, 0x3f, 0xf2, 0x0, 0x5f,
    0xdb, 0xf6, 0x0, 0x2f, 0xf5, 0x3f, 0xf2, 0x0,
    0xf, 0xff, 0xf1, 0x0, 0x2f, 0xf5, 0x3f, 0xf2,
    0x0, 0x9, 0xff, 0xa0, 0x0, 0x2f, 0xf5, 0x3f,
    0xf2, 0x0, 0x3, 0xff, 0x40, 0x0, 0x2f, 0xf5,

    /* U+004E "N" */
    0x3f, 0xfd, 0x0, 0x0, 0x0, 0x9, 0xfe, 0x3f,
    0xff, 0x80, 0x0, 0x0, 0x9, 0xfe, 0x3f, 0xff,
    0xf3, 0x0, 0x0, 0x9, 0xfe, 0x3f, 0xfb, 0xfc,
    0x0, 0x0, 0x9, 0xfe, 0x3f, 0xf4, 0xff, 0x70,
    0x0, 0x9, 0xfe, 0x3f, 0xf2, 0x8f, 0xf1, 0x0,
    0x9, 0xfe, 0x3f, 0xf3, 0xe, 0xfb, 0x0, 0x9,
    0xfe, 0x3f, 0xf3, 0x5, 0xff, 0x50, 0x9, 0xfe,
    0x3f, 0xf4, 0x0, 0xbf, 0xe1, 0x9, 0xfe, 0x3f,
    0xf4, 0x0, 0x2f, 0xf9, 0x9, 0xfe, 0x3f, 0xf4,
    0x0, 0x7, 0xff, 0x39, 0xfe, 0x3f, 0xf4, 0x0,
    0x0, 0xcf, 0xc8, 0xfe, 0x3f, 0xf4, 0x0, 0x0,
    0x3f, 0xfc, 0xfe, 0x3f, 0xf4, 0x0, 0x0, 0x8,
    0xff, 0xfe, 0x3f, 0xf4, 0x0, 0x0, 0x0, 0xef,
    0xfe, 0x3f, 0xf4, 0x0, 0x0, 0x0, 0x4f, 0xfe,

    /* U+004F "O" */
    0x0, 0x0, 0x5b, 0xef, 0xdb, 0x40, 0x0, 0x0,
    0x2, 0xcf, 0xff, 0xff, 0xff, 0xb1, 0x0, 0x1,
    0xef, 0xfa, 0x53, 0x5b, 0xff, 0xd0, 0x0, 0xaf,
    0xf4, 0x0, 0x0, 0x6, 0xff, 0x80, 0x2f, 0xf7,
    0x0, 0x0, 0x0, 0x9, 0xff, 0x7, 0xff, 0x10,
    0x0, 0x0, 0x0, 0x3f, 0xf5, 0xaf, 0xc0, 0x0,
    0x0, 0x0, 0x0, 0xef, 0x8b, 0xfa, 0x0, 0x0,
    0x0, 0x0, 0xd, 0xf9, 0xbf, 0xa0, 0x0, 0x0,
    0x0, 0x0, 0xdf, 0x9a, 0xfc, 0x0, 0x0, 0x0,
    0x0, 0xe, 0xf8, 0x7f, 0xf1, 0x0, 0x0, 0x0,
    0x3, 0xff, 0x52, 0xff, 0x70, 0x0, 0x0, 0x0,
    0x9f, 0xf0, 0xa, 0xff, 0x40, 0x0, 0x0, 0x6f,
    0xf8, 0x0, 0x1e, 0xff, 0xa5, 0x45, 0xbf, 0xfd,
    0x0, 0x0, 0x2d, 0xff, 0xff, 0xff, 0xfb, 0x10,
    0x0, 0x0, 0x5, 0xbe, 0xfd, 0xb5, 0x0, 0x0,

    /* U+0050 "P" */
    0x3f, 0xff, 0xff, 0xfe, 0xb5, 0x0, 0x3, 0xff,
    0xff, 0xff, 0xff, 0xfa, 0x0, 0x3f, 0xf4, 0x11,
    0x14, 0xbf, 0xf6, 0x3, 0xff, 0x30, 0x0, 0x0,
    0xdf, 0xd0, 0x3f, 0xf3, 0x0, 0x0, 0x8, 0xff,
    0x3, 0xff, 0x30, 0x0, 0x0, 0x8f, 0xf0, 0x3f,
    0xf3, 0x0, 0x0, 0xc, 0xfd, 0x3, 0xff, 0x30,
    0x0, 0x2a, 0xff, 0x60, 0x3f, 0xff, 0xff, 0xff,
    0xff, 0xa0, 0x3, 0xff, 0xff, 0xff, 0xfc, 0x60,
    0x0, 0x3f, 0xf4, 0x0, 0x0, 0x0, 0x0, 0x3,
    0xff, 0x30, 0x0, 0x0, 0x0, 0x0, 0x3f, 0xf3,
    0x0, 0x0, 0x0, 0x0, 0x3, 0xff, 0x30, 0x0,
    0x0, 0x0, 0x0, 0x3f, 0xf3, 0x0, 0x0, 0x0,
    0x0, 0x3, 0xff, 0x30, 0x0, 0x0, 0x0, 0x0,

    /* U+0051 "Q" */
    0x0, 0x0, 0x5b, 0xef, 0xdb, 0x40, 0x0, 0x0,
    0x2, 0xcf, 0xff, 0xff, 0xff, 0xb1, 0x0, 0x1,
    0xef, 0xfa, 0x53, 0x5b, 0xff, 0xd0, 0x0, 0xaf,
    0xf4, 0x0, 0x0, 0x6, 0xff, 0x80, 0x2f, 0xf7,
    0x0, 0x0, 0x0, 0x9, 0xff, 0x7, 0xff, 0x10,
    0x0, 0x0, 0x0, 0x3f, 0xf5, 0xaf, 0xc0, 0x0,
    0x0, 0x0, 0x0, 0xef, 0x8b, 0xfa, 0x0, 0x0,
    0x0, 0x0, 0xd, 0xf9, 0xbf, 0xa0, 0x0, 0x0,
    0x0, 0x0, 0xdf, 0x9a, 0xfc, 0x0, 0x0, 0x0,
    0x0, 0xe, 0xf8, 0x7f, 0xf1, 0x0, 0x4, 0x40,
    0x2, 0xff, 0x52, 0xff, 0x70, 0x0, 0xbf, 0x90,
    0x9f, 0xf0, 0xa, 0xff, 0x40, 0x1, 0xef, 0xaf,
    0xf8, 0x0, 0x1e, 0xff, 0xa5, 0x48, 0xff, 0xfc,
    0x0, 0x0, 0x2d, 0xff, 0xff, 0xff, 0xff, 0x30,
    0x0, 0x0, 0x5, 0xbe, 0xfe, 0xab, 0xfc, 0x0,
    0x0, 0x0, 0x0, 0x0, 0x0, 0xb, 0xfa, 0x0,

    /* U+0052 "R" */
    0x3f, 0xff, 0xff, 0xfe, 0xb5, 0x0, 0x3, 0xff,
    0xff, 0xff, 0xff, 0xfa, 0x0, 0x3f, 0xf4, 0x11,
    0x13, 0xbf, 0xf6, 0x3, 0xff, 0x30, 0x0, 0x0,
    0xdf, 0xd0, 0x3f, 0xf3, 0x0, 0x0, 0x8, 0xff,
    0x3, 0xff, 0x30, 0x0, 0x0, 0x7f, 0xf0, 0x3f,
    0xf3, 0x0, 0x0, 0xc, 0xfd, 0x3, 0xff, 0x30,
    0x0, 0x29, 0xff, 0x70, 0x3f, 0xff, 0xff, 0xff,
    0xff, 0xc0, 0x3, 0xff, 0xff, 0xff, 0xff, 0x80,
    0x0, 0x3f, 0xf4, 0x11, 0x3f, 0xf9, 0x0, 0x3,
    0xff, 0x30, 0x0, 0x9f, 0xf2, 0x0, 0x3f, 0xf3,
    0x0, 0x1, 0xff, 0xb0, 0x3, 0xff, 0x30, 0x0,
    0x7, 0xff, 0x40, 0x3f, 0xf3, 0x0, 0x0, 0xe,
    0xfc, 0x3, 0xff, 0x30, 0x0, 0x0, 0x6f, 0xf6,

    /* U+0053 "S" */
    0x0, 0x7, 0xce, 0xfe, 0xa3, 0x0, 0x0, 0x2e,
    0xff, 0xff, 0xff, 0xf8, 0x0, 0xd, 0xff, 0x73,
    0x24, 0xcf, 0xf4, 0x4, 0xff, 0x40, 0x0, 0x0,
    0xdf, 0xb0, 0x6f, 0xf1, 0x0, 0x0, 0x3, 0x54,
    0x4, 0xff, 0x80, 0x0, 0x0, 0x0, 0x0, 0xc,
    0xff, 0xc6, 0x20, 0x0, 0x0, 0x0, 0x9, 0xff,
    0xff, 0xe9, 0x20, 0x0, 0x0, 0x1, 0x7c, 0xff,
    0xff, 0x80, 0x0, 0x0, 0x0, 0x0, 0x5c, 0xff,
    0x80, 0x0, 0x0, 0x0, 0x0, 0xa, 0xfe, 0x7,
    0x96, 0x0, 0x0, 0x0, 0x6f, 0xf0, 0xaf, 0xe1,
    0x0, 0x0, 0xb, 0xfe, 0x3, 0xff, 0xd6, 0x32,
    0x5c, 0xff, 0x80, 0x6, 0xff, 0xff, 0xff, 0xff,
    0xa0, 0x0, 0x2, 0x9d, 0xff, 0xea, 0x40, 0x0,

    /* U+0054 "T" */
    0xf, 0xff, 0xff, 0xff, 0xff, 0xff, 0xf6, 0xf,
    0xff, 0xff, 0xff, 0xff, 0xff, 0xf6, 0x1, 0x11,
    0x11, 0xff, 0x71, 0x11, 0x10, 0x0, 0x0, 0x0,
    0xff, 0x60, 0x0, 0x0, 0x0, 0x0, 0x0, 0xff,
    0x60, 0x0, 0x0, 0x0, 0x0, 0x0, 0xff, 0x60,
    0x0, 0x0, 0x0, 0x0, 0x0, 0xff, 0x60, 0x0,
    0x0, 0x0, 0x0, 0x0, 0xff, 0x60, 0x0, 0x0,
    0x0, 0x0, 0x0, 0xff, 0x60, 0x0, 0x0, 0x0,
    0x0, 0x0, 0xff, 0x60, 0x0, 0x0, 0x0, 0x0,
    0x0, 0xff, 0x60, 0x0, 0x0, 0x0, 0x0, 0x0,
    0xff, 0x60, 0x0, 0x0, 0x0, 0x0, 0x0, 0xff,
    0x60, 0x0, 0x0, 0x0, 0x0, 0x0, 0xff, 0x60,
    0x0, 0x0, 0x0, 0x0, 0x0, 0xff, 0x60, 0x0,
    0x0, 0x0, 0x0, 0x0, 0xff, 0x60, 0x0, 0x0,

    /* U+0055 "U" */
    0x3f, 0xf3, 0x0, 0x0, 0x0, 0xf, 0xf8, 0x3f,
    0xf3, 0x0, 0x0, 0x0, 0xf, 0xf8, 0x3f, 0xf3,
    0x0, 0x0, 0x0, 0xf, 0xf8, 0x3f, 0xf3, 0x0,
    0x0, 0x0, 0xf, 0xf8, 0x3f, 0xf3, 0x0, 0x0,
    0x0, 0xf, 0xf8, 0x3f, 0xf3, 0x0, 0x0, 0x0,
    0xf, 0xf8, 0x3f, 0xf3, 0x0, 0x0, 0x0, 0xf,
    0xf8, 0x3f, 0xf3, 0x0, 0x0, 0x0, 0xf, 0xf8,
    0x3f, 0xf3, 0x0, 0x0, 0x0, 0xf, 0xf8, 0x3f,
    0xf3, 0x0, 0x0, 0x0, 0xf, 0xf8, 0x3f, 0xf4,
    0x0, 0x0, 0x0, 0xf, 0xf7, 0x1f, 0xf7, 0x0,
    0x0, 0x0, 0x3f, 0xf5, 0xc, 0xfe, 0x20, 0x0,
    0x0, 0xcf, 0xf1, 0x3, 0xff, 0xe7, 0x43, 0x6d,
    0xff, 0x80, 0x0, 0x5f, 0xff, 0xff, 0xff, 0xf9,
    0x0, 0x0, 0x2, 0x8d, 0xff, 0xda, 0x30, 0x0,

    /* U+0056 "V" */
    0x4f, 0xf5, 0x0, 0x0, 0x0, 0x0, 0xcf, 0xd0,
    0xe, 0xfb, 0x0, 0x0, 0x0, 0x1, 0xff, 0x80,
    0x8, 0xff, 0x10, 0x0, 0x0, 0x7, 0xff, 0x20,
    0x3, 0xff, 0x60, 0x0, 0x0, 0xc, 0xfc, 0x0,
    0x0, 0xdf, 0xc0, 0x0, 0x0, 0x2f, 0xf6, 0x0,
    0x0, 0x7f, 0xf1, 0x0, 0x0, 0x7f, 0xf1, 0x0,
    0x0, 0x1f, 0xf7, 0x0, 0x0, 0xdf, 0xb0, 0x0,
    0x0, 0xb, 0xfd, 0x0, 0x2, 0xff, 0x50, 0x0,
    0x0, 0x6, 0xff, 0x20, 0x7, 0xff, 0x0, 0x0,
    0x0, 0x0, 0xff, 0x80, 0xd, 0xfa, 0x0, 0x0,
    0x0, 0x0, 0xaf, 0xc0, 0x1f, 0xf4, 0x0, 0x0,
    0x0, 0x0, 0x4f, 0xf1, 0x6f, 0xe0, 0x0, 0x0,
    0x0, 0x0, 0xe, 0xf6, 0xbf, 0x90, 0x0, 0x0,
    0x0, 0x0, 0x9, 0xfb, 0xff, 0x30, 0x0, 0x0,
    0x0, 0x0, 0x3, 0xff, 0xfd, 0x0, 0x0, 0x0,
    0x0, 0x0, 0x0, 0xdf, 0xf8, 0x0, 0x0, 0x0,

    /* U+0057 "W" */
    0x5f, 0xf3, 0x0, 0x0, 0x7, 0xff, 0x80, 0x0,
    0x0, 0x3f, 0xf6, 0xf, 0xf8, 0x0, 0x0, 0xb,
    0xff, 0xc0, 0x0, 0x0, 0x7f, 0xf1, 0xc, 0xfc,
    0x0, 0x0, 0xf, 0xff, 0xf0, 0x0, 0x0, 0xbf,
    0xd0, 0x8, 0xff, 0x0, 0x0, 0x3f, 0xed, 0xf4,
    0x0, 0x0, 0xff, 0x80, 0x3, 0xff, 0x40, 0x0,
    0x7f, 0xba, 0xf8, 0x0, 0x3, 0xff, 0x40, 0x0,
    0xff, 0x80, 0x0, 0xbf, 0x77, 0xfc, 0x0, 0x7,
    0xff, 0x0, 0x0, 0xbf, 0xc0, 0x0, 0xff, 0x43,
    0xff, 0x0, 0xb, 0xfb, 0x0, 0x0, 0x6f, 0xf0,
    0x4, 0xff, 0x0, 0xff, 0x40, 0xf, 0xf7, 0x0,
    0x0, 0x2f, 0xf4, 0x8, 0xfb, 0x0, 0xbf, 0x90,
    0x3f, 0xf3, 0x0, 0x0, 0xe, 0xf8, 0xc, 0xf7,
    0x0, 0x6f, 0xc0, 0x7f, 0xe0, 0x0, 0x0, 0x9,
    0xfb, 0xf, 0xf3, 0x0, 0x2f, 0xf0, 0xbf, 0xa0,
    0x0, 0x0, 0x5, 0xfe, 0x3f, 0xe0, 0x0, 0xe,
    0xf4, 0xef, 0x60, 0x0, 0x0, 0x1, 0xff, 0x8f,
    0xa0, 0x0, 0x9, 0xf9, 0xff, 0x10, 0x0, 0x0,
    0x0, 0xcf, 0xef, 0x60, 0x0, 0x5, 0xfe, 0xfd,
    0x0, 0x0, 0x0, 0x0, 0x8f, 0xff, 0x10, 0x0,
    0x1, 0xff, 0xf9, 0x0, 0x0, 0x0, 0x0, 0x3f,
    0xfd, 0x0, 0x0, 0x0, 0xcf, 0xf4, 0x0, 0x0,

    /* U+0058 "X" */
    0xa, 0xff, 0x30, 0x0, 0x0, 0xa, 0xff, 0x20,
    0x1e, 0xfd, 0x0, 0x0, 0x5, 0xff, 0x70, 0x0,
    0x4f, 0xf8, 0x0, 0x1, 0xef, 0xb0, 0x0, 0x0,
    0x9f, 0xf3, 0x0, 0xbf, 0xf1, 0x0, 0x0, 0x0,
    0xef, 0xc0, 0x5f, 0xf6, 0x0, 0x0, 0x0, 0x4,
    0xff, 0x6d, 0xfb, 0x0, 0x0, 0x0, 0x0, 0x9,
    0xff, 0xfe, 0x10, 0x0, 0x0, 0x0, 0x0, 0xd,
    0xff, 0x50, 0x0, 0x0, 0x0, 0x0, 0x2, 0xff,
    0xfa, 0x0, 0x0, 0x0, 0x0, 0x0, 0xdf, 0xdf,
    0xf5, 0x0, 0x0, 0x0, 0x0, 0x8f, 0xf2, 0xbf,
    0xf1, 0x0, 0x0, 0x0, 0x4f, 0xf8, 0x2, 0xff,
    0xb0, 0x0, 0x0, 0x1e, 0xfc, 0x0, 0x6, 0xff,
    0x60, 0x0, 0xa, 0xff, 0x20, 0x0, 0xb, 0xff,
    0x20, 0x5, 0xff, 0x70, 0x0, 0x0, 0x1f, 0xfc,
    0x1, 0xff, 0xb0, 0x0, 0x0, 0x0, 0x5f, 0xf7,

    /* U+0059 "Y" */
    0x2f, 0xfb, 0x0, 0x0, 0x0, 0x5, 0xff, 0x70,
    0x8f, 0xf4, 0x0, 0x0, 0x0, 0xef, 0xd0, 0x0,
    0xef, 0xd0, 0x0, 0x0, 0x8f, 0xf3, 0x0, 0x4,
    0xff, 0x70, 0x0, 0x2f, 0xfa, 0x0, 0x0, 0xb,
    0xff, 0x10, 0xb, 0xfe, 0x10, 0x0, 0x0, 0x1f,
    0xfa, 0x4, 0xff, 0x60, 0x0, 0x0, 0x0, 0x7f,
    0xf2, 0xcf, 0xc0, 0x0, 0x0, 0x0, 0x0, 0xdf,
    0xdf, 0xf3, 0x0, 0x0, 0x0, 0x0, 0x3, 0xff,
    0xf9, 0x0, 0x0, 0x0, 0x0, 0x0, 0xa, 0xff,
    0x0, 0x0, 0x0, 0x0, 0x0, 0x0, 0x8f, 0xe0,
    0x0, 0x0, 0x0, 0x0, 0x0, 0x8, 0xfe, 0x0,
    0x0, 0x0, 0x0, 0x0, 0x0, 0x8f, 0xe0, 0x0,
    0x0, 0x0, 0x0, 0x0, 0x8, 0xfe, 0x0, 0x0,
    0x0, 0x0, 0x0, 0x0, 0x8f, 0xe0, 0x0, 0x0,
    0x0, 0x0, 0x0, 0x8, 0xfe, 0x0, 0x0, 0x0,

    /* U+005A "Z" */
    0xbf, 0xff, 0xff, 0xff, 0xff, 0xfc, 0xbf, 0xff,
    0xff, 0xff, 0xff, 0xfb, 0x0, 0x0, 0x0, 0x0,
    0x7f, 0xf2, 0x0, 0x0, 0x0, 0x3, 0xff, 0x70,
    0x0, 0x0, 0x0, 0xd, 0xfc, 0x0, 0x0, 0x0,
    0x0, 0x9f, 0xf2, 0x0, 0x0, 0x0, 0x4, 0xff,
    0x60, 0x0, 0x0, 0x0, 0xe, 0xfb, 0x0, 0x0,
    0x0, 0x0, 0xaf, 0xf1, 0x0, 0x0, 0x0, 0x5,
    0xff, 0x50, 0x0, 0x0, 0x0, 0x1e, 0xfb, 0x0,
    0x0, 0x0, 0x0, 0xaf, 0xe1, 0x0, 0x0, 0x0,
    0x5, 0xff, 0x40, 0x0, 0x0, 0x0, 0x1e, 0xf8,
    0x0, 0x0, 0x0, 0x0, 0x9f, 0xff, 0xff, 0xff,
    0xff, 0xfd, 0xaf, 0xff, 0xff, 0xff, 0xff, 0xfd,

    /* U+005B "[" */
    0xae, 0xee, 0xcb, 0xff, 0xfd, 0xbf, 0x80, 0xb,
    0xf8, 0x0, 0xbf, 0x80, 0xb, 0xf8, 0x0, 0xbf,
    0x80, 0xb, 0xf8, 0x0, 0xbf, 0x80, 0xb, 0xf8,
    0x0, 0xbf, 0x80, 0xb, 0xf8, 0x0, 0xbf, 0x80,
    0xb, 0xf8, 0x0, 0xbf, 0x80, 0xb, 0xf8, 0x0,
    0xbf, 0x80, 0xb, 0xf8, 0x0, 0xbf, 0xfe, 0xcb,
    0xff, 0xfd,

    /* U+005C "\\" */
    0x6f, 0xa0, 0x0, 0x0, 0x2f, 0xf0, 0x0, 0x0,
    0xe, 0xf3, 0x0, 0x0, 0x9, 0xf7, 0x0, 0x0,
    0x5, 0xfc, 0x0, 0x0, 0x1, 0xff, 0x0, 0x0,
    0x0, 0xcf, 0x40, 0x0, 0x0, 0x8f, 0x90, 0x0,
    0x0, 0x4f, 0xd0, 0x0, 0x0, 0xf, 0xf1, 0x0,
    0x0, 0xb, 0xf6, 0x0, 0x0, 0x7, 0xfa, 0x0,
    0x0, 0x2, 0xfe, 0x0, 0x0, 0x0, 0xef, 0x30,
    0x0, 0x0, 0xaf, 0x70, 0x0, 0x0, 0x5f, 0xc0,
    0x0, 0x0, 0x1f, 0xf0, 0x0, 0x0, 0xd, 0xf4,
    0x0, 0x0, 0x8, 0xf9,

    /* U+005D "]" */
    0xae, 0xee, 0xcc, 0xff, 0xfd, 0x0, 0x6f, 0xd0,
    0x6, 0xfd, 0x0, 0x6f, 0xd0, 0x6, 0xfd, 0x0,
    0x6f, 0xd0, 0x6, 0xfd, 0x0, 0x6f, 0xd0, 0x6,
    0xfd, 0x0, 0x6f, 0xd0, 0x6, 0xfd, 0x0, 0x6f,
    0xd0, 0x6, 0xfd, 0x0, 0x6f, 0xd0, 0x6, 0xfd,
    0x0, 0x6f, 0xd0, 0x6, 0xfd, 0xae, 0xef, 0xdc,
    0xff, 0xfd,

    /* U+005E "^" */
    0x0, 0x0, 0x78, 0x40, 0x0, 0x0, 0x6, 0xff,
    0xd0, 0x0, 0x0, 0xe, 0xfa, 0xf6, 0x0, 0x0,
    0x6f, 0x92, 0xfd, 0x0, 0x0, 0xef, 0x20, 0xaf,
    0x60, 0x6, 0xfa, 0x0, 0x2f, 0xd0, 0xe, 0xf2,
    0x0, 0xb, 0xf6,

    /* U+005F "_" */
    0xff, 0xff, 0xff, 0xff, 0xff, 0x3f, 0xff, 0xff,
    0xff, 0xff, 0xf3,

    /* U+0060 "`" */
    0x2, 0x20, 0x0, 0xdf, 0x60, 0x3, 0xfd, 0x0,
    0x9, 0xf5,

    /* U+0061 "a" */
    0x0, 0x6, 0xcf, 0xfd, 0x91, 0x0, 0xc, 0xff,
    0xfe, 0xff, 0xe2, 0x8, 0xff, 0x50, 0x2, 0xef,
    0x90, 0x3, 0x40, 0x0, 0x8, 0xfd, 0x0, 0x0,
    0x0, 0x13, 0xcf, 0xe0, 0x2, 0x8c, 0xff, 0xff,
    0xfe, 0x6, 0xff, 0xfb, 0x96, 0x9f, 0xe0, 0xef,
    0xa0, 0x0, 0x7, 0xfe, 0x1f, 0xf4, 0x0, 0x0,
    0xbf, 0xe0, 0xef, 0xa0, 0x0, 0x8f, 0xfe, 0x7,
    0xff, 0xfe, 0xff, 0xaf, 0xe0, 0x5, 0xcf, 0xfb,
    0x36, 0xfe,

    /* U+0062 "b" */
    0x6f, 0xf0, 0x0, 0x0, 0x0, 0x0, 0x6f, 0xf0,
    0x0, 0x0, 0x0, 0x0, 0x6f, 0xf0, 0x0, 0x0,
    0x0, 0x0, 0x6f, 0xf0, 0x0, 0x0, 0x0, 0x0,
    0x6f, 0xf0, 0x7d, 0xfe, 0x91, 0x0, 0x6f, 0xf8,
    0xff, 0xff, 0xfe, 0x20, 0x6f, 0xff, 0x60, 0x6,
    0xff, 0xb0, 0x6f, 0xf8, 0x0, 0x0, 0x7f, 0xf2,
    0x6f, 0xf1, 0x0, 0x0, 0xf, 0xf6, 0x6f, 0xf0,
    0x0, 0x0, 0xe, 0xf8, 0x6f, 0xf0, 0x0, 0x0,
    0xe, 0xf8, 0x6f, 0xf1, 0x0, 0x0, 0x1f, 0xf6,
    0x6f, 0xf8, 0x0, 0x0, 0x7f, 0xf2, 0x6f, 0xff,
    0x60, 0x6, 0xff, 0xb0, 0x6f, 0xe8, 0xff, 0xff,
    0xfe, 0x20, 0x6f, 0xe0, 0x7d, 0xfe, 0x91, 0x0,

    /* U+0063 "c" */
    0x0, 0x29, 0xdf, 0xeb, 0x30, 0x0, 0x4f, 0xff,
    0xff, 0xff, 0x70, 0x1e, 0xfc, 0x30, 0x1a, 0xff,
    0x38, 0xff, 0x10, 0x0, 0xb, 0xb4, 0xcf, 0xa0,
    0x0, 0x0, 0x0, 0xe, 0xf7, 0x0, 0x0, 0x0,
    0x0, 0xef, 0x70, 0x0, 0x0, 0x0, 0xc, 0xfa,
    0x0, 0x0, 0x0, 0x0, 0x8f, 0xf1, 0x0, 0x0,
    0xcd, 0x51, 0xef, 0xd3, 0x1, 0x9f, 0xf3, 0x4,
    0xff, 0xff, 0xff, 0xf7, 0x0, 0x2, 0x9d, 0xfe,
    0xb3, 0x0,

    /* U+0064 "d" */
    0x0, 0x0, 0x0, 0x0, 0x5f, 0xf0, 0x0, 0x0,
    0x0, 0x0, 0x5f, 0xf0, 0x0, 0x0, 0x0, 0x0,
    0x5f, 0xf0, 0x0, 0x0, 0x0, 0x0, 0x5f, 0xf0,
    0x0, 0x4b, 0xef, 0xb3, 0x5f, 0xf0, 0x6, 0xff,
    0xff, 0xff, 0x8f, 0xf0, 0x2f, 0xfc, 0x30, 0x2a,
    0xff, 0xf0, 0x9f, 0xf1, 0x0, 0x0, 0xef, 0xf0,
    0xdf, 0xa0, 0x0, 0x0, 0x8f, 0xf0, 0xef, 0x70,
    0x0, 0x0, 0x5f, 0xf0, 0xef, 0x70, 0x0, 0x0,
    0x6f, 0xf0, 0xdf, 0xa0, 0x0, 0x0, 0x8f, 0xf0,
    0x9f, 0xf1, 0x0, 0x0, 0xef, 0xf0, 0x2f, 0xfc,
    0x30, 0x2b, 0xff, 0xf0, 0x6, 0xff, 0xff, 0xff,
    0x6f, 0xf0, 0x0, 0x4b, 0xef, 0xb3, 0x4f, 0xf0,

    /* U+0065 "e" */
    0x0, 0x29, 0xdf, 0xea, 0x30, 0x0, 0x4f, 0xff,
    0xff, 0xff, 0x50, 0x1e, 0xfb, 0x20, 0x1a, 0xff,
    0x28, 0xfd, 0x0, 0x0, 0xd, 0xf8, 0xcf, 0x80,
    0x0, 0x0, 0x8f, 0xce, 0xff, 0xff, 0xff, 0xff,
    0xfe, 0xef, 0xdb, 0xbb, 0xbb, 0xbb, 0xac, 0xf8,
    0x0, 0x0, 0x0, 0x0, 0x8f, 0xd0, 0x0, 0x0,
    0x44, 0x11, 0xff, 0xb2, 0x0, 0x6f, 0xf7, 0x4,
    0xff, 0xff, 0xff, 0xfb, 0x0, 0x2, 0x9d, 0xfe,
    0xc6, 0x0,

    /* U+0066 "f" */
    0x0, 0x0, 0x37, 0x75, 0x0, 0x0, 0x9f, 0xff,
    0xd0, 0x0, 0x4f, 0xfc, 0x96, 0x0, 0x7, 0xff,
    0x0, 0x0, 0x0, 0x8f, 0xd0, 0x0, 0xc, 0xff,
    0xff, 0xff, 0x80, 0xbe, 0xff, 0xfe, 0xe7, 0x0,
    0x8, 0xfd, 0x0, 0x0, 0x0, 0x8f, 0xd0, 0x0,
    0x0, 0x8, 0xfd, 0x0, 0x0, 0x0, 0x8f, 0xd0,
    0x0, 0x0, 0x8, 0xfd, 0x0, 0x0, 0x0, 0x8f,
    0xd0, 0x0, 0x0, 0x8, 0xfd, 0x0, 0x0, 0x0,
    0x8f, 0xd0, 0x0, 0x0, 0x8, 0xfd, 0x0, 0x0,
    0x0, 0x8f, 0xd0, 0x0, 0x0,

    /* U+0067 "g" */
    0x0, 0x3b, 0xef, 0xc3, 0x4f, 0xf0, 0x5, 0xff,
    0xff, 0xff, 0x7f, 0xf0, 0x2f, 0xfd, 0x30, 0x2b,
    0xff, 0xf0, 0x8f, 0xf1, 0x0, 0x0, 0xef, 0xf0,
    0xcf, 0xa0, 0x0, 0x0, 0x8f, 0xf0, 0xef, 0x70,
    0x0, 0x0, 0x5f, 0xf0, 0xef, 0x80, 0x0, 0x0,
    0x5f, 0xf0, 0xdf, 0xa0, 0x0, 0x0, 0x7f, 0xf0,
    0x9f, 0xf1, 0x0, 0x0, 0xdf, 0xf0, 0x3f, 0xfb,
    0x20, 0x19, 0xff, 0xf0, 0x7, 0xff, 0xff, 0xff,
    0x8f, 0xf0, 0x0, 0x4b, 0xef, 0xc3, 0x5f, 0xf0,
    0x0, 0x0, 0x0, 0x0, 0x7f, 0xe0, 0x2b, 0xd4,
    0x0, 0x4, 0xef, 0x90, 0xb, 0xff, 0xfe, 0xff,
    0xfd, 0x10, 0x0, 0x6b, 0xef, 0xec, 0x70, 0x0,

    /* U+0068 "h" */
    0x6f, 0xf0, 0x0, 0x0, 0x0, 0x6, 0xff, 0x0,
    0x0, 0x0, 0x0, 0x6f, 0xf0, 0x0, 0x0, 0x0,
    0x6, 0xff, 0x0, 0x0, 0x0, 0x0, 0x6f, 0xf0,
    0x7d, 0xfe, 0x90, 0x6, 0xff, 0x8f, 0xff, 0xff,
    0xc0, 0x6f, 0xfe, 0x51, 0x2b, 0xff, 0x56, 0xff,
    0x50, 0x0, 0xe, 0xf9, 0x6f, 0xf0, 0x0, 0x0,
    0xcf, 0xa6, 0xff, 0x0, 0x0, 0xb, 0xfa, 0x6f,
    0xf0, 0x0, 0x0, 0xbf, 0xa6, 0xff, 0x0, 0x0,
    0xb, 0xfa, 0x6f, 0xf0, 0x0, 0x0, 0xbf, 0xa6,
    0xff, 0x0, 0x0, 0xb, 0xfa, 0x6f, 0xf0, 0x0,
    0x0, 0xbf, 0xa6, 0xff, 0x0, 0x0, 0xb, 0xfa,

    /* U+0069 "i" */
    0x6, 0x40, 0x9f, 0xf2, 0x7f, 0xf1, 0x3, 0x10,
    0x0, 0x0, 0x6f, 0xf0, 0x6f, 0xf0, 0x6f, 0xf0,
    0x6f, 0xf0, 0x6f, 0xf0, 0x6f, 0xf0, 0x6f, 0xf0,
    0x6f, 0xf0, 0x6f, 0xf0, 0x6f, 0xf0, 0x6f, 0xf0,
    0x6f, 0xf0,

    /* U+006A "j" */
    0x0, 0x6, 0x40, 0x0, 0x9f, 0xf2, 0x0, 0x7f,
    0xf1, 0x0, 0x3, 0x10, 0x0, 0x0, 0x0, 0x0,
    0x6f, 0xf0, 0x0, 0x6f, 0xf0, 0x0, 0x6f, 0xf0,
    0x0, 0x6f, 0xf0, 0x0, 0x6f, 0xf0, 0x0, 0x6f,
    0xf0, 0x0, 0x6f, 0xf0, 0x0, 0x6f, 0xf0, 0x0,
    0x6f, 0xf0, 0x0, 0x6f, 0xf0, 0x0, 0x6f, 0xf0,
    0x0, 0x6f, 0xf0, 0x0, 0x7f, 0xe0, 0x1, 0xcf,
    0xc0, 0x5f, 0xff, 0x50, 0x5f, 0xc5, 0x0,

    /* U+006B "k" */
    0x6f, 0xf0, 0x0, 0x0, 0x0, 0x0, 0x6f, 0xf0,
    0x0, 0x0, 0x0, 0x0, 0x6f, 0xf0, 0x0, 0x0,
    0x0, 0x0, 0x6f, 0xf0, 0x0, 0x0, 0x0, 0x0,
    0x6f, 0xf0, 0x0, 0x8, 0xff, 0x40, 0x6f, 0xf0,
    0x0, 0x7f, 0xf5, 0x0, 0x6f, 0xf0, 0x6, 0xff,
    0x60, 0x0, 0x6f, 0xf0, 0x5f, 0xf7, 0x0, 0x0,
    0x6f, 0xf4, 0xff, 0x80, 0x0, 0x0, 0x6f, 0xff,
    0xff, 0x20, 0x0, 0x0, 0x6f, 0xff, 0xef, 0xd0,
    0x0, 0x0, 0x6f, 0xf4, 0x3f, 0xfa, 0x0, 0x0,
    0x6f, 0xf0, 0x7, 0xff, 0x60, 0x0, 0x6f, 0xf0,
    0x0, 0xbf, 0xf3, 0x0, 0x6f, 0xf0, 0x0, 0x1e,
    0xfd, 0x10, 0x6f, 0xf0, 0x0, 0x3, 0xff, 0xb0,

    /* U+006C "l" */
    0x6f, 0xf6, 0xff, 0x6f, 0xf6, 0xff, 0x6f, 0xf6,
    0xff, 0x6f, 0xf6, 0xff, 0x6f, 0xf6, 0xff, 0x6f,
    0xf6, 0xff, 0x6f, 0xf6, 0xff, 0x6f, 0xf6, 0xff,

    /* U+006D "m" */
    0x6f, 0xd0, 0x8e, 0xfb, 0x20, 0x2a, 0xef, 0xb3,
    0x6, 0xfd, 0xaf, 0xef, 0xfe, 0x3f, 0xfe, 0xff,
    0xf3, 0x6f, 0xfb, 0x10, 0x2e, 0xff, 0xa0, 0x2,
    0xef, 0xb6, 0xff, 0x20, 0x0, 0x7f, 0xf1, 0x0,
    0x8, 0xfe, 0x6f, 0xf0, 0x0, 0x6, 0xff, 0x0,
    0x0, 0x6f, 0xf6, 0xff, 0x0, 0x0, 0x6f, 0xf0,
    0x0, 0x6, 0xff, 0x6f, 0xf0, 0x0, 0x6, 0xff,
    0x0, 0x0, 0x6f, 0xf6, 0xff, 0x0, 0x0, 0x6f,
    0xf0, 0x0, 0x6, 0xff, 0x6f, 0xf0, 0x0, 0x6,
    0xff, 0x0, 0x0, 0x6f, 0xf6, 0xff, 0x0, 0x0,
    0x6f, 0xf0, 0x0, 0x6, 0xff, 0x6f, 0xf0, 0x0,
    0x6, 0xff, 0x0, 0x0, 0x6f, 0xf6, 0xff, 0x0,
    0x0, 0x6f, 0xf0, 0x0, 0x6, 0xff,

    /* U+006E "n" */
    0x6f, 0xd0, 0x7d, 0xfe, 0x90, 0x6, 0xfd, 0x9f,
    0xff, 0xff, 0xc0, 0x6f, 0xfd, 0x30, 0x9, 0xff,
    0x56, 0xff, 0x40, 0x0, 0xe, 0xf8, 0x6f, 0xf0,
    0x0, 0x0, 0xcf, 0xa6, 0xff, 0x0, 0x0, 0xb,
    0xfa, 0x6f, 0xf0, 0x0, 0x0, 0xbf, 0xa6, 0xff,
    0x0, 0x0, 0xb, 0xfa, 0x6f, 0xf0, 0x0, 0x0,
    0xbf, 0xa6, 0xff, 0x0, 0x0, 0xb, 0xfa, 0x6f,
    0xf0, 0x0, 0x0, 0xbf, 0xa6, 0xff, 0x0, 0x0,
    0xb, 0xfa,

    /* U+006F "o" */
    0x0, 0x29, 0xdf, 0xeb, 0x40, 0x0, 0x4, 0xff,
    0xff, 0xff, 0xf8, 0x0, 0x1e, 0xfd, 0x30, 0x1a,
    0xff, 0x40, 0x8f, 0xf1, 0x0, 0x0, 0xcf, 0xc0,
    0xcf, 0xa0, 0x0, 0x0, 0x5f, 0xf1, 0xef, 0x70,
    0x0, 0x0, 0x3f, 0xf3, 0xef, 0x70, 0x0, 0x0,
    0x2f, 0xf3, 0xcf, 0xa0, 0x0, 0x0, 0x5f, 0xf1,
    0x8f, 0xf1, 0x0, 0x0, 0xcf, 0xc0, 0x1e, 0xfd,
    0x30, 0x2a, 0xff, 0x40, 0x4, 0xff, 0xff, 0xff,
    0xf7, 0x0, 0x0, 0x29, 0xdf, 0xeb, 0x40, 0x0,

    /* U+0070 "p" */
    0x6f, 0xe0, 0x7e, 0xfe, 0x91, 0x0, 0x6f, 0xe9,
    0xfe, 0xef, 0xfe, 0x20, 0x6f, 0xfe, 0x40, 0x4,
    0xef, 0xb0, 0x6f, 0xf7, 0x0, 0x0, 0x6f, 0xf2,
    0x6f, 0xf1, 0x0, 0x0, 0xf, 0xf6, 0x6f, 0xf0,
    0x0, 0x0, 0xe, 0xf8, 0x6f, 0xf0, 0x0, 0x0,
    0xe, 0xf8, 0x6f, 0xf2, 0x0, 0x0, 0x1f, 0xf6,
    0x6f, 0xf8, 0x0, 0x0, 0x7f, 0xf2, 0x6f, 0xff,
    0x60, 0x6, 0xff, 0xb0, 0x6f, 0xf8, 0xff, 0xff,
    0xfe, 0x20, 0x6f, 0xf0, 0x7d, 0xfe, 0x91, 0x0,
    0x6f, 0xf0, 0x0, 0x0, 0x0, 0x0, 0x6f, 0xf0,
    0x0, 0x0, 0x0, 0x0, 0x6f, 0xf0, 0x0, 0x0,
    0x0, 0x0, 0x6f, 0xf0, 0x0, 0x0, 0x0, 0x0,

    /* U+0071 "q" */
    0x0, 0x4b, 0xef, 0xb3, 0x4f, 0xf0, 0x6, 0xff,
    0xff, 0xff, 0x6f, 0xf0, 0x2f, 0xfc, 0x30, 0x2a,
    0xff, 0xf0, 0x9f, 0xf1, 0x0, 0x0, 0xef, 0xf0,
    0xdf, 0xa0, 0x0, 0x0, 0x8f, 0xf0, 0xef, 0x70,
    0x0, 0x0, 0x5f, 0xf0, 0xef, 0x70, 0x0, 0x0,
    0x6f, 0xf0, 0xdf, 0xa0, 0x0, 0x0, 0x8f, 0xf0,
    0x9f, 0xf1, 0x0, 0x0, 0xef, 0xf0, 0x2f, 0xfc,
    0x30, 0x2b, 0xff, 0xf0, 0x6, 0xff, 0xff, 0xff,
    0x8f, 0xf0, 0x0, 0x4b, 0xef, 0xb3, 0x5f, 0xf0,
    0x0, 0x0, 0x0, 0x0, 0x5f, 0xf0, 0x0, 0x0,
    0x0, 0x0, 0x5f, 0xf0, 0x0, 0x0, 0x0, 0x0,
    0x5f, 0xf0, 0x0, 0x0, 0x0, 0x0, 0x5f, 0xf0,

    /* U+0072 "r" */
    0x6f, 0xe1, 0x9e, 0xf0, 0x6f, 0xeb, 0xff, 0xf0,
    0x6f, 0xfe, 0x50, 0x0, 0x6f, 0xf4, 0x0, 0x0,
    0x6f, 0xf0, 0x0, 0x0, 0x6f, 0xf0, 0x0, 0x0,
    0x6f, 0xf0, 0x0, 0x0, 0x6f, 0xf0, 0x0, 0x0,
    0x6f, 0xf0, 0x0, 0x0, 0x6f, 0xf0, 0x0, 0x0,
    0x6f, 0xf0, 0x0, 0x0, 0x6f, 0xf0, 0x0, 0x0,

    /* U+0073 "s" */
    0x0, 0x7c, 0xff, 0xd7, 0x0, 0xc, 0xff, 0xee,
    0xff, 0xb0, 0x6f, 0xf4, 0x0, 0x3f, 0xf5, 0x9f,
    0xd0, 0x0, 0x3, 0x20, 0x6f, 0xf9, 0x30, 0x0,
    0x0, 0xa, 0xff, 0xff, 0xb6, 0x0, 0x0, 0x39,
    0xdf, 0xff, 0xe2, 0x0, 0x0, 0x0, 0x5f, 0xfa,
    0x47, 0x40, 0x0, 0xa, 0xfc, 0xaf, 0xe3, 0x0,
    0x4f, 0xf9, 0x2e, 0xff, 0xff, 0xff, 0xd1, 0x1,
    0x8d, 0xff, 0xc7, 0x0,

    /* U+0074 "t" */
    0x0, 0xff, 0x50, 0x0, 0x0, 0xff, 0x50, 0x0,
    0x0, 0xff, 0x50, 0x0, 0xcf, 0xff, 0xff, 0xb0,
    0xbe, 0xff, 0xee, 0xa0, 0x0, 0xff, 0x50, 0x0,
    0x0, 0xff, 0x50, 0x0, 0x0, 0xff, 0x50, 0x0,
    0x0, 0xff, 0x50, 0x0, 0x0, 0xff, 0x50, 0x0,
    0x0, 0xff, 0x50, 0x0, 0x0, 0xff, 0x50, 0x0,
    0x0, 0xef, 0x90, 0x0, 0x0, 0x9f, 0xff, 0xc0,
    0x0, 0x8, 0xdf, 0xd0,

    /* U+0075 "u" */
    0x6f, 0xf0, 0x0, 0x0, 0xbf, 0xa6, 0xff, 0x0,
    0x0, 0xb, 0xfa, 0x6f, 0xf0, 0x0, 0x0, 0xbf,
    0xa6, 0xff, 0x0, 0x0, 0xb, 0xfa, 0x6f, 0xf0,
    0x0, 0x0, 0xbf, 0xa6, 0xff, 0x0, 0x0, 0xb,
    0xfa, 0x6f, 0xf0, 0x0, 0x0, 0xbf, 0xa6, 0xff,
    0x0, 0x0, 0xc, 0xfa, 0x5f, 0xf3, 0x0, 0x1,
    0xff, 0xa1, 0xff, 0xd4, 0x14, 0xdf, 0xfa, 0x8,
    0xff, 0xff, 0xfc, 0xaf, 0xa0, 0x6, 0xdf, 0xe9,
    0x9, 0xfa,

    /* U+0076 "v" */
    0x5f, 0xf3, 0x0, 0x0, 0x9, 0xfe, 0x0, 0xef,
    0x90, 0x0, 0x0, 0xef, 0x90, 0x8, 0xfe, 0x0,
    0x0, 0x4f, 0xf3, 0x0, 0x2f, 0xf4, 0x0, 0x9,
    0xfd, 0x0, 0x0, 0xcf, 0x90, 0x0, 0xef, 0x70,
    0x0, 0x6, 0xfe, 0x0, 0x4f, 0xf1, 0x0, 0x0,
    0x1f, 0xf4, 0xa, 0xfa, 0x0, 0x0, 0x0, 0xaf,
    0xa0, 0xff, 0x40, 0x0, 0x0, 0x4, 0xfe, 0x4f,
    0xe0, 0x0, 0x0, 0x0, 0xe, 0xfb, 0xf8, 0x0,
    0x0, 0x0, 0x0, 0x8f, 0xff, 0x20, 0x0, 0x0,
    0x0, 0x2, 0xff, 0xc0, 0x0, 0x0,

    /* U+0077 "w" */
    0x3f, 0xf3, 0x0, 0x2, 0xff, 0x70, 0x0, 0xf,
    0xf7, 0xe, 0xf8, 0x0, 0x7, 0xff, 0xb0, 0x0,
    0x4f, 0xf2, 0xa, 0xfc, 0x0, 0xb, 0xff, 0xf0,
    0x0, 0x8f, 0xd0, 0x5, 0xff, 0x0, 0xf, 0xeb,
    0xf3, 0x0, 0xdf, 0x90, 0x0, 0xff, 0x40, 0x4f,
    0xa7, 0xf8, 0x1, 0xff, 0x40, 0x0, 0xbf, 0x80,
    0x8f, 0x63, 0xfc, 0x5, 0xff, 0x0, 0x0, 0x7f,
    0xc0, 0xcf, 0x20, 0xef, 0x9, 0xfa, 0x0, 0x0,
    0x2f, 0xf1, 0xfe, 0x0, 0xaf, 0x3d, 0xf5, 0x0,
    0x0, 0xd, 0xf8, 0xf9, 0x0, 0x5f, 0x8f, 0xf1,
    0x0, 0x0, 0x8, 0xfe, 0xf5, 0x0, 0x1f, 0xef,
    0xc0, 0x0, 0x0, 0x3, 0xff, 0xf0, 0x0, 0xc,
    0xff, 0x70, 0x0, 0x0, 0x0, 0xef, 0xb0, 0x0,
    0x8, 0xff, 0x20, 0x0,

    /* U+0078 "x" */
    0xc, 0xfd, 0x0, 0x0, 0x7f, 0xf2, 0x2, 0xff,
    0x70, 0x2, 0xff, 0x70, 0x0, 0x7f, 0xf1, 0xb,
    0xfc, 0x0, 0x0, 0xc, 0xf9, 0x4f, 0xf2, 0x0,
    0x0, 0x3, 0xff, 0xdf, 0x70, 0x0, 0x0, 0x0,
    0x8f, 0xfc, 0x0, 0x0, 0x0, 0x0, 0xbf, 0xfe,
    0x0, 0x0, 0x0, 0x6, 0xfe, 0xbf, 0x90, 0x0,
    0x0, 0x1f, 0xf6, 0x3f, 0xf4, 0x0, 0x0, 0xbf,
    0xd0, 0x9, 0xfe, 0x10, 0x6, 0xff, 0x30, 0x0,
    0xef, 0xa0, 0x1f, 0xf9, 0x0, 0x0, 0x5f, 0xf4,

    /* U+0079 "y" */
    0x4f, 0xf3, 0x0, 0x0, 0x9, 0xfe, 0x0, 0xef,
    0x90, 0x0, 0x0, 0xef, 0x80, 0x8, 0xfe, 0x0,
    0x0, 0x4f, 0xf2, 0x0, 0x2f, 0xf4, 0x0, 0xa,
    0xfc, 0x0, 0x0, 0xbf, 0xa0, 0x1, 0xff, 0x50,
    0x0, 0x5, 0xff, 0x0, 0x6f, 0xf0, 0x0, 0x0,
    0xe, 0xf6, 0xc, 0xf9, 0x0, 0x0, 0x0, 0x9f,
    0xb1, 0xff, 0x20, 0x0, 0x0, 0x2, 0xff, 0x7f,
    0xc0, 0x0, 0x0, 0x0, 0xc, 0xfe, 0xf6, 0x0,
    0x0, 0x0, 0x0, 0x6f, 0xff, 0x0, 0x0, 0x0,
    0x0, 0x0, 0xff, 0x90, 0x0, 0x0, 0x0, 0x0,
    0x3f, 0xf3, 0x0, 0x0, 0x0, 0x0, 0xb, 0xfc,
    0x0, 0x0, 0x0, 0x2, 0xff, 0xff, 0x30, 0x0,
    0x0, 0x0, 0x6f, 0xfb, 0x30, 0x0, 0x0, 0x0,

    /* U+007A "z" */
    0x7f, 0xff, 0xff, 0xff, 0xfc, 0x7f, 0xff, 0xff,
    0xff, 0xfb, 0x1, 0x11, 0x11, 0x9f, 0xf3, 0x0,
    0x0, 0x4, 0xff, 0x60, 0x0, 0x0, 0x2e, 0xfa,
    0x0, 0x0, 0x0, 0xdf, 0xd0, 0x0, 0x0, 0xa,
    0xff, 0x20, 0x0, 0x0, 0x6f, 0xf5, 0x0, 0x0,
    0x3, 0xff, 0x90, 0x0, 0x0, 0x1e, 0xfd, 0x21,
    0x11, 0x11, 0x9f, 0xff, 0xff, 0xff, 0xff, 0xaf,
    0xff, 0xff, 0xff, 0xff,

    /* U+007B "{" */
    0x0, 0x0, 0x4, 0x73, 0x0, 0x2, 0xdf, 0xf7,
    0x0, 0xb, 0xfe, 0x72, 0x0, 0xf, 0xf5, 0x0,
    0x0, 0x1f, 0xf1, 0x0, 0x0, 0x1f, 0xf1, 0x0,
    0x0, 0x1f, 0xf1, 0x0, 0x0, 0x3f, 0xf0, 0x0,
    0x1, 0xaf, 0xd0, 0x0, 0x7f, 0xfc, 0x30, 0x0,
    0x7f, 0xe7, 0x0, 0x0, 0x26, 0xdf, 0xb0, 0x0,
    0x0, 0x4f, 0xf0, 0x0, 0x0, 0x2f, 0xf1, 0x0,
    0x0, 0x1f, 0xf1, 0x0, 0x0, 0x1f, 0xf1, 0x0,
    0x0, 0x1f, 0xf2, 0x0, 0x0, 0xe, 0xf9, 0x0,
    0x0, 0x7, 0xff, 0xf6, 0x0, 0x0, 0x6c, 0xf6,

    /* U+007C "|" */
    0x4f, 0xd4, 0xfd, 0x4f, 0xd4, 0xfd, 0x4f, 0xd4,
    0xfd, 0x4f, 0xd4, 0xfd, 0x4f, 0xd4, 0xfd, 0x4f,
    0xd4, 0xfd, 0x4f, 0xd4, 0xfd, 0x4f, 0xd4, 0xfd,
    0x4f, 0xd4, 0xfd, 0x4f, 0xd4, 0xfd, 0x4f, 0xd4,
    0xfd, 0x4f, 0xd4, 0xfd, 0x4f, 0xd4, 0xfd,

    /* U+007D "}" */
    0x56, 0x20, 0x0, 0x0, 0xcf, 0xfb, 0x0, 0x0,
    0x49, 0xff, 0x60, 0x0, 0x0, 0x9f, 0xb0, 0x0,
    0x0, 0x6f, 0xc0, 0x0, 0x0, 0x6f, 0xc0, 0x0,
    0x0, 0x6f, 0xc0, 0x0, 0x0, 0x5f, 0xe0, 0x0,
    0x0, 0x2f, 0xf7, 0x10, 0x0, 0x6, 0xdf, 0xf2,
    0x0, 0x2, 0xaf, 0xf2, 0x0, 0x1f, 0xfb, 0x50,
    0x0, 0x5f, 0xf0, 0x0, 0x0, 0x6f, 0xd0, 0x0,
    0x0, 0x6f, 0xc0, 0x0, 0x0, 0x6f, 0xc0, 0x0,
    0x0, 0x7f, 0xc0, 0x0, 0x1, 0xdf, 0x90, 0x0,
    0xaf, 0xff, 0x20, 0x0, 0xbe, 0xa3, 0x0, 0x0,

    /* U+007E "~" */
    0x0, 0x0, 0x0, 0x0, 0x0, 0x0, 0x1, 0xbf,
    0xfb, 0x20, 0x1, 0xa9, 0xc, 0xff, 0xff, 0xf6,
    0x18, 0xfc, 0x1f, 0xf2, 0x9, 0xff, 0xff, 0xf6,
    0x29, 0x70, 0x0, 0x4c, 0xfe, 0x70,

    /* U+00A0 " " */

    /* U+00A1 "¡" */
    0xb, 0xf7, 0x3f, 0xfe, 0xc, 0xf8, 0x0, 0x0,
    0x0, 0x0, 0x9, 0xb5, 0xc, 0xf8, 0xd, 0xf8,
    0xd, 0xf8, 0xd, 0xf8, 0xd, 0xf9, 0xe, 0xf9,
    0xe, 0xf9, 0xe, 0xf9, 0xe, 0xfa, 0xf, 0xfa,

    /* U+00A2 "¢" */
    0x0, 0x0, 0x1f, 0x30, 0x0, 0x0, 0x0, 0x2,
    0xf4, 0x0, 0x0, 0x0, 0x4c, 0xff, 0xfe, 0x60,
    0x0, 0x6f, 0xff, 0xff, 0xff, 0xa0, 0x2f, 0xfb,
    0x3f, 0x37, 0xff, 0x48, 0xff, 0x11, 0xf3, 0xa,
    0xa4, 0xdf, 0xa0, 0x1f, 0x30, 0x0, 0xe, 0xf7,
    0x1, 0xf3, 0x0, 0x0, 0xef, 0x70, 0x1f, 0x30,
    0x0, 0xd, 0xfa, 0x1, 0xf3, 0x0, 0x0, 0x8f,
    0xf0, 0x1f, 0x30, 0xab, 0x52, 0xff, 0xb2, 0xf3,
    0x7f, 0xf4, 0x6, 0xff, 0xff, 0xff, 0xfa, 0x0,
    0x4, 0xcf, 0xff, 0xe6, 0x0, 0x0, 0x0, 0x2f,
    0x40, 0x0, 0x0, 0x0, 0x1, 0xf3, 0x0, 0x0,

    /* U+00A3 "£" */
    0x0, 0x1, 0x9d, 0xfe, 0xa2, 0x0, 0x0, 0x2e,
    0xff, 0xff, 0xff, 0x40, 0x0, 0xcf, 0xe5, 0x23,
    0xcf, 0xe0, 0x2, 0xff, 0x40, 0x0, 0x1f, 0xf5,
    0x5, 0xff, 0x0, 0x0, 0x4, 0x30, 0x5, 0xff,
    0x0, 0x0, 0x0, 0x0, 0x4, 0xff, 0x0, 0x0,
    0x0, 0x0, 0xac, 0xff, 0xbb, 0xbb, 0xa0, 0x0,
    0xef, 0xff, 0xff, 0xff, 0xe0, 0x0, 0x3, 0xff,
    0x10, 0x0, 0x0, 0x0, 0x2, 0xff, 0x20, 0x0,
    0x0, 0x0, 0x2, 0xff, 0x20, 0x0, 0x0, 0x0,
    0x2, 0xff, 0x10, 0x0, 0x5, 0x74, 0x2a, 0xf6,
    0x11, 0x11, 0x1d, 0xf7, 0xef, 0xff, 0xff, 0xff,
    0xff, 0xf3, 0xef, 0xff, 0xff, 0xff, 0xfd, 0x60,

    /* U+00A4 "¤" */
    0x1, 0x0, 0x0, 0x0, 0x0, 0x0, 0x10, 0x2e,
    0x70, 0x7c, 0xff, 0xd8, 0x14, 0xf4, 0x4f, 0xfe,
    0xff, 0xdd, 0xff, 0xef, 0xf8, 0x5, 0xff, 0x91,
    0x0, 0x18, 0xff, 0x90, 0xa, 0xf8, 0x0, 0x0,
    0x0, 0x6f, 0xc0, 0x1f, 0xe0, 0x0, 0x0, 0x0,
    0xc, 0xf3, 0x4f, 0x90, 0x0, 0x0, 0x0, 0x7,
    0xf7, 0x5f, 0x70, 0x0, 0x0, 0x0, 0x5, 0xf8,
    0x4f, 0x90, 0x0, 0x0, 0x0, 0x7, 0xf7, 0x1f,
    0xe0, 0x0, 0x0, 0x0, 0xc, 0xf3, 0x9, 0xf8,
    0x0, 0x0, 0x0, 0x7f, 0xb0, 0x9, 0xff, 0xa2,
    0x0, 0x18, 0xff, 0xb0, 0x6f, 0xfd, 0xff, 0xed,
    0xff, 0xed, 0xfa, 0xb, 0x30, 0x6c, 0xff, 0xd8,
    0x11, 0xb2,

    /* U+00A5 "¥" */
    0x7f, 0xf2, 0x0, 0x0, 0xe, 0xfb, 0xe, 0xf9,
    0x0, 0x0, 0x5f, 0xf3, 0x7, 0xff, 0x10, 0x0,
    0xcf, 0xb0, 0x1, 0xff, 0x70, 0x3, 0xff, 0x40,
    0x0, 0x8f, 0xe0, 0xa, 0xfc, 0x0, 0x0, 0x1f,
    0xf5, 0x1f, 0xf4, 0x0, 0x0, 0x9, 0xfc, 0x8f,
    0xd0, 0x0, 0x0, 0x1, 0xff, 0xff, 0x50, 0x0,
    0x9, 0xff, 0xff, 0xff, 0xff, 0xb0, 0x5, 0x99,
    0x9f, 0xfb, 0x99, 0x60, 0x0, 0x0, 0x1f, 0xf5,
    0x0, 0x0, 0x9, 0xff, 0xff, 0xff, 0xff, 0xb0,
    0x5, 0x99, 0xaf, 0xfb, 0x99, 0x60, 0x0, 0x0,
    0x1f, 0xf5, 0x0, 0x0, 0x0, 0x0, 0x1f, 0xf5,
    0x0, 0x0, 0x0, 0x0, 0x1f, 0xf5, 0x0, 0x0,

    /* U+00A6 "¦" */
    0xdf, 0x5d, 0xf5, 0xdf, 0x5d, 0xf5, 0xdf, 0x5d,
    0xf5, 0xdf, 0x53, 0x31, 0x0, 0x0, 0x0, 0x0,
    0x3, 0x41, 0xdf, 0x5d, 0xf5, 0xdf, 0x5d, 0xf5,
    0xdf, 0x5d, 0xf5, 0xdf, 0x50,

    /* U+00A7 "§" */
    0x0, 0x3b, 0xef, 0xd7, 0x0, 0x0, 0x4f, 0xff,
    0xff, 0xf9, 0x0, 0xc, 0xfb, 0x0, 0x3f, 0xf3,
    0x0, 0xdf, 0x50, 0x0, 0x79, 0x30, 0xa, 0xfb,
    0x0, 0x0, 0x0, 0x0, 0x2e, 0xfd, 0x50, 0x0,
    0x0, 0x6, 0xcf, 0xff, 0xc4, 0x0, 0x6, 0xfa,
    0x5, 0xdf, 0xfa, 0x0, 0xbf, 0x30, 0x0, 0x6e,
    0xfb, 0xa, 0xf7, 0x0, 0x0, 0x1f, 0xf2, 0x3f,
    0xf7, 0x0, 0x0, 0xbf, 0x30, 0x4e, 0xfe, 0x60,
    0x2e, 0xd0, 0x0, 0x18, 0xff, 0xee, 0x81, 0x0,
    0x0, 0x1, 0x9f, 0xf9, 0x0, 0x0, 0x0, 0x0,
    0x4f, 0xf2, 0x1, 0x9a, 0x0, 0x0, 0xdf, 0x60,
    0xf, 0xf8, 0x0, 0x4f, 0xf4, 0x0, 0x6f, 0xff,
    0xff, 0xfb, 0x0, 0x0, 0x5c, 0xef, 0xc6, 0x0,
    0x0,

    /* U+00A8 "¨" */
    0x6, 0xa2, 0x0, 0x98, 0x0, 0xff, 0xa0, 0x6f,
    0xf3, 0xa, 0xf4, 0x2, 0xec, 0x0,

    /* U+00A9 "©" */
    0x0, 0x0, 0x0, 0x0, 0x0, 0x0, 0x0, 0x0,
    0x0, 0x0, 0x0, 0x4, 0xae, 0xff, 0xea, 0x50,
    0x0, 0x0, 0x0, 0x1, 0xbf, 0xff, 0xff, 0xff,
    0xfc, 0x10, 0x0, 0x0, 0x1d, 0xff, 0x93, 0x0,
    0x38, 0xff, 0xe2, 0x0, 0x0, 0xcf, 0xd2, 0x19,
    0xdd, 0xa3, 0x1c, 0xfd, 0x0, 0x5, 0xff, 0x23,
    0xef, 0xff, 0xff, 0x61, 0xef, 0x70, 0xc, 0xf7,
    0xd, 0xfa, 0x10, 0x7f, 0xf1, 0x6f, 0xe0, 0xf,
    0xf1, 0x4f, 0xc0, 0x0, 0x6, 0xa3, 0xf, 0xf2,
    0x2f, 0xf0, 0x6f, 0x80, 0x0, 0x0, 0x0, 0xd,
    0xf4, 0x2f, 0xf0, 0x4f, 0xb0, 0x0, 0x6, 0x82,
    0xd, 0xf4, 0xf, 0xf2, 0xe, 0xf8, 0x0, 0x6f,
    0xf0, 0xf, 0xf2, 0xb, 0xf8, 0x4, 0xff, 0xff,
    0xff, 0x60, 0x6f, 0xd0, 0x5, 0xff, 0x20, 0x2a,
    0xef, 0xc4, 0x1, 0xef, 0x60, 0x0, 0xbf, 0xe3,
    0x0, 0x0, 0x0, 0x2d, 0xfc, 0x0, 0x0, 0x1d,
    0xff, 0xa4, 0x21, 0x49, 0xff, 0xd1, 0x0, 0x0,
    0x0, 0xaf, 0xff, 0xff, 0xff, 0xfb, 0x10, 0x0,
    0x0, 0x0, 0x3, 0x9d, 0xff, 0xd9, 0x30, 0x0,
    0x0,

    /* U+00AA "ª" */
    0x0, 0x5c, 0xfe, 0xb4, 0x0, 0x7f, 0xfb, 0xbf,
    0xf4, 0x8, 0xc3, 0x0, 0x7f, 0xb0, 0x0, 0x0,
    0x7, 0xfc, 0x0, 0x7b, 0xef, 0xff, 0xd0, 0xdf,
    0xea, 0x87, 0xfd, 0x4f, 0xd0, 0x0, 0x4f, 0xd3,
    0xfc, 0x0, 0xa, 0xfd, 0xe, 0xfc, 0xad, 0xef,
    0xd0, 0x2b, 0xff, 0xa4, 0xfd,

    /* U+00AB "«" */
    0x0, 0x2, 0xef, 0x80, 0x8f, 0xf2, 0x0, 0x1d,
    0xfa, 0x5, 0xff, 0x40, 0x0, 0xcf, 0xc0, 0x4f,
    0xf6, 0x0, 0xa, 0xfe, 0x12, 0xef, 0x90, 0x0,
    0x8f, 0xf3, 0x1d, 0xfb, 0x0, 0x0, 0x8f, 0xf3,
    0x1d, 0xfb, 0x0, 0x0, 0xa, 0xfe, 0x12, 0xef,
    0x90, 0x0, 0x0, 0xcf, 0xc0, 0x4f, 0xf6, 0x0,
    0x0, 0x1d, 0xfa, 0x5, 0xff, 0x40, 0x0, 0x2,
    0xef, 0x80, 0x8f, 0xf2,

    /* U+00AC "¬" */
    0x9f, 0xff, 0xff, 0xff, 0xf9, 0xaf, 0xff, 0xff,
    0xff, 0xf9, 0x0, 0x0, 0x0, 0x8, 0xf9, 0x0,
    0x0, 0x0, 0x8, 0xf9, 0x0, 0x0, 0x0, 0x8,
    0xf9,

    /* U+00AE "®" */
    0x0, 0x0, 0x37, 0x86, 0x10, 0x0, 0x0, 0x3,
    0xdf, 0xff, 0xff, 0x90, 0x0, 0x4, 0xfe, 0x61,
    0x2, 0x9f, 0xd0, 0x1, 0xed, 0x10, 0x0, 0x0,
    0x5f, 0xa0, 0x8f, 0x30, 0xef, 0xfd, 0x30, 0x9f,
    0x2c, 0xc0, 0xe, 0x70, 0xcc, 0x2, 0xf6, 0xea,
    0x0, 0xe7, 0xc, 0xb0, 0xf, 0x8d, 0xb0, 0xe,
    0xff, 0xf2, 0x1, 0xf7, 0xaf, 0x0, 0xe7, 0x2f,
    0x50, 0x5f, 0x44, 0xf8, 0xb, 0x50, 0x7a, 0x1d,
    0xd0, 0xa, 0xf8, 0x0, 0x0, 0x2c, 0xf4, 0x0,
    0xa, 0xfe, 0xa9, 0xbf, 0xf5, 0x0, 0x0, 0x4,
    0xbe, 0xfd, 0x91, 0x0, 0x0,

    /* U+00AF "¯" */
    0x9b, 0xbb, 0xbb, 0x1e, 0xff, 0xff, 0xf2,

    /* U+00B0 "°" */
    0x1, 0xae, 0xfa, 0x10, 0x1d, 0xfe, 0xef, 0xe1,
    0x7f, 0x90, 0x8, 0xf8, 0x9f, 0x30, 0x2, 0xfa,
    0x7f, 0x80, 0x8, 0xf8, 0x1e, 0xfe, 0xdf, 0xe1,
    0x1, 0xae, 0xfa, 0x20,

    /* U+00B1 "±" */
    0x0, 0x0, 0xbf, 0x60, 0x0, 0x0, 0x0, 0xb,
    0xf6, 0x0, 0x0, 0x0, 0x0, 0xbf, 0x60, 0x0,
    0xd, 0xff, 0xff, 0xff, 0xff, 0xf8, 0xdf, 0xff,
    0xff, 0xff, 0xff, 0x80, 0x0, 0xb, 0xf6, 0x0,
    0x0, 0x0, 0x0, 0xbf, 0x60, 0x0, 0x0, 0x0,
    0xb, 0xf6, 0x0, 0x0, 0x0, 0x0, 0x0, 0x0,
    0x0, 0xd, 0xff, 0xff, 0xff, 0xff, 0xf8, 0xdf,
    0xff, 0xff, 0xff, 0xff, 0x80, 0x0, 0x0, 0x0,
    0x0, 0x0,

    /* U+00B2 "²" */
    0x6, 0xdf, 0xeb, 0x30, 0x6f, 0xfa, 0xcf, 0xf2,
    0x9c, 0x30, 0xb, 0xf6, 0x0, 0x0, 0xd, 0xf4,
    0x0, 0x1, 0xcf, 0xa0, 0x0, 0x4e, 0xf8, 0x0,
    0x7, 0xfe, 0x40, 0x0, 0x9f, 0xfd, 0xcc, 0xc8,
    0xcf, 0xff, 0xff, 0xfb,

    /* U+00B3 "³" */
    0x4, 0xcf, 0xec, 0x40, 0x4f, 0xfb, 0xbf, 0xf3,
    0x7b, 0x50, 0x8, 0xf8, 0x0, 0x1, 0x3c, 0xf4,
    0x0, 0x1f, 0xfe, 0x60, 0x0, 0x4, 0x5c, 0xf9,
    0x79, 0x30, 0x5, 0xff, 0x8f, 0xfd, 0xcf, 0xfa,
    0x6, 0xcf, 0xfd, 0x70,

    /* U+00B4 "´" */
    0x0, 0x22, 0x10, 0xf, 0xf4, 0x7, 0xf9, 0x0,
    0xee, 0x0,

    /* U+00B5 "µ" */
    0x6f, 0xf0, 0x0, 0x0, 0xbf, 0xa0, 0x6, 0xff,
    0x0, 0x0, 0xb, 0xfa, 0x0, 0x6f, 0xf0, 0x0,
    0x0, 0xbf, 0xa0, 0x6, 0xff, 0x0, 0x0, 0xb,
    0xfa, 0x0, 0x6f, 0xf0, 0x0, 0x0, 0xbf, 0xa0,
    0x6, 0xff, 0x0, 0x0, 0xb, 0xfa, 0x0, 0x6f,
    0xf0, 0x0, 0x0, 0xbf, 0xa0, 0x6, 0xff, 0x0,
    0x0, 0xb, 0xfa, 0x0, 0x6f, 0xf2, 0x0, 0x0,
    0xef, 0xa0, 0x6, 0xff, 0xc1, 0x0, 0x9f, 0xfb,
    0x0, 0x6f, 0xfe, 0xfd, 0xff, 0xaf, 0xfd, 0x16,
    0xff, 0x2c, 0xfd, 0x60, 0x8e, 0xf1, 0x6f, 0xf0,
    0x0, 0x0, 0x0, 0x0, 0x6, 0xff, 0x0, 0x0,
    0x0, 0x0, 0x0, 0x6f, 0xf0, 0x0, 0x0, 0x0,
    0x0, 0x6, 0xff, 0x0, 0x0, 0x0, 0x0, 0x0,

    /* U+00B6 "¶" */
    0x0, 0x4b, 0xef, 0xff, 0xff, 0x70, 0x8f, 0xff,
    0xff, 0xff, 0xf7, 0x4f, 0xff, 0xff, 0x50, 0xcf,
    0x7b, 0xff, 0xff, 0xf5, 0xc, 0xf7, 0xdf, 0xff,
    0xff, 0x50, 0xcf, 0x7d, 0xff, 0xff, 0xf5, 0xc,
    0xf7, 0xbf, 0xff, 0xff, 0x50, 0xcf, 0x75, 0xff,
    0xff, 0xf5, 0xc, 0xf7, 0x9, 0xff, 0xff, 0x50,
    0xcf, 0x70, 0x5, 0xcf, 0xf5, 0xc, 0xf7, 0x0,
    0x0, 0x0, 0x0, 0xcf, 0x70, 0x0, 0x0, 0x0,
    0xc, 0xf7, 0x0, 0x0, 0x0, 0x0, 0xcf, 0x70,
    0x0, 0x0, 0x0, 0xc, 0xf7, 0x0, 0x0, 0x0,
    0x0, 0xcf, 0x70, 0x0, 0x0, 0x0, 0xc, 0xf7,

    /* U+00B7 "·" */
    0x0, 0x10, 0xd, 0xf8, 0x3f, 0xfd, 0xb, 0xf6,

    /* U+00B8 "¸" */
    0x6, 0xc0, 0x0, 0x8e, 0x71, 0x4, 0x7e, 0xa0,
    0x0, 0xdc, 0xf, 0xff, 0x50, 0x22, 0x0,

    /* U+00B9 "¹" */
    0x7, 0xff, 0x9c, 0xff, 0xf9, 0xc5, 0x7f, 0x90,
    0x7, 0xf9, 0x0, 0x7f, 0x90, 0x7, 0xf9, 0x0,
    0x7f, 0x90, 0x7, 0xf9, 0x0, 0x7f, 0x90,

    /* U+00BA "º" */
    0x0, 0x19, 0xef, 0xd7, 0x0, 0x1, 0xef, 0xec,
    0xff, 0xa0, 0xa, 0xfb, 0x0, 0x2e, 0xf5, 0xf,
    0xf2, 0x0, 0x7, 0xfa, 0x2f, 0xf0, 0x0, 0x4,
    0xfd, 0x2f, 0xf0, 0x0, 0x4, 0xfd, 0xf, 0xf2,
    0x0, 0x7, 0xfa, 0xa, 0xfb, 0x0, 0x2e, 0xf5,
    0x1, 0xef, 0xec, 0xff, 0xa0, 0x0, 0x19, 0xef,
    0xd7, 0x0,

    /* U+00BB "»" */
    0xb, 0xfd, 0x3, 0xff, 0x70, 0x0, 0x0, 0xd,
    0xfb, 0x5, 0xff, 0x50, 0x0, 0x0, 0x2e, 0xf9,
    0x7, 0xff, 0x30, 0x0, 0x0, 0x3f, 0xf7, 0x9,
    0xfe, 0x20, 0x0, 0x0, 0x5f, 0xf5, 0xb, 0xfd,
    0x10, 0x0, 0x5, 0xff, 0x50, 0xbf, 0xd1, 0x0,
    0x3, 0xff, 0x70, 0x9f, 0xe2, 0x0, 0x2, 0xef,
    0x90, 0x7f, 0xf3, 0x0, 0x0, 0xdf, 0xb0, 0x5f,
    0xf5, 0x0, 0x0, 0xbf, 0xd0, 0x3f, 0xf7, 0x0,
    0x0,

    /* U+00BC "¼" */
    0x0, 0x8a, 0x80, 0x0, 0x0, 0x0, 0x1a, 0x80,
    0x0, 0x1c, 0xff, 0xd0, 0x0, 0x0, 0x0, 0xaf,
    0x40, 0x0, 0x2d, 0x3f, 0xd0, 0x0, 0x0, 0x5,
    0xf9, 0x0, 0x0, 0x11, 0xf, 0xd0, 0x0, 0x0,
    0x1e, 0xe0, 0x0, 0x0, 0x0, 0xf, 0xd0, 0x0,
    0x0, 0xbf, 0x40, 0x0, 0x0, 0x0, 0xf, 0xd0,
    0x0, 0x6, 0xf9, 0x0, 0x0, 0x0, 0x0, 0xf,
    0xd0, 0x0, 0x2f, 0xd0, 0x0, 0x0, 0x0, 0x0,
    0xf, 0xd0, 0x0, 0xcf, 0x30, 0x3, 0x88, 0x0,
    0x0, 0xf, 0xd0, 0x7, 0xf8, 0x0, 0xd, 0xff,
    0x0, 0x0, 0x0, 0x0, 0x2f, 0xd0, 0x0, 0x7f,
    0xef, 0x0, 0x0, 0x0, 0x0, 0xcf, 0x20, 0x1,
    0xfb, 0xbf, 0x0, 0x0, 0x0, 0x7, 0xf7, 0x0,
    0x9, 0xf3, 0xbf, 0x0, 0x0, 0x0, 0x3f, 0xc0,
    0x0, 0x2f, 0xa0, 0xbf, 0x0, 0x0, 0x0, 0xdf,
    0x20, 0x0, 0xaf, 0xa8, 0xdf, 0x80, 0x0, 0x8,
    0xf7, 0x0, 0x0, 0xcf, 0xff, 0xff, 0xf1, 0x0,
    0x3f, 0xc0, 0x0, 0x0, 0x0, 0x0, 0xcf, 0x0,
    0x0, 0x58, 0x10, 0x0, 0x0, 0x0, 0x0, 0x68,
    0x0,

    /* U+00BD "½" */
    0x0, 0x8a, 0x80, 0x0, 0x0, 0x0, 0x1a, 0x80,
    0x0, 0x1c, 0xff, 0xd0, 0x0, 0x0, 0x0, 0xbf,
    0x40, 0x0, 0x2d, 0x3f, 0xd0, 0x0, 0x0, 0x6,
    0xf9, 0x0, 0x0, 0x11, 0xf, 0xd0, 0x0, 0x0,
    0x2f, 0xd0, 0x0, 0x0, 0x0, 0xf, 0xd0, 0x0,
    0x0, 0xcf, 0x20, 0x0, 0x0, 0x0, 0xf, 0xd0,
    0x0, 0x8, 0xf7, 0x0, 0x0, 0x0, 0x0, 0xf,
    0xd0, 0x0, 0x3f, 0xb0, 0x0, 0x0, 0x0, 0x0,
    0xf, 0xd0, 0x0, 0xde, 0x10, 0x6, 0x98, 0x20,
    0x0, 0xf, 0xd0, 0x9, 0xf5, 0x0, 0xcf, 0xff,
    0xf4, 0x0, 0x0, 0x0, 0x5f, 0xa0, 0x2, 0xea,
    0x14, 0xfb, 0x0, 0x0, 0x1, 0xee, 0x0, 0x0,
    0x0, 0x2, 0xfa, 0x0, 0x0, 0xb, 0xf3, 0x0,
    0x0, 0x0, 0x1c, 0xf2, 0x0, 0x0, 0x6f, 0x80,
    0x0, 0x0, 0x1, 0xcf, 0x40, 0x0, 0x2, 0xfc,
    0x0, 0x0, 0x0, 0x1d, 0xf5, 0x0, 0x0, 0xc,
    0xf2, 0x0, 0x0, 0x0, 0xdf, 0xd9, 0x98, 0x0,
    0x8f, 0x60, 0x0, 0x0, 0x2, 0xff, 0xff, 0xfe,

    /* U+00BE "¾" */
    0x0, 0x16, 0x74, 0x0, 0x0, 0x0, 0x0, 0x28,
    0x40, 0x0, 0x4f, 0xff, 0xfb, 0x0, 0x0, 0x0,
    0xd, 0xf2, 0x0, 0x8, 0xa3, 0x1b, 0xf3, 0x0,
    0x0, 0x8, 0xf6, 0x0, 0x0, 0x0, 0x12, 0xdf,
    0x10, 0x0, 0x3, 0xfb, 0x0, 0x0, 0x0, 0xc,
    0xff, 0x50, 0x0, 0x0, 0xde, 0x10, 0x0, 0x0,
    0x0, 0x35, 0xdf, 0x50, 0x0, 0x9f, 0x50, 0x0,
    0x0, 0x1, 0x10, 0x6, 0xf9, 0x0, 0x4f, 0xa0,
    0x0, 0x0, 0x0, 0xcf, 0xb9, 0xef, 0x50, 0x1e,
    0xe1, 0x0, 0x68, 0x60, 0x1, 0xae, 0xfd, 0x50,
    0xa, 0xf4, 0x0, 0x2f, 0xfc, 0x0, 0x0, 0x0,
    0x0, 0x5, 0xf9, 0x0, 0xb, 0xef, 0xc0, 0x0,
    0x0, 0x0, 0x1, 0xed, 0x0, 0x5, 0xf6, 0xfc,
    0x0, 0x0, 0x0, 0x0, 0xbf, 0x30, 0x0, 0xdd,
    0xf, 0xc0, 0x0, 0x0, 0x0, 0x6f, 0x80, 0x0,
    0x7f, 0x50, 0xfc, 0x0, 0x0, 0x0, 0x2f, 0xd0,
    0x0, 0xf, 0xf8, 0x8f, 0xe6, 0x0, 0x0, 0xc,
    0xf2, 0x0, 0x0, 0xff, 0xff, 0xff, 0xd0, 0x0,
    0x7, 0xf7, 0x0, 0x0, 0x0, 0x0, 0xf, 0xc0,
    0x0, 0x0, 0x77, 0x0, 0x0, 0x0, 0x0, 0x0,
    0x86, 0x0,

    /* U+00BF "¿" */
    0x0, 0x0, 0xbf, 0x60, 0x0, 0x0, 0x3, 0xff,
    0xd0, 0x0, 0x0, 0x0, 0xdf, 0x80, 0x0, 0x0,
    0x0, 0x0, 0x0, 0x0, 0x0, 0x0, 0x1, 0x0,
    0x0, 0x0, 0x0, 0xdf, 0x70, 0x0, 0x0, 0x1,
    0xff, 0x50, 0x0, 0x0, 0x1b, 0xff, 0x10, 0x0,
    0x3, 0xef, 0xf5, 0x0, 0x0, 0x3f, 0xfd, 0x20,
    0x0, 0x0, 0xaf, 0xe1, 0x0, 0x0, 0x0, 0xef,
    0x80, 0x0, 0x3, 0x43, 0xdf, 0xa0, 0x0, 0xd,
    0xf9, 0x8f, 0xf6, 0x1, 0x9f, 0xf4, 0x1d, 0xff,
    0xff, 0xff, 0x90, 0x0, 0x8d, 0xff, 0xc5, 0x0,

    /* U+00C0 "À" */
    0x0, 0x0, 0x2, 0x20, 0x0, 0x0, 0x0, 0x0,
    0x0, 0x0, 0xc, 0xf8, 0x0, 0x0, 0x0, 0x0,
    0x0, 0x0, 0x2, 0xff, 0x10, 0x0, 0x0, 0x0,
    0x0, 0x0, 0x0, 0x6f, 0x70, 0x0, 0x0, 0x0,
    0x0, 0x0, 0x0, 0x0, 0x0, 0x0, 0x0, 0x0,
    0x0, 0x0, 0x0, 0xef, 0xf6, 0x0, 0x0, 0x0,
    0x0, 0x0, 0x4, 0xff, 0xfc, 0x0, 0x0, 0x0,
    0x0, 0x0, 0xa, 0xfb, 0xff, 0x20, 0x0, 0x0,
    0x0, 0x0, 0xf, 0xf5, 0xdf, 0x80, 0x0, 0x0,
    0x0, 0x0, 0x5f, 0xf0, 0x9f, 0xd0, 0x0, 0x0,
    0x0, 0x0, 0xbf, 0xc0, 0x4f, 0xf3, 0x0, 0x0,
    0x0, 0x1, 0xff, 0x70, 0xf, 0xf9, 0x0, 0x0,
    0x0, 0x6, 0xff, 0x20, 0xa, 0xfe, 0x0, 0x0,
    0x0, 0xc, 0xfd, 0x0, 0x4, 0xff, 0x50, 0x0,
    0x0, 0x2f, 0xf7, 0x0, 0x0, 0xff, 0xb0, 0x0,
    0x0, 0x8f, 0xff, 0xff, 0xff, 0xff, 0xf1, 0x0,
    0x0, 0xdf, 0xff, 0xff, 0xff, 0xff, 0xf6, 0x0,
    0x3, 0xff, 0x70, 0x0, 0x0, 0xe, 0xfc, 0x0,
    0x9, 0xff, 0x10, 0x0, 0x0, 0x8, 0xff, 0x20,
    0xe, 0xfb, 0x0, 0x0, 0x0, 0x2, 0xff, 0x80,
    0x4f, 0xf6, 0x0, 0x0, 0x0, 0x0, 0xcf, 0xd0,

    /* U+00C1 "Á" */
    0x0, 0x0, 0x0, 0x0, 0x12, 0x10, 0x0, 0x0,
    0x0, 0x0, 0x0, 0x0, 0xef, 0x50, 0x0, 0x0,
    0x0, 0x0, 0x0, 0x7, 0xfa, 0x0, 0x0, 0x0,
    0x0, 0x0, 0x0, 0xe, 0xe1, 0x0, 0x0, 0x0,
    0x0, 0x0, 0x0, 0x0, 0x0, 0x0, 0x0, 0x0,
    0x0, 0x0, 0x0, 0xef, 0xf6, 0x0, 0x0, 0x0,
    0x0, 0x0, 0x4, 0xff, 0xfc, 0x0, 0x0, 0x0,
    0x0, 0x0, 0xa, 0xfb, 0xff, 0x20, 0x0, 0x0,
    0x0, 0x0, 0xf, 0xf5, 0xdf, 0x80, 0x0, 0x0,
    0x0, 0x0, 0x5f, 0xf0, 0x9f, 0xd0, 0x0, 0x0,
    0x0, 0x0, 0xbf, 0xc0, 0x4f, 0xf3, 0x0, 0x0,
    0x0, 0x1, 0xff, 0x70, 0xf, 0xf9, 0x0, 0x0,
    0x0, 0x6, 0xff, 0x20, 0xa, 0xfe, 0x0, 0x0,
    0x0, 0xc, 0xfd, 0x0, 0x4, 0xff, 0x50, 0x0,
    0x0, 0x2f, 0xf7, 0x0, 0x0, 0xff, 0xb0, 0x0,
    0x0, 0x8f, 0xff, 0xff, 0xff, 0xff, 0xf1, 0x0,
    0x0, 0xdf, 0xff, 0xff, 0xff, 0xff, 0xf6, 0x0,
    0x3, 0xff, 0x70, 0x0, 0x0, 0xe, 0xfc, 0x0,
    0x9, 0xff, 0x10, 0x0, 0x0, 0x8, 0xff, 0x20,
    0xe, 0xfb, 0x0, 0x0, 0x0, 0x2, 0xff, 0x80,
    0x4f, 0xf6, 0x0, 0x0, 0x0, 0x0, 0xcf, 0xd0,

    /* U+00C2 "Â" */
    0x0, 0x0, 0x0, 0x38, 0x70, 0x0, 0x0, 0x0,
    0x0, 0x0, 0x3, 0xfe, 0xfb, 0x0, 0x0, 0x0,
    0x0, 0x0, 0x2e, 0xe2, 0x8f, 0x90, 0x0, 0x0,
    0x0, 0x0, 0x68, 0x30, 0x7, 0x82, 0x0, 0x0,
    0x0, 0x0, 0x0, 0x0, 0x0, 0x0, 0x0, 0x0,
    0x0, 0x0, 0x0, 0xef, 0xf6, 0x0, 0x0, 0x0,
    0x0, 0x0, 0x4, 0xff, 0xfc, 0x0, 0x0, 0x0,
    0x0, 0x0, 0xa, 0xfb, 0xff, 0x20, 0x0, 0x0,
    0x0, 0x0, 0xf, 0xf5, 0xdf, 0x80, 0x0, 0x0,
    0x0, 0x0, 0x5f, 0xf0, 0x9f, 0xd0, 0x0, 0x0,
    0x0, 0x0, 0xbf, 0xc0, 0x4f, 0xf3, 0x0, 0x0,
    0x0, 0x1, 0xff, 0x70, 0xf, 0xf9, 0x0, 0x0,
    0x0, 0x6, 0xff, 0x20, 0xa, 0xfe, 0x0, 0x0,
    0x0, 0xc, 0xfd, 0x0, 0x4, 0xff, 0x50, 0x0,
    0x0, 0x2f, 0xf7, 0x0, 0x0, 0xff, 0xb0, 0x0,
    0x0, 0x8f, 0xff, 0xff, 0xff, 0xff, 0xf1, 0x0,
    0x0, 0xdf, 0xff, 0xff, 0xff, 0xff, 0xf6, 0x0,
    0x3, 0xff, 0x70, 0x0, 0x0, 0xe, 0xfc, 0x0,
    0x9, 0xff, 0x10, 0x0, 0x0, 0x8, 0xff, 0x20,
    0xe, 0xfb, 0x0, 0x0, 0x0, 0x2, 0xff, 0x80,
    0x4f, 0xf6, 0x0, 0x0, 0x0, 0x0, 0xcf, 0xd0,

    /* U+00C3 "Ã" */
    0x0, 0x0, 0xb, 0xfb, 0x49, 0xf0, 0x0, 0x0,
    0x0, 0x0, 0x6f, 0xad, 0xff, 0xa0, 0x0, 0x0,
    0x0, 0x0, 0x25, 0x0, 0x34, 0x0, 0x0, 0x0,
    0x0, 0x0, 0x0, 0x0, 0x0, 0x0, 0x0, 0x0,
    0x0, 0x0, 0x0, 0xef, 0xf6, 0x0, 0x0, 0x0,
    0x0, 0x0, 0x4, 0xff, 0xfc, 0x0, 0x0, 0x0,
    0x0, 0x0, 0xa, 0xfb, 0xff, 0x20, 0x0, 0x0,
    0x0, 0x0, 0xf, 0xf5, 0xdf, 0x80, 0x0, 0x0,
    0x0, 0x0, 0x5f, 0xf0, 0x9f, 0xd0, 0x0, 0x0,
    0x0, 0x0, 0xbf, 0xc0, 0x4f, 0xf3, 0x0, 0x0,
    0x0, 0x1, 0xff, 0x70, 0xf, 0xf9, 0x0, 0x0,
    0x0, 0x6, 0xff, 0x20, 0xa, 0xfe, 0x0, 0x0,
    0x0, 0xc, 0xfd, 0x0, 0x4, 0xff, 0x50, 0x0,
    0x0, 0x2f, 0xf7, 0x0, 0x0, 0xff, 0xb0, 0x0,
    0x0, 0x8f, 0xff, 0xff, 0xff, 0xff, 0xf1, 0x0,
    0x0, 0xdf, 0xff, 0xff, 0xff, 0xff, 0xf6, 0x0,
    0x3, 0xff, 0x70, 0x0, 0x0, 0xe, 0xfc, 0x0,
    0x9, 0xff, 0x10, 0x0, 0x0, 0x8, 0xff, 0x20,
    0xe, 0xfb, 0x0, 0x0, 0x0, 0x2, 0xff, 0x80,
    0x4f, 0xf6, 0x0, 0x0, 0x0, 0x0, 0xcf, 0xd0,

    /* U+00C4 "Ä" */
    0x0, 0x0, 0x7f, 0x70, 0xc, 0xe2, 0x0, 0x0,
    0x0, 0x0, 0xdf, 0xc0, 0x3f, 0xf6, 0x0, 0x0,
    0x0, 0x0, 0x4a, 0x30, 0x8, 0x90, 0x0, 0x0,
    0x0, 0x0, 0x0, 0x0, 0x0, 0x0, 0x0, 0x0,
    0x0, 0x0, 0x0, 0xef, 0xf6, 0x0, 0x0, 0x0,
    0x0, 0x0, 0x4, 0xff, 0xfc, 0x0, 0x0, 0x0,
    0x0, 0x0, 0xa, 0xfb, 0xff, 0x20, 0x0, 0x0,
    0x0, 0x0, 0xf, 0xf5, 0xdf, 0x80, 0x0, 0x0,
    0x0, 0x0, 0x5f, 0xf0, 0x9f, 0xd0, 0x0, 0x0,
    0x0, 0x0, 0xbf, 0xc0, 0x4f, 0xf3, 0x0, 0x0,
    0x0, 0x1, 0xff, 0x70, 0xf, 0xf9, 0x0, 0x0,
    0x0, 0x6, 0xff, 0x20, 0xa, 0xfe, 0x0, 0x0,
    0x0, 0xc, 0xfd, 0x0, 0x4, 0xff, 0x50, 0x0,
    0x0, 0x2f, 0xf7, 0x0, 0x0, 0xff, 0xb0, 0x0,
    0x0, 0x8f, 0xff, 0xff, 0xff, 0xff, 0xf1, 0x0,
    0x0, 0xdf, 0xff, 0xff, 0xff, 0xff, 0xf6, 0x0,
    0x3, 0xff, 0x70, 0x0, 0x0, 0xe, 0xfc, 0x0,
    0x9, 0xff, 0x10, 0x0, 0x0, 0x8, 0xff, 0x20,
    0xe, 0xfb, 0x0, 0x0, 0x0, 0x2, 0xff, 0x80,
    0x4f, 0xf6, 0x0, 0x0, 0x0, 0x0, 0xcf, 0xd0,

    /* U+00C5 "Å" */
    0x0, 0x0, 0x0, 0x0, 0x0, 0x0, 0x0, 0x0,
    0x0, 0x0, 0x2, 0xcf, 0xf8, 0x0, 0x0, 0x0,
    0x0, 0x0, 0xc, 0xe5, 0x8f, 0x50, 0x0, 0x0,
    0x0, 0x0, 0xf, 0x80, 0xf, 0x90, 0x0, 0x0,
    0x0, 0x0, 0xe, 0xc2, 0x5f, 0x70, 0x0, 0x0,
    0x0, 0x0, 0x3, 0xef, 0xfb, 0x0, 0x0, 0x0,
    0x0, 0x0, 0x0, 0x3, 0x20, 0x0, 0x0, 0x0,
    0x0, 0x0, 0x0, 0xef, 0xf6, 0x0, 0x0, 0x0,
    0x0, 0x0, 0x4, 0xff, 0xfc, 0x0, 0x0, 0x0,
    0x0, 0x0, 0xa, 0xfb, 0xff, 0x20, 0x0, 0x0,
    0x0, 0x0, 0xf, 0xf5, 0xdf, 0x80, 0x0, 0x0,
    0x0, 0x0, 0x5f, 0xf0, 0x9f, 0xd0, 0x0, 0x0,
    0x0, 0x0, 0xbf, 0xc0, 0x4f, 0xf3, 0x0, 0x0,
    0x0, 0x1, 0xff, 0x70, 0xf, 0xf9, 0x0, 0x0,
    0x0, 0x6, 0xff, 0x20, 0xa, 0xfe, 0x0, 0x0,
    0x0, 0xc, 0xfd, 0x0, 0x4, 0xff, 0x50, 0x0,
    0x0, 0x2f, 0xf7, 0x0, 0x0, 0xff, 0xb0, 0x0,
    0x0, 0x8f, 0xff, 0xff, 0xff, 0xff, 0xf1, 0x0,
    0x0, 0xdf, 0xff, 0xff, 0xff, 0xff, 0xf6, 0x0,
    0x3, 0xff, 0x70, 0x0, 0x0, 0xe, 0xfc, 0x0,
    0x9, 0xff, 0x10, 0x0, 0x0, 0x8, 0xff, 0x20,
    0xe, 0xfb, 0x0, 0x0, 0x0, 0x2, 0xff, 0x80,
    0x4f, 0xf6, 0x0, 0x0, 0x0, 0x0, 0xcf, 0xd0,

    /* U+00C6 "Æ" */
    0x0, 0x0, 0x0, 0x4, 0xff, 0xff, 0xff, 0xff,
    0xff, 0xff, 0xa0, 0x0, 0x0, 0x0, 0xbf, 0xdb,
    0xff, 0xff, 0xff, 0xff, 0xfa, 0x0, 0x0, 0x0,
    0x2f, 0xf5, 0x5f, 0xf1, 0x11, 0x11, 0x11, 0x0,
    0x0, 0x0, 0xa, 0xfe, 0x5, 0xff, 0x0, 0x0,
    0x0, 0x0, 0x0, 0x0, 0x2, 0xff, 0x70, 0x5f,
    0xf0, 0x0, 0x0, 0x0, 0x0, 0x0, 0x0, 0x9f,
    0xf0, 0x5, 0xff, 0x0, 0x0, 0x0, 0x0, 0x0,
    0x0, 0x1f, 0xf9, 0x0, 0x5f, 0xf0, 0x0, 0x0,
    0x0, 0x0, 0x0, 0x8, 0xff, 0x20, 0x5, 0xff,
    0xff, 0xff, 0xff, 0xf2, 0x0, 0x0, 0xef, 0xa0,
    0x0, 0x5f, 0xff, 0xff, 0xff, 0xff, 0x20, 0x0,
    0x6f, 0xf3, 0x0, 0x5, 0xff, 0x11, 0x11, 0x11,
    0x10, 0x0, 0xe, 0xff, 0xff, 0xff, 0xff, 0xf0,
    0x0, 0x0, 0x0, 0x0, 0x5, 0xff, 0xee, 0xee,
    0xee, 0xff, 0x0, 0x0, 0x0, 0x0, 0x0, 0xdf,
    0xd0, 0x0, 0x0, 0x5f, 0xf0, 0x0, 0x0, 0x0,
    0x0, 0x4f, 0xf6, 0x0, 0x0, 0x5, 0xff, 0x11,
    0x11, 0x11, 0x10, 0xc, 0xfe, 0x0, 0x0, 0x0,
    0x5f, 0xff, 0xff, 0xff, 0xff, 0xb3, 0xff, 0x70,
    0x0, 0x0, 0x5, 0xff, 0xff, 0xff, 0xff, 0xfb,

    /* U+00C7 "Ç" */
    0x0, 0x0, 0x5b, 0xef, 0xeb, 0x50, 0x0, 0x0,
    0x2, 0xdf, 0xff, 0xff, 0xff, 0xc1, 0x0, 0x1,
    0xef, 0xfa, 0x53, 0x5b, 0xff, 0xc0, 0x0, 0xaf,
    0xf4, 0x0, 0x0, 0x6, 0xff, 0x70, 0x2f, 0xf7,
    0x0, 0x0, 0x0, 0xb, 0xfc, 0x7, 0xff, 0x10,
    0x0, 0x0, 0x0, 0x24, 0x40, 0xaf, 0xc0, 0x0,
    0x0, 0x0, 0x0, 0x0, 0xb, 0xfa, 0x0, 0x0,
    0x0, 0x0, 0x0, 0x0, 0xbf, 0xa0, 0x0, 0x0,
    0x0, 0x0, 0x0, 0xa, 0xfc, 0x0, 0x0, 0x0,
    0x0, 0x0, 0x0, 0x7f, 0xf1, 0x0, 0x0, 0x0,
    0x2, 0x44, 0x2, 0xff, 0x70, 0x0, 0x0, 0x0,
    0xcf, 0xc0, 0xb, 0xff, 0x40, 0x0, 0x0, 0x6f,
    0xf6, 0x0, 0x1e, 0xff, 0xa5, 0x45, 0xbf, 0xfc,
    0x0, 0x0, 0x2d, 0xff, 0xff, 0xff, 0xfb, 0x10,
    0x0, 0x0, 0x6, 0xbf, 0xfe, 0xb5, 0x0, 0x0,
    0x0, 0x0, 0x0, 0x4f, 0x30, 0x0, 0x0, 0x0,
    0x0, 0x0, 0x4, 0x9e, 0xb0, 0x0, 0x0, 0x0,
    0x0, 0x0, 0x22, 0xbf, 0x0, 0x0, 0x0, 0x0,
    0x0, 0xd, 0xfe, 0x60, 0x0, 0x0,

    /* U+00C8 "È" */
    0x0, 0x2, 0x20, 0x0, 0x0, 0x0, 0x0, 0xbf,
    0x90, 0x0, 0x0, 0x0, 0x1, 0xef, 0x10, 0x0,
    0x0, 0x0, 0x5, 0xf8, 0x0, 0x0, 0x0, 0x0,
    0x0, 0x0, 0x0, 0x3, 0xff, 0xff, 0xff, 0xff,
    0xfd, 0x3f, 0xff, 0xff, 0xff, 0xff, 0xd3, 0xff,
    0x41, 0x11, 0x11, 0x11, 0x3f, 0xf3, 0x0, 0x0,
    0x0, 0x3, 0xff, 0x30, 0x0, 0x0, 0x0, 0x3f,
    0xf3, 0x0, 0x0, 0x0, 0x3, 0xff, 0x30, 0x0,
    0x0, 0x0, 0x3f, 0xff, 0xff, 0xff, 0xff, 0x53,
    0xff, 0xff, 0xff, 0xff, 0xf5, 0x3f, 0xf4, 0x11,
    0x11, 0x11, 0x3, 0xff, 0x30, 0x0, 0x0, 0x0,
    0x3f, 0xf3, 0x0, 0x0, 0x0, 0x3, 0xff, 0x30,
    0x0, 0x0, 0x0, 0x3f, 0xf4, 0x11, 0x11, 0x11,
    0x13, 0xff, 0xff, 0xff, 0xff, 0xfe, 0x3f, 0xff,
    0xff, 0xff, 0xff, 0xe0,

    /* U+00C9 "É" */
    0x0, 0x0, 0x0, 0x12, 0x20, 0x0, 0x0, 0x0,
    0xe, 0xf6, 0x0, 0x0, 0x0, 0x6, 0xfb, 0x0,
    0x0, 0x0, 0x0, 0xde, 0x10, 0x0, 0x0, 0x0,
    0x0, 0x0, 0x0, 0x3, 0xff, 0xff, 0xff, 0xff,
    0xfd, 0x3f, 0xff, 0xff, 0xff, 0xff, 0xd3, 0xff,
    0x41, 0x11, 0x11, 0x11, 0x3f, 0xf3, 0x0, 0x0,
    0x0, 0x3, 0xff, 0x30, 0x0, 0x0, 0x0, 0x3f,
    0xf3, 0x0, 0x0, 0x0, 0x3, 0xff, 0x30, 0x0,
    0x0, 0x0, 0x3f, 0xff, 0xff, 0xff, 0xff, 0x53,
    0xff, 0xff, 0xff, 0xff, 0xf5, 0x3f, 0xf4, 0x11,
    0x11, 0x11, 0x3, 0xff, 0x30, 0x0, 0x0, 0x0,
    0x3f, 0xf3, 0x0, 0x0, 0x0, 0x3, 0xff, 0x30,
    0x0, 0x0, 0x0, 0x3f, 0xf4, 0x11, 0x11, 0x11,
    0x13, 0xff, 0xff, 0xff, 0xff, 0xfe, 0x3f, 0xff,
    0xff, 0xff, 0xff, 0xe0,

    /* U+00CA "Ê" */
    0x0, 0x0, 0x38, 0x70, 0x0, 0x0, 0x0, 0x2e,
    0xef, 0xc0, 0x0, 0x0, 0x2e, 0xf3, 0x7f, 0xa0,
    0x0, 0x5, 0x84, 0x0, 0x68, 0x30, 0x0, 0x0,
    0x0, 0x0, 0x0, 0x3, 0xff, 0xff, 0xff, 0xff,
    0xfd, 0x3f, 0xff, 0xff, 0xff, 0xff, 0xd3, 0xff,
    0x41, 0x11, 0x11, 0x11, 0x3f, 0xf3, 0x0, 0x0,
    0x0, 0x3, 0xff, 0x30, 0x0, 0x0, 0x0, 0x3f,
    0xf3, 0x0, 0x0, 0x0, 0x3, 0xff, 0x30, 0x0,
    0x0, 0x0, 0x3f, 0xff, 0xff, 0xff, 0xff, 0x53,
    0xff, 0xff, 0xff, 0xff, 0xf5, 0x3f, 0xf4, 0x11,
    0x11, 0x11, 0x3, 0xff, 0x30, 0x0, 0x0, 0x0,
    0x3f, 0xf3, 0x0, 0x0, 0x0, 0x3, 0xff, 0x30,
    0x0, 0x0, 0x0, 0x3f, 0xf4, 0x11, 0x11, 0x11,
    0x13, 0xff, 0xff, 0xff, 0xff, 0xfe, 0x3f, 0xff,
    0xff, 0xff, 0xff, 0xe0,

    /* U+00CB "Ë" */
    0x0, 0x6f, 0x80, 0xc, 0xe3, 0x0, 0xc, 0xfe,
    0x2, 0xff, 0x70, 0x0, 0x3a, 0x40, 0x7, 0x91,
    0x0, 0x0, 0x0, 0x0, 0x0, 0x0, 0x3f, 0xff,
    0xff, 0xff, 0xff, 0xd3, 0xff, 0xff, 0xff, 0xff,
    0xfd, 0x3f, 0xf4, 0x11, 0x11, 0x11, 0x13, 0xff,
    0x30, 0x0, 0x0, 0x0, 0x3f, 0xf3, 0x0, 0x0,
    0x0, 0x3, 0xff, 0x30, 0x0, 0x0, 0x0, 0x3f,
    0xf3, 0x0, 0x0, 0x0, 0x3, 0xff, 0xff, 0xff,
    0xff, 0xf5, 0x3f, 0xff, 0xff, 0xff, 0xff, 0x53,
    0xff, 0x41, 0x11, 0x11, 0x10, 0x3f, 0xf3, 0x0,
    0x0, 0x0, 0x3, 0xff, 0x30, 0x0, 0x0, 0x0,
    0x3f, 0xf3, 0x0, 0x0, 0x0, 0x3, 0xff, 0x41,
    0x11, 0x11, 0x11, 0x3f, 0xff, 0xff, 0xff, 0xff,
    0xe3, 0xff, 0xff, 0xff, 0xff, 0xfe,

    /* U+00CC "Ì" */
    0x22, 0x10, 0x8, 0xfc, 0x0, 0xd, 0xf3, 0x0,
    0x3f, 0xb0, 0x0, 0x0, 0x0, 0x3f, 0xf3, 0x3,
    0xff, 0x30, 0x3f, 0xf3, 0x3, 0xff, 0x30, 0x3f,
    0xf3, 0x3, 0xff, 0x30, 0x3f, 0xf3, 0x3, 0xff,
    0x30, 0x3f, 0xf3, 0x3, 0xff, 0x30, 0x3f, 0xf3,
    0x3, 0xff, 0x30, 0x3f, 0xf3, 0x3, 0xff, 0x30,
    0x3f, 0xf3, 0x3, 0xff, 0x30,

    /* U+00CD "Í" */
    0x0, 0x12, 0x20, 0xc, 0xf8, 0x3, 0xfd, 0x0,
    0xbf, 0x30, 0x0, 0x0, 0x3, 0xff, 0x30, 0x3f,
    0xf3, 0x3, 0xff, 0x30, 0x3f, 0xf3, 0x3, 0xff,
    0x30, 0x3f, 0xf3, 0x3, 0xff, 0x30, 0x3f, 0xf3,
    0x3, 0xff, 0x30, 0x3f, 0xf3, 0x3, 0xff, 0x30,
    0x3f, 0xf3, 0x3, 0xff, 0x30, 0x3f, 0xf3, 0x3,
    0xff, 0x30, 0x3f, 0xf3, 0x0,

    /* U+00CE "Î" */
    0x0, 0x28, 0x81, 0x0, 0x1, 0xdf, 0xfd, 0x10,
    0x1d, 0xf4, 0x5f, 0xc0, 0x48, 0x50, 0x5, 0x84,
    0x0, 0x0, 0x0, 0x0, 0x0, 0x3f, 0xf3, 0x0,
    0x0, 0x3f, 0xf3, 0x0, 0x0, 0x3f, 0xf3, 0x0,
    0x0, 0x3f, 0xf3, 0x0, 0x0, 0x3f, 0xf3, 0x0,
    0x0, 0x3f, 0xf3, 0x0, 0x0, 0x3f, 0xf3, 0x0,
    0x0, 0x3f, 0xf3, 0x0, 0x0, 0x3f, 0xf3, 0x0,
    0x0, 0x3f, 0xf3, 0x0, 0x0, 0x3f, 0xf3, 0x0,
    0x0, 0x3f, 0xf3, 0x0, 0x0, 0x3f, 0xf3, 0x0,
    0x0, 0x3f, 0xf3, 0x0, 0x0, 0x3f, 0xf3, 0x0,
    0x0, 0x3f, 0xf3, 0x0,

    /* U+00CF "Ï" */
    0x4e, 0xa0, 0xa, 0xf4, 0x9f, 0xf0, 0xf, 0xfa,
    0x2a, 0x60, 0x6, 0xa2, 0x0, 0x0, 0x0, 0x0,
    0x0, 0x3f, 0xf3, 0x0, 0x0, 0x3f, 0xf3, 0x0,
    0x0, 0x3f, 0xf3, 0x0, 0x0, 0x3f, 0xf3, 0x0,
    0x0, 0x3f, 0xf3, 0x0, 0x0, 0x3f, 0xf3, 0x0,
    0x0, 0x3f, 0xf3, 0x0, 0x0, 0x3f, 0xf3, 0x0,
    0x0, 0x3f, 0xf3, 0x0, 0x0, 0x3f, 0xf3, 0x0,
    0x0, 0x3f, 0xf3, 0x0, 0x0, 0x3f, 0xf3, 0x0,
    0x0, 0x3f, 0xf3, 0x0, 0x0, 0x3f, 0xf3, 0x0,
    0x0, 0x3f, 0xf3, 0x0, 0x0, 0x3f, 0xf3, 0x0,

    /* U+00D0 "Ð" */
    0x0, 0xcf, 0xff, 0xff, 0xec, 0x71, 0x0, 0x0,
    0x0, 0xcf, 0xff, 0xff, 0xff, 0xff, 0x50, 0x0,
    0x0, 0xcf, 0xb2, 0x22, 0x37, 0xef, 0xf6, 0x0,
    0x0, 0xcf, 0xb0, 0x0, 0x0, 0xb, 0xff, 0x10,
    0x0, 0xcf, 0xb0, 0x0, 0x0, 0x1, 0xff, 0x80,
    0x0, 0xcf, 0xb0, 0x0, 0x0, 0x0, 0x9f, 0xd0,
    0x0, 0xcf, 0xb0, 0x0, 0x0, 0x0, 0x6f, 0xf0,
    0x9c, 0xff, 0xfc, 0xcc, 0x80, 0x0, 0x4f, 0xf1,
    0xcf, 0xff, 0xff, 0xff, 0xa0, 0x0, 0x4f, 0xf1,
    0x0, 0xcf, 0xb0, 0x0, 0x0, 0x0, 0x6f, 0xf0,
    0x0, 0xcf, 0xb0, 0x0, 0x0, 0x0, 0xaf, 0xd0,
    0x0, 0xcf, 0xb0, 0x0, 0x0, 0x1, 0xff, 0x80,
    0x0, 0xcf, 0xb0, 0x0, 0x0, 0xc, 0xff, 0x10,
    0x0, 0xcf, 0xb2, 0x22, 0x37, 0xef, 0xf5, 0x0,
    0x0, 0xcf, 0xff, 0xff, 0xff, 0xff, 0x50, 0x0,
    0x0, 0xcf, 0xff, 0xff, 0xec, 0x71, 0x0, 0x0,

    /* U+00D1 "Ñ" */
    0x0, 0x0, 0x4e, 0xe8, 0x3f, 0x90, 0x0, 0x0,
    0x0, 0xdd, 0xaf, 0xff, 0x30, 0x0, 0x0, 0x0,
    0x52, 0x1, 0x42, 0x0, 0x0, 0x0, 0x0, 0x0,
    0x0, 0x0, 0x0, 0x0, 0x3f, 0xfd, 0x0, 0x0,
    0x0, 0x9, 0xfe, 0x3f, 0xff, 0x80, 0x0, 0x0,
    0x9, 0xfe, 0x3f, 0xff, 0xf3, 0x0, 0x0, 0x9,
    0xfe, 0x3f, 0xfb, 0xfc, 0x0, 0x0, 0x9, 0xfe,
    0x3f, 0xf4, 0xff, 0x70, 0x0, 0x9, 0xfe, 0x3f,
    0xf2, 0x8f, 0xf1, 0x0, 0x9, 0xfe, 0x3f, 0xf3,
    0xe, 0xfb, 0x0, 0x9, 0xfe, 0x3f, 0xf3, 0x5,
    0xff, 0x50, 0x9, 0xfe, 0x3f, 0xf4, 0x0, 0xbf,
    0xe1, 0x9, 0xfe, 0x3f, 0xf4, 0x0, 0x2f, 0xf9,
    0x9, 0xfe, 0x3f, 0xf4, 0x0, 0x7, 0xff, 0x39,
    0xfe, 0x3f, 0xf4, 0x0, 0x0, 0xcf, 0xc8, 0xfe,
    0x3f, 0xf4, 0x0, 0x0, 0x3f, 0xfc, 0xfe, 0x3f,
    0xf4, 0x0, 0x0, 0x8, 0xff, 0xfe, 0x3f, 0xf4,
    0x0, 0x0, 0x0, 0xef, 0xfe, 0x3f, 0xf4, 0x0,
    0x0, 0x0, 0x4f, 0xfe,

    /* U+00D2 "Ò" */
    0x0, 0x0, 0x3f, 0xf2, 0x0, 0x0, 0x0, 0x0,
    0x0, 0x0, 0x8f, 0x90, 0x0, 0x0, 0x0, 0x0,
    0x0, 0x0, 0xdf, 0x10, 0x0, 0x0, 0x0, 0x0,
    0x0, 0x1, 0x20, 0x0, 0x0, 0x0, 0x0, 0x0,
    0x0, 0x0, 0x0, 0x0, 0x0, 0x0, 0x0, 0x5,
    0xbe, 0xfd, 0xb4, 0x0, 0x0, 0x0, 0x2c, 0xff,
    0xff, 0xff, 0xfb, 0x10, 0x0, 0x1e, 0xff, 0xa5,
    0x35, 0xbf, 0xfd, 0x0, 0xa, 0xff, 0x40, 0x0,
    0x0, 0x6f, 0xf8, 0x2, 0xff, 0x70, 0x0, 0x0,
    0x0, 0x9f, 0xf0, 0x7f, 0xf1, 0x0, 0x0, 0x0,
    0x3, 0xff, 0x5a, 0xfc, 0x0, 0x0, 0x0, 0x0,
    0xe, 0xf8, 0xbf, 0xa0, 0x0, 0x0, 0x0, 0x0,
    0xdf, 0x9b, 0xfa, 0x0, 0x0, 0x0, 0x0, 0xd,
    0xf9, 0xaf, 0xc0, 0x0, 0x0, 0x0, 0x0, 0xef,
    0x87, 0xff, 0x10, 0x0, 0x0, 0x0, 0x3f, 0xf5,
    0x2f, 0xf7, 0x0, 0x0, 0x0, 0x9, 0xff, 0x0,
    0xaf, 0xf4, 0x0, 0x0, 0x6, 0xff, 0x80, 0x1,
    0xef, 0xfa, 0x54, 0x5b, 0xff, 0xd0, 0x0, 0x2,
    0xdf, 0xff, 0xff, 0xff, 0xb1, 0x0, 0x0, 0x0,
    0x5b, 0xef, 0xdb, 0x50, 0x0, 0x0,

    /* U+00D3 "Ó" */
    0x0, 0x0, 0x0, 0x4, 0xff, 0x20, 0x0, 0x0,
    0x0, 0x0, 0x0, 0xbf, 0x60, 0x0, 0x0, 0x0,
    0x0, 0x0, 0x3f, 0xb0, 0x0, 0x0, 0x0, 0x0,
    0x0, 0x1, 0x20, 0x0, 0x0, 0x0, 0x0, 0x0,
    0x0, 0x0, 0x0, 0x0, 0x0, 0x0, 0x0, 0x5,
    0xbe, 0xfd, 0xb4, 0x0, 0x0, 0x0, 0x2c, 0xff,
    0xff, 0xff, 0xfb, 0x10, 0x0, 0x1e, 0xff, 0xa5,
    0x35, 0xbf, 0xfd, 0x0, 0xa, 0xff, 0x40, 0x0,
    0x0, 0x6f, 0xf8, 0x2, 0xff, 0x70, 0x0, 0x0,
    0x0, 0x9f, 0xf0, 0x7f, 0xf1, 0x0, 0x0, 0x0,
    0x3, 0xff, 0x5a, 0xfc, 0x0, 0x0, 0x0, 0x0,
    0xe, 0xf8, 0xbf, 0xa0, 0x0, 0x0, 0x0, 0x0,
    0xdf, 0x9b, 0xfa, 0x0, 0x0, 0x0, 0x0, 0xd,
    0xf9, 0xaf, 0xc0, 0x0, 0x0, 0x0, 0x0, 0xef,
    0x87, 0xff, 0x10, 0x0, 0x0, 0x0, 0x3f, 0xf5,
    0x2f, 0xf7, 0x0, 0x0, 0x0, 0x9, 0xff, 0x0,
    0xaf, 0xf4, 0x0, 0x0, 0x6, 0xff, 0x80, 0x1,
    0xef, 0xfa, 0x54, 0x5b, 0xff, 0xd0, 0x0, 0x2,
    0xdf, 0xff, 0xff, 0xff, 0xb1, 0x0, 0x0, 0x0,
    0x5b, 0xef, 0xdb, 0x50, 0x0, 0x0,

    /* U+00D4 "Ô" */
    0x0, 0x0, 0x0, 0x68, 0x50, 0x0, 0x0, 0x0,
    0x0, 0x0, 0x8f, 0xef, 0x60, 0x0, 0x0, 0x0,
    0x0, 0x7f, 0xb1, 0xdf, 0x40, 0x0, 0x0, 0x0,
    0x17, 0x70, 0x1, 0x87, 0x0, 0x0, 0x0, 0x0,
    0x0, 0x0, 0x0, 0x0, 0x0, 0x0, 0x0, 0x5,
    0xbe, 0xfd, 0xb4, 0x0, 0x0, 0x0, 0x2c, 0xff,
    0xff, 0xff, 0xfb, 0x10, 0x0, 0x1e, 0xff, 0xa5,
    0x35, 0xbf, 0xfd, 0x0, 0xa, 0xff, 0x40, 0x0,
    0x0, 0x6f, 0xf8, 0x2, 0xff, 0x70, 0x0, 0x0,
    0x0, 0x9f, 0xf0, 0x7f, 0xf1, 0x0, 0x0, 0x0,
    0x3, 0xff, 0x5a, 0xfc, 0x0, 0x0, 0x0, 0x0,
    0xe, 0xf8, 0xbf, 0xa0, 0x0, 0x0, 0x0, 0x0,
    0xdf, 0x9b, 0xfa, 0x0, 0x0, 0x0, 0x0, 0xd,
    0xf9, 0xaf, 0xc0, 0x0, 0x0, 0x0, 0x0, 0xef,
    0x87, 0xff, 0x10, 0x0, 0x0, 0x0, 0x3f, 0xf5,
    0x2f, 0xf7, 0x0, 0x0, 0x0, 0x9, 0xff, 0x0,
    0xaf, 0xf4, 0x0, 0x0, 0x6, 0xff, 0x80, 0x1,
    0xef, 0xfa, 0x54, 0x5b, 0xff, 0xd0, 0x0, 0x2,
    0xdf, 0xff, 0xff, 0xff, 0xb1, 0x0, 0x0, 0x0,
    0x5b, 0xef, 0xdb, 0x50, 0x0, 0x0,

    /* U+00D5 "Õ" */
    0x0, 0x0, 0x5, 0x60, 0x5, 0x60, 0x0, 0x0,
    0x0, 0x7, 0xff, 0xc3, 0xea, 0x0, 0x0, 0x0,
    0x0, 0xcc, 0x2c, 0xff, 0x30, 0x0, 0x0, 0x0,
    0x4, 0x30, 0x4, 0x20, 0x0, 0x0, 0x0, 0x0,
    0x0, 0x0, 0x0, 0x0, 0x0, 0x0, 0x0, 0x5,
    0xbe, 0xfd, 0xb4, 0x0, 0x0, 0x0, 0x2c, 0xff,
    0xff, 0xff, 0xfb, 0x10, 0x0, 0x1e, 0xff, 0xa5,
    0x35, 0xbf, 0xfd, 0x0, 0xa, 0xff, 0x40, 0x0,
    0x0, 0x6f, 0xf8, 0x2, 0xff, 0x70, 0x0, 0x0,
    0x0, 0x9f, 0xf0, 0x7f, 0xf1, 0x0, 0x0, 0x0,
    0x3, 0xff, 0x5a, 0xfc, 0x0, 0x0, 0x0, 0x0,
    0xe, 0xf8, 0xbf, 0xa0, 0x0, 0x0, 0x0, 0x0,
    0xdf, 0x9b, 0xfa, 0x0, 0x0, 0x0, 0x0, 0xd,
    0xf9, 0xaf, 0xc0, 0x0, 0x0, 0x0, 0x0, 0xef,
    0x87, 0xff, 0x10, 0x0, 0x0, 0x0, 0x3f, 0xf5,
    0x2f, 0xf7, 0x0, 0x0, 0x0, 0x9, 0xff, 0x0,
    0xaf, 0xf4, 0x0, 0x0, 0x6, 0xff, 0x80, 0x1,
    0xef, 0xfa, 0x54, 0x5b, 0xff, 0xd0, 0x0, 0x2,
    0xdf, 0xff, 0xff, 0xff, 0xb1, 0x0, 0x0, 0x0,
    0x5b, 0xef, 0xdb, 0x50, 0x0, 0x0,

    /* U+00D6 "Ö" */
    0x0, 0x0, 0x79, 0x10, 0x1a, 0x60, 0x0, 0x0,
    0x0, 0x2f, 0xf7, 0x9, 0xff, 0x10, 0x0, 0x0,
    0x0, 0xce, 0x30, 0x4e, 0xb0, 0x0, 0x0, 0x0,
    0x0, 0x0, 0x0, 0x0, 0x0, 0x0, 0x0, 0x0,
    0x0, 0x0, 0x0, 0x0, 0x0, 0x0, 0x0, 0x5,
    0xbe, 0xfd, 0xb4, 0x0, 0x0, 0x0, 0x2c, 0xff,
    0xff, 0xff, 0xfb, 0x10, 0x0, 0x1e, 0xff, 0xa5,
    0x35, 0xbf, 0xfd, 0x0, 0xa, 0xff, 0x40, 0x0,
    0x0, 0x6f, 0xf8, 0x2, 0xff, 0x70, 0x0, 0x0,
    0x0, 0x9f, 0xf0, 0x7f, 0xf1, 0x0, 0x0, 0x0,
    0x3, 0xff, 0x5a, 0xfc, 0x0, 0x0, 0x0, 0x0,
    0xe, 0xf8, 0xbf, 0xa0, 0x0, 0x0, 0x0, 0x0,
    0xdf, 0x9b, 0xfa, 0x0, 0x0, 0x0, 0x0, 0xd,
    0xf9, 0xaf, 0xc0, 0x0, 0x0, 0x0, 0x0, 0xef,
    0x87, 0xff, 0x10, 0x0, 0x0, 0x0, 0x3f, 0xf5,
    0x2f, 0xf7, 0x0, 0x0, 0x0, 0x9, 0xff, 0x0,
    0xaf, 0xf4, 0x0, 0x0, 0x6, 0xff, 0x80, 0x1,
    0xef, 0xfa, 0x54, 0x5b, 0xff, 0xd0, 0x0, 0x2,
    0xdf, 0xff, 0xff, 0xff, 0xb1, 0x0, 0x0, 0x0,
    0x5b, 0xef, 0xdb, 0x50, 0x0, 0x0,

    /* U+00D7 "×" */
    0x2, 0x0, 0x0, 0x0, 0x1, 0x5, 0xf8, 0x0,
    0x0, 0xb, 0xe2, 0x7f, 0xf8, 0x0, 0xc, 0xff,
    0x30, 0x7f, 0xf8, 0xc, 0xff, 0x30, 0x0, 0x7f,
    0xfe, 0xff, 0x30, 0x0, 0x0, 0x7f, 0xff, 0x30,
    0x0, 0x0, 0x1c, 0xff, 0xf9, 0x0, 0x0, 0x1c,
    0xfe, 0x8f, 0xf9, 0x0, 0x1d, 0xfe, 0x30, 0x6f,
    0xf9, 0xa, 0xfe, 0x20, 0x0, 0x5f, 0xf5, 0x1b,
    0x20, 0x0, 0x0, 0x59, 0x0,

    /* U+00D8 "Ø" */
    0x0, 0x0, 0x0, 0x0, 0x0, 0x0, 0x10, 0x0,
    0x0, 0x5, 0xbe, 0xfd, 0xb4, 0x4f, 0x60, 0x0,
    0x2c, 0xff, 0xff, 0xff, 0xff, 0xf3, 0x0, 0x1e,
    0xff, 0xa5, 0x35, 0xbf, 0xff, 0x0, 0xa, 0xff,
    0x40, 0x0, 0x6, 0xff, 0xf8, 0x2, 0xff, 0x70,
    0x0, 0x2, 0xfe, 0xbf, 0xf0, 0x7f, 0xf1, 0x0,
    0x0, 0xdf, 0x53, 0xff, 0x5a, 0xfc, 0x0, 0x0,
    0x9f, 0x90, 0xe, 0xf8, 0xbf, 0xa0, 0x0, 0x4f,
    0xd0, 0x0, 0xdf, 0x9b, 0xfa, 0x0, 0x1e, 0xf3,
    0x0, 0xd, 0xf9, 0xaf, 0xc0, 0xb, 0xf7, 0x0,
    0x0, 0xef, 0x87, 0xff, 0x17, 0xfb, 0x0, 0x0,
    0x3f, 0xf5, 0x2f, 0xfa, 0xfe, 0x10, 0x0, 0x9,
    0xff, 0x0, 0xaf, 0xff, 0x40, 0x0, 0x6, 0xff,
    0x80, 0x1, 0xff, 0xfa, 0x54, 0x5b, 0xff, 0xd0,
    0x0, 0x5f, 0xff, 0xff, 0xff, 0xff, 0xb1, 0x0,
    0x9, 0xf3, 0x5b, 0xef, 0xdb, 0x50, 0x0, 0x0,
    0x2, 0x0, 0x0, 0x0, 0x0, 0x0, 0x0,

    /* U+00D9 "Ù" */
    0x0, 0x0, 0x8f, 0xc0, 0x0, 0x0, 0x0, 0x0,
    0x0, 0xd, 0xf4, 0x0, 0x0, 0x0, 0x0, 0x0,
    0x3, 0xfc, 0x0, 0x0, 0x0, 0x0, 0x0, 0x0,
    0x22, 0x0, 0x0, 0x0, 0x0, 0x0, 0x0, 0x0,
    0x0, 0x0, 0x0, 0x3f, 0xf3, 0x0, 0x0, 0x0,
    0xf, 0xf8, 0x3f, 0xf3, 0x0, 0x0, 0x0, 0xf,
    0xf8, 0x3f, 0xf3, 0x0, 0x0, 0x0, 0xf, 0xf8,
    0x3f, 0xf3, 0x0, 0x0, 0x0, 0xf, 0xf8, 0x3f,
    0xf3, 0x0, 0x0, 0x0, 0xf, 0xf8, 0x3f, 0xf3,
    0x0, 0x0, 0x0, 0xf, 0xf8, 0x3f, 0xf3, 0x0,
    0x0, 0x0, 0xf, 0xf8, 0x3f, 0xf3, 0x0, 0x0,
    0x0, 0xf, 0xf8, 0x3f, 0xf3, 0x0, 0x0, 0x0,
    0xf, 0xf8, 0x3f, 0xf3, 0x0, 0x0, 0x0, 0xf,
    0xf8, 0x3f, 0xf4, 0x0, 0x0, 0x0, 0xf, 0xf7,
    0x1f, 0xf7, 0x0, 0x0, 0x0, 0x3f, 0xf5, 0xc,
    0xfe, 0x20, 0x0, 0x0, 0xcf, 0xf1, 0x3, 0xff,
    0xe7, 0x43, 0x6d, 0xff, 0x80, 0x0, 0x5f, 0xff,
    0xff, 0xff, 0xf9, 0x0, 0x0, 0x2, 0x8d, 0xff,
    0xda, 0x30, 0x0,

    /* U+00DA "Ú" */
    0x0, 0x0, 0x0, 0x8, 0xfc, 0x0, 0x0, 0x0,
    0x0, 0x0, 0x1f, 0xf2, 0x0, 0x0, 0x0, 0x0,
    0x0, 0x7f, 0x60, 0x0, 0x0, 0x0, 0x0, 0x0,
    0x22, 0x0, 0x0, 0x0, 0x0, 0x0, 0x0, 0x0,
    0x0, 0x0, 0x0, 0x3f, 0xf3, 0x0, 0x0, 0x0,
    0xf, 0xf8, 0x3f, 0xf3, 0x0, 0x0, 0x0, 0xf,
    0xf8, 0x3f, 0xf3, 0x0, 0x0, 0x0, 0xf, 0xf8,
    0x3f, 0xf3, 0x0, 0x0, 0x0, 0xf, 0xf8, 0x3f,
    0xf3, 0x0, 0x0, 0x0, 0xf, 0xf8, 0x3f, 0xf3,
    0x0, 0x0, 0x0, 0xf, 0xf8, 0x3f, 0xf3, 0x0,
    0x0, 0x0, 0xf, 0xf8, 0x3f, 0xf3, 0x0, 0x0,
    0x0, 0xf, 0xf8, 0x3f, 0xf3, 0x0, 0x0, 0x0,
    0xf, 0xf8, 0x3f, 0xf3, 0x0, 0x0, 0x0, 0xf,
    0xf8, 0x3f, 0xf4, 0x0, 0x0, 0x0, 0xf, 0xf7,
    0x1f, 0xf7, 0x0, 0x0, 0x0, 0x3f, 0xf5, 0xc,
    0xfe, 0x20, 0x0, 0x0, 0xcf, 0xf1, 0x3, 0xff,
    0xe7, 0x43, 0x6d, 0xff, 0x80, 0x0, 0x5f, 0xff,
    0xff, 0xff, 0xf9, 0x0, 0x0, 0x2, 0x8d, 0xff,
    0xda, 0x30, 0x0,

    /* U+00DB "Û" */
    0x0, 0x0, 0x4, 0xff, 0x80, 0x0, 0x0, 0x0,
    0x0, 0x2f, 0xec, 0xf5, 0x0, 0x0, 0x0, 0x0,
    0xdf, 0x51, 0xef, 0x20, 0x0, 0x0, 0x3, 0x86,
    0x0, 0x48, 0x50, 0x0, 0x0, 0x0, 0x0, 0x0,
    0x0, 0x0, 0x0, 0x3f, 0xf3, 0x0, 0x0, 0x0,
    0xf, 0xf8, 0x3f, 0xf3, 0x0, 0x0, 0x0, 0xf,
    0xf8, 0x3f, 0xf3, 0x0, 0x0, 0x0, 0xf, 0xf8,
    0x3f, 0xf3, 0x0, 0x0, 0x0, 0xf, 0xf8, 0x3f,
    0xf3, 0x0, 0x0, 0x0, 0xf, 0xf8, 0x3f, 0xf3,
    0x0, 0x0, 0x0, 0xf, 0xf8, 0x3f, 0xf3, 0x0,
    0x0, 0x0, 0xf, 0xf8, 0x3f, 0xf3, 0x0, 0x0,
    0x0, 0xf, 0xf8, 0x3f, 0xf3, 0x0, 0x0, 0x0,
    0xf, 0xf8, 0x3f, 0xf3, 0x0, 0x0, 0x0, 0xf,
    0xf8, 0x3f, 0xf4, 0x0, 0x0, 0x0, 0xf, 0xf7,
    0x1f, 0xf7, 0x0, 0x0, 0x0, 0x3f, 0xf5, 0xc,
    0xfe, 0x20, 0x0, 0x0, 0xcf, 0xf1, 0x3, 0xff,
    0xe7, 0x43, 0x6d, 0xff, 0x80, 0x0, 0x5f, 0xff,
    0xff, 0xff, 0xf9, 0x0, 0x0, 0x2, 0x8d, 0xff,
    0xda, 0x30, 0x0,

    /* U+00DC "Ü" */
    0x0, 0x1, 0x97, 0x0, 0x4a, 0x30, 0x0, 0x0,
    0x7, 0xff, 0x20, 0xef, 0xc0, 0x0, 0x0, 0x3,
    0xec, 0x0, 0x8f, 0x70, 0x0, 0x0, 0x0, 0x0,
    0x0, 0x0, 0x0, 0x0, 0x0, 0x0, 0x0, 0x0,
    0x0, 0x0, 0x0, 0x3f, 0xf3, 0x0, 0x0, 0x0,
    0xf, 0xf8, 0x3f, 0xf3, 0x0, 0x0, 0x0, 0xf,
    0xf8, 0x3f, 0xf3, 0x0, 0x0, 0x0, 0xf, 0xf8,
    0x3f, 0xf3, 0x0, 0x0, 0x0, 0xf, 0xf8, 0x3f,
    0xf3, 0x0, 0x0, 0x0, 0xf, 0xf8, 0x3f, 0xf3,
    0x0, 0x0, 0x0, 0xf, 0xf8, 0x3f, 0xf3, 0x0,
    0x0, 0x0, 0xf, 0xf8, 0x3f, 0xf3, 0x0, 0x0,
    0x0, 0xf, 0xf8, 0x3f, 0xf3, 0x0, 0x0, 0x0,
    0xf, 0xf8, 0x3f, 0xf3, 0x0, 0x0, 0x0, 0xf,
    0xf8, 0x3f, 0xf4, 0x0, 0x0, 0x0, 0xf, 0xf7,
    0x1f, 0xf7, 0x0, 0x0, 0x0, 0x3f, 0xf5, 0xc,
    0xfe, 0x20, 0x0, 0x0, 0xcf, 0xf1, 0x3, 0xff,
    0xe7, 0x43, 0x6d, 0xff, 0x80, 0x0, 0x5f, 0xff,
    0xff, 0xff, 0xf9, 0x0, 0x0, 0x2, 0x8d, 0xff,
    0xda, 0x30, 0x0,

    /* U+00DD "Ý" */
    0x0, 0x0, 0x0, 0x0, 0x22, 0x10, 0x0, 0x0,
    0x0, 0x0, 0x0, 0x2f, 0xf3, 0x0, 0x0, 0x0,
    0x0, 0x0, 0x9, 0xf8, 0x0, 0x0, 0x0, 0x0,
    0x0, 0x1, 0xfd, 0x0, 0x0, 0x0, 0x0, 0x0,
    0x0, 0x0, 0x0, 0x0, 0x0, 0x2, 0xff, 0xb0,
    0x0, 0x0, 0x0, 0x5f, 0xf7, 0x8, 0xff, 0x40,
    0x0, 0x0, 0xe, 0xfd, 0x0, 0xe, 0xfd, 0x0,
    0x0, 0x8, 0xff, 0x30, 0x0, 0x4f, 0xf7, 0x0,
    0x2, 0xff, 0xa0, 0x0, 0x0, 0xbf, 0xf1, 0x0,
    0xbf, 0xe1, 0x0, 0x0, 0x1, 0xff, 0xa0, 0x4f,
    0xf6, 0x0, 0x0, 0x0, 0x7, 0xff, 0x2c, 0xfc,
    0x0, 0x0, 0x0, 0x0, 0xd, 0xfd, 0xff, 0x30,
    0x0, 0x0, 0x0, 0x0, 0x3f, 0xff, 0x90, 0x0,
    0x0, 0x0, 0x0, 0x0, 0xaf, 0xf0, 0x0, 0x0,
    0x0, 0x0, 0x0, 0x8, 0xfe, 0x0, 0x0, 0x0,
    0x0, 0x0, 0x0, 0x8f, 0xe0, 0x0, 0x0, 0x0,
    0x0, 0x0, 0x8, 0xfe, 0x0, 0x0, 0x0, 0x0,
    0x0, 0x0, 0x8f, 0xe0, 0x0, 0x0, 0x0, 0x0,
    0x0, 0x8, 0xfe, 0x0, 0x0, 0x0, 0x0, 0x0,
    0x0, 0x8f, 0xe0, 0x0, 0x0, 0x0,

    /* U+00DE "Þ" */
    0x5f, 0xf2, 0x0, 0x0, 0x0, 0x0, 0x5f, 0xf2,
    0x0, 0x0, 0x0, 0x0, 0x5f, 0xf2, 0x0, 0x0,
    0x0, 0x0, 0x5f, 0xff, 0xff, 0xfd, 0x81, 0x0,
    0x5f, 0xff, 0xff, 0xff, 0xfe, 0x20, 0x5f, 0xf2,
    0x0, 0x15, 0xef, 0xd0, 0x5f, 0xf2, 0x0, 0x0,
    0x4f, 0xf3, 0x5f, 0xf2, 0x0, 0x0, 0xe, 0xf6,
    0x5f, 0xf2, 0x0, 0x0, 0xe, 0xf6, 0x5f, 0xf2,
    0x0, 0x0, 0x3f, 0xf3, 0x5f, 0xf2, 0x0, 0x15,
    0xef, 0xc0, 0x5f, 0xff, 0xff, 0xff, 0xfe, 0x20,
    0x5f, 0xff, 0xff, 0xfd, 0x81, 0x0, 0x5f, 0xf2,
    0x0, 0x0, 0x0, 0x0, 0x5f, 0xf2, 0x0, 0x0,
    0x0, 0x0, 0x5f, 0xf2, 0x0, 0x0, 0x0, 0x0,

    /* U+00DF "ß" */
    0x0, 0x19, 0xdf, 0xeb, 0x50, 0x0, 0x3, 0xff,
    0xff, 0xff, 0xfa, 0x0, 0xd, 0xff, 0x62, 0x3b,
    0xff, 0x50, 0x2f, 0xf6, 0x0, 0x0, 0xef, 0xa0,
    0x3f, 0xf2, 0x0, 0x0, 0xbf, 0xb0, 0x3f, 0xf2,
    0x0, 0x0, 0xef, 0x70, 0x3f, 0xf2, 0x0, 0x2a,
    0xfd, 0x0, 0x3f, 0xf2, 0xe, 0xff, 0xb0, 0x0,
    0x3f, 0xf2, 0xe, 0xff, 0xfe, 0x40, 0x3f, 0xf2,
    0x0, 0x2, 0xbf, 0xf2, 0x3f, 0xf2, 0x0, 0x0,
    0xe, 0xf8, 0x3f, 0xf2, 0x0, 0x0, 0xb, 0xfb,
    0x3f, 0xf2, 0x0, 0x0, 0xd, 0xf9, 0x3f, 0xf2,
    0x0, 0x2, 0xaf, 0xf4, 0x3f, 0xf2, 0xf, 0xff,
    0xff, 0xa0, 0x3f, 0xf2, 0xf, 0xff, 0xc6, 0x0,

    /* U+00E0 "à" */
    0x0, 0x8, 0xfc, 0x0, 0x0, 0x0, 0x0, 0xd,
    0xf4, 0x0, 0x0, 0x0, 0x0, 0x3f, 0xb0, 0x0,
    0x0, 0x0, 0x0, 0x22, 0x0, 0x0, 0x0, 0x0,
    0x0, 0x0, 0x0, 0x0, 0x0, 0x6c, 0xff, 0xd9,
    0x10, 0x0, 0xcf, 0xff, 0xef, 0xfe, 0x20, 0x8f,
    0xf5, 0x0, 0x2e, 0xf9, 0x0, 0x34, 0x0, 0x0,
    0x8f, 0xd0, 0x0, 0x0, 0x1, 0x3c, 0xfe, 0x0,
    0x28, 0xcf, 0xff, 0xff, 0xe0, 0x6f, 0xff, 0xb9,
    0x69, 0xfe, 0xe, 0xfa, 0x0, 0x0, 0x7f, 0xe1,
    0xff, 0x40, 0x0, 0xb, 0xfe, 0xe, 0xfa, 0x0,
    0x8, 0xff, 0xe0, 0x7f, 0xff, 0xef, 0xfa, 0xfe,
    0x0, 0x5c, 0xff, 0xb3, 0x6f, 0xe0,

    /* U+00E1 "á" */
    0x0, 0x0, 0x0, 0x9f, 0xb0, 0x0, 0x0, 0x0,
    0x1f, 0xf2, 0x0, 0x0, 0x0, 0x8, 0xf6, 0x0,
    0x0, 0x0, 0x0, 0x22, 0x0, 0x0, 0x0, 0x0,
    0x0, 0x0, 0x0, 0x0, 0x0, 0x6c, 0xff, 0xd9,
    0x10, 0x0, 0xcf, 0xff, 0xef, 0xfe, 0x20, 0x8f,
    0xf5, 0x0, 0x2e, 0xf9, 0x0, 0x34, 0x0, 0x0,
    0x8f, 0xd0, 0x0, 0x0, 0x1, 0x3c, 0xfe, 0x0,
    0x28, 0xcf, 0xff, 0xff, 0xe0, 0x6f, 0xff, 0xb9,
    0x69, 0xfe, 0xe, 0xfa, 0x0, 0x0, 0x7f, 0xe1,
    0xff, 0x40, 0x0, 0xb, 0xfe, 0xe, 0xfa, 0x0,
    0x8, 0xff, 0xe0, 0x7f, 0xff, 0xef, 0xfa, 0xfe,
    0x0, 0x5c, 0xff, 0xb3, 0x6f, 0xe0,

    /* U+00E2 "â" */
    0x0, 0x0, 0x6f, 0xf9, 0x0, 0x0, 0x0, 0x5f,
    0xca, 0xf7, 0x0, 0x0, 0x4f, 0xe1, 0xc, 0xf6,
    0x0, 0x0, 0x0, 0x0, 0x0, 0x0, 0x0, 0x0,
    0x0, 0x0, 0x0, 0x0, 0x0, 0x6c, 0xff, 0xd9,
    0x10, 0x0, 0xcf, 0xff, 0xef, 0xfe, 0x20, 0x8f,
    0xf5, 0x0, 0x2e, 0xf9, 0x0, 0x34, 0x0, 0x0,
    0x8f, 0xd0, 0x0, 0x0, 0x1, 0x3c, 0xfe, 0x0,
    0x28, 0xcf, 0xff, 0xff, 0xe0, 0x6f, 0xff, 0xb9,
    0x69, 0xfe, 0xe, 0xfa, 0x0, 0x0, 0x7f, 0xe1,
    0xff, 0x40, 0x0, 0xb, 0xfe, 0xe, 0xfa, 0x0,
    0x8, 0xff, 0xe0, 0x7f, 0xff, 0xef, 0xfa, 0xfe,
    0x0, 0x5c, 0xff, 0xb3, 0x6f, 0xe0,

    /* U+00E3 "ã" */
    0x0, 0x1, 0x64, 0x0, 0x83, 0x0, 0x0, 0xcf,
    0xf8, 0x5f, 0x40, 0x0, 0x2f, 0x74, 0xef, 0xd0,
    0x0, 0x1, 0x51, 0x1, 0x41, 0x0, 0x0, 0x0,
    0x0, 0x0, 0x0, 0x0, 0x0, 0x6c, 0xff, 0xd9,
    0x10, 0x0, 0xcf, 0xff, 0xef, 0xfe, 0x20, 0x8f,
    0xf5, 0x0, 0x2e, 0xf9, 0x0, 0x34, 0x0, 0x0,
    0x8f, 0xd0, 0x0, 0x0, 0x1, 0x3c, 0xfe, 0x0,
    0x28, 0xcf, 0xff, 0xff, 0xe0, 0x6f, 0xff, 0xb9,
    0x69, 0xfe, 0xe, 0xfa, 0x0, 0x0, 0x7f, 0xe1,
    0xff, 0x40, 0x0, 0xb, 0xfe, 0xe, 0xfa, 0x0,
    0x8, 0xff, 0xe0, 0x7f, 0xff, 0xef, 0xfa, 0xfe,
    0x0, 0x5c, 0xff, 0xb3, 0x6f, 0xe0,

    /* U+00E4 "ä" */
    0x0, 0x6, 0x40, 0x2, 0x71, 0x0, 0x7, 0xff,
    0x10, 0xdf, 0xb0, 0x0, 0x5f, 0xe0, 0xb, 0xf8,
    0x0, 0x0, 0x10, 0x0, 0x2, 0x0, 0x0, 0x0,
    0x0, 0x0, 0x0, 0x0, 0x0, 0x6c, 0xff, 0xd9,
    0x10, 0x0, 0xcf, 0xff, 0xef, 0xfe, 0x20, 0x8f,
    0xf5, 0x0, 0x2e, 0xf9, 0x0, 0x34, 0x0, 0x0,
    0x8f, 0xd0, 0x0, 0x0, 0x1, 0x3c, 0xfe, 0x0,
    0x28, 0xcf, 0xff, 0xff, 0xe0, 0x6f, 0xff, 0xb9,
    0x69, 0xfe, 0xe, 0xfa, 0x0, 0x0, 0x7f, 0xe1,
    0xff, 0x40, 0x0, 0xb, 0xfe, 0xe, 0xfa, 0x0,
    0x8, 0xff, 0xe0, 0x7f, 0xff, 0xef, 0xfa, 0xfe,
    0x0, 0x5c, 0xff, 0xb3, 0x6f, 0xe0,

    /* U+00E5 "å" */
    0x0, 0x0, 0x0, 0x0, 0x0, 0x0, 0x0, 0x8,
    0xff, 0xb1, 0x0, 0x0, 0x7, 0xf7, 0x6f, 0xb0,
    0x0, 0x0, 0xbd, 0x0, 0x9f, 0x0, 0x0, 0x8,
    0xf4, 0x3e, 0xc0, 0x0, 0x0, 0xb, 0xff, 0xe2,
    0x0, 0x0, 0x0, 0x3, 0x30, 0x0, 0x0, 0x0,
    0x6c, 0xff, 0xd9, 0x10, 0x0, 0xcf, 0xff, 0xef,
    0xfe, 0x20, 0x8f, 0xf5, 0x0, 0x2e, 0xf9, 0x0,
    0x34, 0x0, 0x0, 0x8f, 0xd0, 0x0, 0x0, 0x1,
    0x3c, 0xfe, 0x0, 0x28, 0xcf, 0xff, 0xff, 0xe0,
    0x6f, 0xff, 0xb9, 0x69, 0xfe, 0xe, 0xfa, 0x0,
    0x0, 0x7f, 0xe1, 0xff, 0x40, 0x0, 0xb, 0xfe,
    0xe, 0xfa, 0x0, 0x8, 0xff, 0xe0, 0x7f, 0xff,
    0xef, 0xfa, 0xfe, 0x0, 0x5c, 0xff, 0xb3, 0x6f,
    0xe0,

    /* U+00E6 "æ" */
    0x0, 0x6, 0xcf, 0xfd, 0x70, 0x7, 0xdf, 0xeb,
    0x40, 0x0, 0x0, 0xcf, 0xff, 0xef, 0xfb, 0xcf,
    0xfe, 0xff, 0xf9, 0x0, 0x8, 0xff, 0x60, 0x3,
    0xef, 0xfd, 0x30, 0x7, 0xff, 0x50, 0x0, 0x44,
    0x0, 0x0, 0x8f, 0xf1, 0x0, 0x0, 0x9f, 0xc0,
    0x0, 0x0, 0x0, 0x0, 0x7f, 0xb0, 0x0, 0x0,
    0x4f, 0xf0, 0x0, 0x29, 0xdf, 0xff, 0xff, 0xff,
    0xff, 0xff, 0xff, 0xf1, 0x5, 0xff, 0xfc, 0xbb,
    0xdf, 0xeb, 0xbb, 0xbb, 0xbb, 0xb1, 0xe, 0xfb,
    0x10, 0x0, 0x7f, 0xc0, 0x0, 0x0, 0x0, 0x0,
    0x1f, 0xf4, 0x0, 0x0, 0xbf, 0xf2, 0x0, 0x0,
    0x36, 0x30, 0xe, 0xfb, 0x10, 0x19, 0xff, 0xfd,
    0x40, 0x4, 0xef, 0xa0, 0x7, 0xff, 0xff, 0xff,
    0xd2, 0xdf, 0xff, 0xff, 0xfd, 0x10, 0x0, 0x5c,
    0xff, 0xc6, 0x0, 0x7, 0xdf, 0xfc, 0x70, 0x0,

    /* U+00E7 "ç" */
    0x0, 0x29, 0xdf, 0xeb, 0x30, 0x0, 0x4f, 0xff,
    0xff, 0xff, 0x70, 0x1e, 0xfc, 0x30, 0x1a, 0xff,
    0x38, 0xff, 0x10, 0x0, 0xb, 0xb4, 0xcf, 0xa0,
    0x0, 0x0, 0x0, 0xe, 0xf7, 0x0, 0x0, 0x0,
    0x0, 0xef, 0x70, 0x0, 0x0, 0x0, 0xc, 0xfa,
    0x0, 0x0, 0x0, 0x0, 0x8f, 0xf1, 0x0, 0x0,
    0xcd, 0x51, 0xef, 0xd3, 0x1, 0x9f, 0xf3, 0x4,
    0xff, 0xff, 0xff, 0xf7, 0x0, 0x2, 0x9d, 0xff,
    0xb3, 0x0, 0x0, 0x0, 0x1f, 0x71, 0x0, 0x0,
    0x0, 0x1, 0x8c, 0xf1, 0x0, 0x0, 0x0, 0x12,
    0x8f, 0x30, 0x0, 0x0, 0xa, 0xfe, 0x90, 0x0,

    /* U+00E8 "è" */
    0x0, 0x2f, 0xf3, 0x0, 0x0, 0x0, 0x0, 0x7f,
    0xa0, 0x0, 0x0, 0x0, 0x0, 0xcf, 0x20, 0x0,
    0x0, 0x0, 0x1, 0x21, 0x0, 0x0, 0x0, 0x0,
    0x0, 0x0, 0x0, 0x0, 0x2, 0x9d, 0xfe, 0xa3,
    0x0, 0x4, 0xff, 0xff, 0xff, 0xf5, 0x1, 0xef,
    0xb2, 0x1, 0xaf, 0xf2, 0x8f, 0xd0, 0x0, 0x0,
    0xdf, 0x8c, 0xf8, 0x0, 0x0, 0x8, 0xfc, 0xef,
    0xff, 0xff, 0xff, 0xff, 0xee, 0xfd, 0xbb, 0xbb,
    0xbb, 0xba, 0xcf, 0x80, 0x0, 0x0, 0x0, 0x8,
    0xfd, 0x0, 0x0, 0x4, 0x41, 0x1f, 0xfb, 0x20,
    0x6, 0xff, 0x70, 0x4f, 0xff, 0xff, 0xff, 0xb0,
    0x0, 0x29, 0xdf, 0xec, 0x60, 0x0,

    /* U+00E9 "é" */
    0x0, 0x0, 0x2, 0xff, 0x20, 0x0, 0x0, 0x0,
    0xaf, 0x70, 0x0, 0x0, 0x0, 0x2f, 0xc0, 0x0,
    0x0, 0x0, 0x1, 0x21, 0x0, 0x0, 0x0, 0x0,
    0x0, 0x0, 0x0, 0x0, 0x2, 0x9d, 0xfe, 0xa3,
    0x0, 0x4, 0xff, 0xff, 0xff, 0xf5, 0x1, 0xef,
    0xb2, 0x1, 0xaf, 0xf2, 0x8f, 0xd0, 0x0, 0x0,
    0xdf, 0x8c, 0xf8, 0x0, 0x0, 0x8, 0xfc, 0xef,
    0xff, 0xff, 0xff, 0xff, 0xee, 0xfd, 0xbb, 0xbb,
    0xbb, 0xba, 0xcf, 0x80, 0x0, 0x0, 0x0, 0x8,
    0xfd, 0x0, 0x0, 0x4, 0x41, 0x1f, 0xfb, 0x20,
    0x6, 0xff, 0x70, 0x4f, 0xff, 0xff, 0xff, 0xb0,
    0x0, 0x29, 0xdf, 0xec, 0x60, 0x0,

    /* U+00EA "ê" */
    0x0, 0x1, 0xef, 0xe1, 0x0, 0x0, 0x1, 0xdf,
    0x7f, 0xd1, 0x0, 0x0, 0xcf, 0x60, 0x6f, 0xc0,
    0x0, 0x0, 0x0, 0x0, 0x0, 0x0, 0x0, 0x0,
    0x0, 0x0, 0x0, 0x0, 0x2, 0x9d, 0xfe, 0xa3,
    0x0, 0x4, 0xff, 0xff, 0xff, 0xf5, 0x1, 0xef,
    0xb2, 0x1, 0xaf, 0xf2, 0x8f, 0xd0, 0x0, 0x0,
    0xdf, 0x8c, 0xf8, 0x0, 0x0, 0x8, 0xfc, 0xef,
    0xff, 0xff, 0xff, 0xff, 0xee, 0xfd, 0xbb, 0xbb,
    0xbb, 0xba, 0xcf, 0x80, 0x0, 0x0, 0x0, 0x8,
    0xfd, 0x0, 0x0, 0x4, 0x41, 0x1f, 0xfb, 0x20,
    0x6, 0xff, 0x70, 0x4f, 0xff, 0xff, 0xff, 0xb0,
    0x0, 0x29, 0xdf, 0xec, 0x60, 0x0,

    /* U+00EB "ë" */
    0x0, 0x46, 0x0, 0x6, 0x40, 0x0, 0x1f, 0xf7,
    0x7, 0xff, 0x10, 0x0, 0xef, 0x50, 0x5f, 0xe0,
    0x0, 0x0, 0x20, 0x0, 0x10, 0x0, 0x0, 0x0,
    0x0, 0x0, 0x0, 0x0, 0x2, 0x9d, 0xfe, 0xa3,
    0x0, 0x4, 0xff, 0xff, 0xff, 0xf5, 0x1, 0xef,
    0xb2, 0x1, 0xaf, 0xf2, 0x8f, 0xd0, 0x0, 0x0,
    0xdf, 0x8c, 0xf8, 0x0, 0x0, 0x8, 0xfc, 0xef,
    0xff, 0xff, 0xff, 0xff, 0xee, 0xfd, 0xbb, 0xbb,
    0xbb, 0xba, 0xcf, 0x80, 0x0, 0x0, 0x0, 0x8,
    0xfd, 0x0, 0x0, 0x4, 0x41, 0x1f, 0xfb, 0x20,
    0x6, 0xff, 0x70, 0x4f, 0xff, 0xff, 0xff, 0xb0,
    0x0, 0x29, 0xdf, 0xec, 0x60, 0x0,

    /* U+00EC "ì" */
    0x2, 0x20, 0x0, 0xcf, 0x80, 0x2, 0xff, 0x10,
    0x6, 0xf7, 0x0, 0x0, 0x0, 0x6, 0xff, 0x0,
    0x6f, 0xf0, 0x6, 0xff, 0x0, 0x6f, 0xf0, 0x6,
    0xff, 0x0, 0x6f, 0xf0, 0x6, 0xff, 0x0, 0x6f,
    0xf0, 0x6, 0xff, 0x0, 0x6f, 0xf0, 0x6, 0xff,
    0x0, 0x6f, 0xf0,

    /* U+00ED "í" */
    0x0, 0x22, 0x10, 0xf, 0xf5, 0x7, 0xfa, 0x0,
    0xee, 0x10, 0x0, 0x0, 0x6, 0xff, 0x0, 0x6f,
    0xf0, 0x6, 0xff, 0x0, 0x6f, 0xf0, 0x6, 0xff,
    0x0, 0x6f, 0xf0, 0x6, 0xff, 0x0, 0x6f, 0xf0,
    0x6, 0xff, 0x0, 0x6f, 0xf0, 0x6, 0xff, 0x0,
    0x6f, 0xf0, 0x0,

    /* U+00EE "î" */
    0x0, 0x38, 0x70, 0x0, 0x3, 0xfe, 0xfb, 0x0,
    0x2e, 0xe2, 0x8f, 0x90, 0x68, 0x30, 0x7, 0x82,
    0x0, 0x0, 0x0, 0x0, 0x0, 0x6f, 0xf0, 0x0,
    0x0, 0x6f, 0xf0, 0x0, 0x0, 0x6f, 0xf0, 0x0,
    0x0, 0x6f, 0xf0, 0x0, 0x0, 0x6f, 0xf0, 0x0,
    0x0, 0x6f, 0xf0, 0x0, 0x0, 0x6f, 0xf0, 0x0,
    0x0, 0x6f, 0xf0, 0x0, 0x0, 0x6f, 0xf0, 0x0,
    0x0, 0x6f, 0xf0, 0x0, 0x0, 0x6f, 0xf0, 0x0,
    0x0, 0x6f, 0xf0, 0x0,

    /* U+00EF "ï" */
    0x27, 0x10, 0x5, 0x60, 0xcf, 0xc0, 0x3f, 0xf5,
    0xaf, 0x90, 0x1f, 0xf3, 0x2, 0x0, 0x1, 0x10,
    0x0, 0x0, 0x0, 0x0, 0x0, 0x6f, 0xf0, 0x0,
    0x0, 0x6f, 0xf0, 0x0, 0x0, 0x6f, 0xf0, 0x0,
    0x0, 0x6f, 0xf0, 0x0, 0x0, 0x6f, 0xf0, 0x0,
    0x0, 0x6f, 0xf0, 0x0, 0x0, 0x6f, 0xf0, 0x0,
    0x0, 0x6f, 0xf0, 0x0, 0x0, 0x6f, 0xf0, 0x0,
    0x0, 0x6f, 0xf0, 0x0, 0x0, 0x6f, 0xf0, 0x0,
    0x0, 0x6f, 0xf0, 0x0,

    /* U+00F0 "ð" */
    0x0, 0x26, 0x0, 0x0, 0x0, 0x0, 0x8, 0xfd,
    0x40, 0x7e, 0x20, 0x0, 0x7, 0xff, 0xfe, 0x80,
    0x0, 0x1, 0x8f, 0xff, 0xa0, 0x0, 0x0, 0xae,
    0x71, 0xcf, 0x80, 0x0, 0x2, 0x0, 0x1, 0xef,
    0x30, 0x0, 0x5c, 0xfe, 0xa6, 0xfd, 0x0, 0x7f,
    0xfe, 0xce, 0xde, 0xf4, 0x3f, 0xf7, 0x0, 0x8,
    0xff, 0x9a, 0xfc, 0x0, 0x0, 0xc, 0xfc, 0xdf,
    0x70, 0x0, 0x0, 0x7f, 0xef, 0xf6, 0x0, 0x0,
    0x6, 0xfd, 0xdf, 0x70, 0x0, 0x0, 0x8f, 0xc9,
    0xfd, 0x0, 0x0, 0xd, 0xf7, 0x2f, 0xfa, 0x10,
    0x2b, 0xfe, 0x10, 0x6f, 0xff, 0xff, 0xff, 0x40,
    0x0, 0x3a, 0xef, 0xe9, 0x20, 0x0,

    /* U+00F1 "ñ" */
    0x0, 0x4, 0x71, 0x4, 0x70, 0x0, 0x4, 0xff,
    0xe4, 0xcc, 0x0, 0x0, 0x9e, 0x1a, 0xff, 0x60,
    0x0, 0x3, 0x40, 0x3, 0x30, 0x0, 0x0, 0x0,
    0x0, 0x0, 0x0, 0x6, 0xfd, 0x7, 0xdf, 0xe9,
    0x0, 0x6f, 0xd9, 0xff, 0xff, 0xfc, 0x6, 0xff,
    0xd3, 0x0, 0x9f, 0xf5, 0x6f, 0xf4, 0x0, 0x0,
    0xef, 0x86, 0xff, 0x0, 0x0, 0xc, 0xfa, 0x6f,
    0xf0, 0x0, 0x0, 0xbf, 0xa6, 0xff, 0x0, 0x0,
    0xb, 0xfa, 0x6f, 0xf0, 0x0, 0x0, 0xbf, 0xa6,
    0xff, 0x0, 0x0, 0xb, 0xfa, 0x6f, 0xf0, 0x0,
    0x0, 0xbf, 0xa6, 0xff, 0x0, 0x0, 0xb, 0xfa,
    0x6f, 0xf0, 0x0, 0x0, 0xbf, 0xa0,

    /* U+00F2 "ò" */
    0x0, 0x1e, 0xf4, 0x0, 0x0, 0x0, 0x0, 0x5,
    0xfc, 0x0, 0x0, 0x0, 0x0, 0x0, 0xaf, 0x40,
    0x0, 0x0, 0x0, 0x0, 0x2, 0x10, 0x0, 0x0,
    0x0, 0x0, 0x0, 0x0, 0x0, 0x0, 0x0, 0x29,
    0xdf, 0xeb, 0x40, 0x0, 0x4, 0xff, 0xff, 0xff,
    0xf8, 0x0, 0x1e, 0xfd, 0x30, 0x1a, 0xff, 0x40,
    0x8f, 0xf1, 0x0, 0x0, 0xcf, 0xc0, 0xcf, 0xa0,
    0x0, 0x0, 0x5f, 0xf1, 0xef, 0x70, 0x0, 0x0,
    0x3f, 0xf3, 0xef, 0x70, 0x0, 0x0, 0x2f, 0xf3,
    0xcf, 0xa0, 0x0, 0x0, 0x5f, 0xf1, 0x8f, 0xf1,
    0x0, 0x0, 0xcf, 0xc0, 0x1e, 0xfd, 0x30, 0x2a,
    0xff, 0x40, 0x4, 0xff, 0xff, 0xff, 0xf7, 0x0,
    0x0, 0x29, 0xdf, 0xeb, 0x40, 0x0,

    /* U+00F3 "ó" */
    0x0, 0x0, 0x1, 0xff, 0x40, 0x0, 0x0, 0x0,
    0x8, 0xf9, 0x0, 0x0, 0x0, 0x0, 0xf, 0xe0,
    0x0, 0x0, 0x0, 0x0, 0x2, 0x10, 0x0, 0x0,
    0x0, 0x0, 0x0, 0x0, 0x0, 0x0, 0x0, 0x29,
    0xdf, 0xeb, 0x40, 0x0, 0x4, 0xff, 0xff, 0xff,
    0xf8, 0x0, 0x1e, 0xfd, 0x30, 0x1a, 0xff, 0x40,
    0x8f, 0xf1, 0x0, 0x0, 0xcf, 0xc0, 0xcf, 0xa0,
    0x0, 0x0, 0x5f, 0xf1, 0xef, 0x70, 0x0, 0x0,
    0x3f, 0xf3, 0xef, 0x70, 0x0, 0x0, 0x2f, 0xf3,
    0xcf, 0xa0, 0x0, 0x0, 0x5f, 0xf1, 0x8f, 0xf1,
    0x0, 0x0, 0xcf, 0xc0, 0x1e, 0xfd, 0x30, 0x2a,
    0xff, 0x40, 0x4, 0xff, 0xff, 0xff, 0xf7, 0x0,
    0x0, 0x29, 0xdf, 0xeb, 0x40, 0x0,

    /* U+00F4 "ô" */
    0x0, 0x0, 0xcf, 0xe2, 0x0, 0x0, 0x0, 0xc,
    0xf7, 0xee, 0x10, 0x0, 0x0, 0xbf, 0x80, 0x4f,
    0xd1, 0x0, 0x0, 0x0, 0x0, 0x0, 0x0, 0x0,
    0x0, 0x0, 0x0, 0x0, 0x0, 0x0, 0x0, 0x29,
    0xdf, 0xeb, 0x40, 0x0, 0x4, 0xff, 0xff, 0xff,
    0xf8, 0x0, 0x1e, 0xfd, 0x30, 0x1a, 0xff, 0x40,
    0x8f, 0xf1, 0x0, 0x0, 0xcf, 0xc0, 0xcf, 0xa0,
    0x0, 0x0, 0x5f, 0xf1, 0xef, 0x70, 0x0, 0x0,
    0x3f, 0xf3, 0xef, 0x70, 0x0, 0x0, 0x2f, 0xf3,
    0xcf, 0xa0, 0x0, 0x0, 0x5f, 0xf1, 0x8f, 0xf1,
    0x0, 0x0, 0xcf, 0xc0, 0x1e, 0xfd, 0x30, 0x2a,
    0xff, 0x40, 0x4, 0xff, 0xff, 0xff, 0xf7, 0x0,
    0x0, 0x29, 0xdf, 0xeb, 0x40, 0x0,

    /* U+00F5 "õ" */
    0x0, 0x4, 0x71, 0x4, 0x70, 0x0, 0x0, 0x3f,
    0xfe, 0x4b, 0xd0, 0x0, 0x0, 0x9f, 0x19, 0xff,
    0x60, 0x0, 0x0, 0x34, 0x0, 0x33, 0x0, 0x0,
    0x0, 0x0, 0x0, 0x0, 0x0, 0x0, 0x0, 0x29,
    0xdf, 0xeb, 0x40, 0x0, 0x4, 0xff, 0xff, 0xff,
    0xf8, 0x0, 0x1e, 0xfd, 0x30, 0x1a, 0xff, 0x40,
    0x8f, 0xf1, 0x0, 0x0, 0xcf, 0xc0, 0xcf, 0xa0,
    0x0, 0x0, 0x5f, 0xf1, 0xef, 0x70, 0x0, 0x0,
    0x3f, 0xf3, 0xef, 0x70, 0x0, 0x0, 0x2f, 0xf3,
    0xcf, 0xa0, 0x0, 0x0, 0x5f, 0xf1, 0x8f, 0xf1,
    0x0, 0x0, 0xcf, 0xc0, 0x1e, 0xfd, 0x30, 0x2a,
    0xff, 0x40, 0x4, 0xff, 0xff, 0xff, 0xf7, 0x0,
    0x0, 0x29, 0xdf, 0xeb, 0x40, 0x0,

    /* U+00F6 "ö" */
    0x0, 0x37, 0x10, 0x6, 0x50, 0x0, 0x0, 0xff,
    0x90, 0x5f, 0xf3, 0x0, 0x0, 0xcf, 0x70, 0x3f,
    0xf2, 0x0, 0x0, 0x2, 0x0, 0x1, 0x10, 0x0,
    0x0, 0x0, 0x0, 0x0, 0x0, 0x0, 0x0, 0x29,
    0xdf, 0xeb, 0x40, 0x0, 0x4, 0xff, 0xff, 0xff,
    0xf8, 0x0, 0x1e, 0xfd, 0x30, 0x1a, 0xff, 0x40,
    0x8f, 0xf1, 0x0, 0x0, 0xcf, 0xc0, 0xcf, 0xa0,
    0x0, 0x0, 0x5f, 0xf1, 0xef, 0x70, 0x0, 0x0,
    0x3f, 0xf3, 0xef, 0x70, 0x0, 0x0, 0x2f, 0xf3,
    0xcf, 0xa0, 0x0, 0x0, 0x5f, 0xf1, 0x8f, 0xf1,
    0x0, 0x0, 0xcf, 0xc0, 0x1e, 0xfd, 0x30, 0x2a,
    0xff, 0x40, 0x4, 0xff, 0xff, 0xff, 0xf7, 0x0,
    0x0, 0x29, 0xdf, 0xeb, 0x40, 0x0,

    /* U+00F7 "÷" */
    0x0, 0x0, 0xbf, 0x60, 0x0, 0x0, 0x0, 0x2f,
    0xfd, 0x0, 0x0, 0x0, 0x0, 0xcf, 0x70, 0x0,
    0x0, 0x0, 0x0, 0x0, 0x0, 0x0, 0x0, 0x0,
    0x0, 0x0, 0x0, 0xd, 0xff, 0xff, 0xff, 0xff,
    0xf8, 0xdf, 0xff, 0xff, 0xff, 0xff, 0x80, 0x0,
    0x0, 0x0, 0x0, 0x0, 0x0, 0x0, 0xbf, 0x60,
    0x0, 0x0, 0x0, 0x2f, 0xfd, 0x0, 0x0, 0x0,
    0x0, 0xcf, 0x70, 0x0, 0x0, 0x0, 0x0, 0x0,
    0x0, 0x0,

    /* U+00F8 "ø" */
    0x0, 0x0, 0x0, 0x0, 0x0, 0x1, 0x0, 0x0,
    0x29, 0xdf, 0xeb, 0x47, 0xf2, 0x0, 0x4f, 0xff,
    0xff, 0xff, 0xf9, 0x0, 0x1e, 0xfd, 0x30, 0x1e,
    0xff, 0x50, 0x8, 0xff, 0x10, 0x2, 0xef, 0xfc,
    0x0, 0xcf, 0xa0, 0x1, 0xde, 0x7f, 0xf1, 0xe,
    0xf7, 0x0, 0xcf, 0x23, 0xff, 0x30, 0xef, 0x70,
    0xbf, 0x40, 0x2f, 0xf3, 0xc, 0xfa, 0x9f, 0x60,
    0x5, 0xff, 0x10, 0x8f, 0xff, 0x80, 0x0, 0xcf,
    0xc0, 0x1, 0xff, 0xf3, 0x2, 0xaf, 0xf4, 0x0,
    0x3f, 0xff, 0xff, 0xff, 0xf7, 0x0, 0xd, 0xd3,
    0x9d, 0xfe, 0xb4, 0x0, 0x0, 0x21, 0x0, 0x0,
    0x0, 0x0, 0x0,

    /* U+00F9 "ù" */
    0x0, 0x1e, 0xf4, 0x0, 0x0, 0x0, 0x0, 0x6f,
    0xc0, 0x0, 0x0, 0x0, 0x0, 0xbf, 0x30, 0x0,
    0x0, 0x0, 0x0, 0x21, 0x0, 0x0, 0x0, 0x0,
    0x0, 0x0, 0x0, 0x6, 0xff, 0x0, 0x0, 0xb,
    0xfa, 0x6f, 0xf0, 0x0, 0x0, 0xbf, 0xa6, 0xff,
    0x0, 0x0, 0xb, 0xfa, 0x6f, 0xf0, 0x0, 0x0,
    0xbf, 0xa6, 0xff, 0x0, 0x0, 0xb, 0xfa, 0x6f,
    0xf0, 0x0, 0x0, 0xbf, 0xa6, 0xff, 0x0, 0x0,
    0xb, 0xfa, 0x6f, 0xf0, 0x0, 0x0, 0xcf, 0xa5,
    0xff, 0x30, 0x0, 0x1f, 0xfa, 0x1f, 0xfd, 0x41,
    0x4d, 0xff, 0xa0, 0x8f, 0xff, 0xff, 0xca, 0xfa,
    0x0, 0x6d, 0xfe, 0x90, 0x9f, 0xa0,

    /* U+00FA "ú" */
    0x0, 0x0, 0x1, 0xff, 0x40, 0x0, 0x0, 0x0,
    0x8f, 0x90, 0x0, 0x0, 0x0, 0x1f, 0xd0, 0x0,
    0x0, 0x0, 0x0, 0x21, 0x0, 0x0, 0x0, 0x0,
    0x0, 0x0, 0x0, 0x6, 0xff, 0x0, 0x0, 0xb,
    0xfa, 0x6f, 0xf0, 0x0, 0x0, 0xbf, 0xa6, 0xff,
    0x0, 0x0, 0xb, 0xfa, 0x6f, 0xf0, 0x0, 0x0,
    0xbf, 0xa6, 0xff, 0x0, 0x0, 0xb, 0xfa, 0x6f,
    0xf0, 0x0, 0x0, 0xbf, 0xa6, 0xff, 0x0, 0x0,
    0xb, 0xfa, 0x6f, 0xf0, 0x0, 0x0, 0xcf, 0xa5,
    0xff, 0x30, 0x0, 0x1f, 0xfa, 0x1f, 0xfd, 0x41,
    0x4d, 0xff, 0xa0, 0x8f, 0xff, 0xff, 0xca, 0xfa,
    0x0, 0x6d, 0xfe, 0x90, 0x9f, 0xa0,

    /* U+00FB "û" */
    0x0, 0x0, 0x58, 0x60, 0x0, 0x0, 0x0, 0x5f,
    0xef, 0x80, 0x0, 0x0, 0x4f, 0xd1, 0xaf, 0x70,
    0x0, 0x7, 0x82, 0x0, 0x77, 0x10, 0x0, 0x0,
    0x0, 0x0, 0x0, 0x6, 0xff, 0x0, 0x0, 0xb,
    0xfa, 0x6f, 0xf0, 0x0, 0x0, 0xbf, 0xa6, 0xff,
    0x0, 0x0, 0xb, 0xfa, 0x6f, 0xf0, 0x0, 0x0,
    0xbf, 0xa6, 0xff, 0x0, 0x0, 0xb, 0xfa, 0x6f,
    0xf0, 0x0, 0x0, 0xbf, 0xa6, 0xff, 0x0, 0x0,
    0xb, 0xfa, 0x6f, 0xf0, 0x0, 0x0, 0xcf, 0xa5,
    0xff, 0x30, 0x0, 0x1f, 0xfa, 0x1f, 0xfd, 0x41,
    0x4d, 0xff, 0xa0, 0x8f, 0xff, 0xff, 0xca, 0xfa,
    0x0, 0x6d, 0xfe, 0x90, 0x9f, 0xa0,

    /* U+00FC "ü" */
    0x0, 0x37, 0x0, 0x6, 0x50, 0x0, 0xf, 0xf9,
    0x5, 0xff, 0x30, 0x0, 0xdf, 0x70, 0x3f, 0xf1,
    0x0, 0x0, 0x20, 0x0, 0x11, 0x0, 0x0, 0x0,
    0x0, 0x0, 0x0, 0x6, 0xff, 0x0, 0x0, 0xb,
    0xfa, 0x6f, 0xf0, 0x0, 0x0, 0xbf, 0xa6, 0xff,
    0x0, 0x0, 0xb, 0xfa, 0x6f, 0xf0, 0x0, 0x0,
    0xbf, 0xa6, 0xff, 0x0, 0x0, 0xb, 0xfa, 0x6f,
    0xf0, 0x0, 0x0, 0xbf, 0xa6, 0xff, 0x0, 0x0,
    0xb, 0xfa, 0x6f, 0xf0, 0x0, 0x0, 0xcf, 0xa5,
    0xff, 0x30, 0x0, 0x1f, 0xfa, 0x1f, 0xfd, 0x41,
    0x4d, 0xff, 0xa0, 0x8f, 0xff, 0xff, 0xca, 0xfa,
    0x0, 0x6d, 0xfe, 0x90, 0x9f, 0xa0,

    /* U+00FD "ý" */
    0x0, 0x0, 0x0, 0x5f, 0xe1, 0x0, 0x0, 0x0,
    0x0, 0xd, 0xf5, 0x0, 0x0, 0x0, 0x0, 0x4,
    0xfa, 0x0, 0x0, 0x0, 0x0, 0x0, 0x12, 0x0,
    0x0, 0x0, 0x0, 0x0, 0x0, 0x0, 0x0, 0x0,
    0x4, 0xff, 0x30, 0x0, 0x0, 0x9f, 0xe0, 0xe,
    0xf9, 0x0, 0x0, 0xe, 0xf8, 0x0, 0x8f, 0xe0,
    0x0, 0x4, 0xff, 0x20, 0x2, 0xff, 0x40, 0x0,
    0xaf, 0xc0, 0x0, 0xb, 0xfa, 0x0, 0x1f, 0xf5,
    0x0, 0x0, 0x5f, 0xf0, 0x6, 0xff, 0x0, 0x0,
    0x0, 0xef, 0x60, 0xcf, 0x90, 0x0, 0x0, 0x9,
    0xfb, 0x1f, 0xf2, 0x0, 0x0, 0x0, 0x2f, 0xf7,
    0xfc, 0x0, 0x0, 0x0, 0x0, 0xcf, 0xef, 0x60,
    0x0, 0x0, 0x0, 0x6, 0xff, 0xf0, 0x0, 0x0,
    0x0, 0x0, 0xf, 0xf9, 0x0, 0x0, 0x0, 0x0,
    0x3, 0xff, 0x30, 0x0, 0x0, 0x0, 0x0, 0xbf,
    0xc0, 0x0, 0x0, 0x0, 0x2f, 0xff, 0xf3, 0x0,
    0x0, 0x0, 0x6, 0xff, 0xb3, 0x0, 0x0, 0x0,
    0x0,

    /* U+00FE "þ" */
    0x6f, 0xf0, 0x0, 0x0, 0x0, 0x0, 0x6f, 0xf0,
    0x0, 0x0, 0x0, 0x0, 0x6f, 0xf0, 0x0, 0x0,
    0x0, 0x0, 0x6f, 0xf0, 0x0, 0x0, 0x0, 0x0,
    0x6f, 0xf0, 0x7d, 0xfe, 0x91, 0x0, 0x6f, 0xf8,
    0xff, 0xff, 0xfe, 0x20, 0x6f, 0xff, 0x60, 0x6,
    0xff, 0xb0, 0x6f, 0xf8, 0x0, 0x0, 0x7f, 0xf2,
    0x6f, 0xf1, 0x0, 0x0, 0xf, 0xf6, 0x6f, 0xf0,
    0x0, 0x0, 0xe, 0xf8, 0x6f, 0xf0, 0x0, 0x0,
    0xe, 0xf8, 0x6f, 0xf1, 0x0, 0x0, 0x1f, 0xf6,
    0x6f, 0xf8, 0x0, 0x0, 0x7f, 0xf2, 0x6f, 0xff,
    0x60, 0x6, 0xff, 0xb0, 0x6f, 0xf8, 0xff, 0xff,
    0xfe, 0x20, 0x6f, 0xf0, 0x7d, 0xfe, 0x91, 0x0,
    0x6f, 0xf0, 0x0, 0x0, 0x0, 0x0, 0x6f, 0xf0,
    0x0, 0x0, 0x0, 0x0, 0x6f, 0xf0, 0x0, 0x0,
    0x0, 0x0, 0x6f, 0xf0, 0x0, 0x0, 0x0, 0x0,

    /* U+00FF "ÿ" */
    0x0, 0x5, 0x50, 0x1, 0x72, 0x0, 0x0, 0x3,
    0xff, 0x50, 0xaf, 0xe0, 0x0, 0x0, 0x2f, 0xf3,
    0x8, 0xfc, 0x0, 0x0, 0x0, 0x11, 0x0, 0x2,
    0x0, 0x0, 0x0, 0x0, 0x0, 0x0, 0x0, 0x0,
    0x4, 0xff, 0x30, 0x0, 0x0, 0x9f, 0xe0, 0xe,
    0xf9, 0x0, 0x0, 0xe, 0xf8, 0x0, 0x8f, 0xe0,
    0x0, 0x4, 0xff, 0x20, 0x2, 0xff, 0x40, 0x0,
    0xaf, 0xc0, 0x0, 0xb, 0xfa, 0x0, 0x1f, 0xf5,
    0x0, 0x0, 0x5f, 0xf0, 0x6, 0xff, 0x0, 0x0,
    0x0, 0xef, 0x60, 0xcf, 0x90, 0x0, 0x0, 0x9,
    0xfb, 0x1f, 0xf2, 0x0, 0x0, 0x0, 0x2f, 0xf7,
    0xfc, 0x0, 0x0, 0x0, 0x0, 0xcf, 0xef, 0x60,
    0x0, 0x0, 0x0, 0x6, 0xff, 0xf0, 0x0, 0x0,
    0x0, 0x0, 0xf, 0xf9, 0x0, 0x0, 0x0, 0x0,
    0x3, 0xff, 0x30, 0x0, 0x0, 0x0, 0x0, 0xbf,
    0xc0, 0x0, 0x0, 0x0, 0x2f, 0xff, 0xf3, 0x0,
    0x0, 0x0, 0x6, 0xff, 0xb3, 0x0, 0x0, 0x0,
    0x0,

    /* U+2013 "–" */
    0x0, 0x0, 0x0, 0x0, 0x0, 0xf, 0xff, 0xff,
    0xff, 0xff, 0xff, 0xff, 0xff, 0xff, 0xff, 0xff,
    0xf0,

    /* U+2014 "—" */
    0x0, 0x0, 0x0, 0x0, 0x0, 0x0, 0x0, 0x0,
    0x0, 0x0, 0x0, 0xff, 0xff, 0xff, 0xff, 0xff,
    0xff, 0xff, 0xff, 0xff, 0xff, 0xff, 0xff, 0xff,
    0xff, 0xff, 0xff, 0xff, 0xff, 0xff, 0xff, 0xff,
    0xff,

    /* U+2019 "’" */
    0x1, 0x33, 0x0, 0x6f, 0xf0, 0x9, 0xfb, 0x0,
    0xbf, 0x70, 0xe, 0xf2, 0x0, 0xfe, 0x0, 0x3f,
    0x90, 0x0
};


/*---------------------
 *  GLYPH DESCRIPTION
 *--------------------*/

static const lv_font_fmt_txt_glyph_dsc_t glyph_dsc[] = {
    {.bitmap_index = 0, .adv_w = 0, .box_w = 0, .box_h = 0, .ofs_x = 0, .ofs_y = 0} /* id = 0 reserved */,
    {.bitmap_index = 0, .adv_w = 94, .box_w = 0, .box_h = 0, .ofs_x = 0, .ofs_y = 0},
    {.bitmap_index = 0, .adv_w = 107, .box_w = 4, .box_h = 16, .ofs_x = 1, .ofs_y = 0},
    {.bitmap_index = 32, .adv_w = 174, .box_w = 7, .box_h = 7, .ofs_x = 2, .ofs_y = 9},
    {.bitmap_index = 57, .adv_w = 225, .box_w = 14, .box_h = 16, .ofs_x = 0, .ofs_y = 0},
    {.bitmap_index = 169, .adv_w = 227, .box_w = 13, .box_h = 21, .ofs_x = 1, .ofs_y = -2},
    {.bitmap_index = 306, .adv_w = 350, .box_w = 18, .box_h = 16, .ofs_x = 2, .ofs_y = 0},
    {.bitmap_index = 450, .adv_w = 230, .box_w = 14, .box_h = 16, .ofs_x = 1, .ofs_y = 0},
    {.bitmap_index = 562, .adv_w = 110, .box_w = 3, .box_h = 7, .ofs_x = 2, .ofs_y = 9},
    {.bitmap_index = 573, .adv_w = 130, .box_w = 6, .box_h = 20, .ofs_x = 2, .ofs_y = -3},
    {.bitmap_index = 633, .adv_w = 130, .box_w = 6, .box_h = 20, .ofs_x = 0, .ofs_y = -3},
    {.bitmap_index = 693, .adv_w = 183, .box_w = 10, .box_h = 9, .ofs_x = 1, .ofs_y = 7},
    {.bitmap_index = 738, .adv_w = 235, .box_w = 11, .box_h = 11, .ofs_x = 2, .ofs_y = 1},
    {.bitmap_index = 799, .adv_w = 107, .box_w = 4, .box_h = 7, .ofs_x = 1, .ofs_y = -4},
    {.bitmap_index = 813, .adv_w = 163, .box_w = 8, .box_h = 3, .ofs_x = 1, .ofs_y = 6},
    {.bitmap_index = 825, .adv_w = 107, .box_w = 4, .box_h = 4, .ofs_x = 1, .ofs_y = 0},
    {.bitmap_index = 833, .adv_w = 130, .box_w = 8, .box_h = 19, .ofs_x = 0, .ofs_y = -2},
    {.bitmap_index = 909, .adv_w = 227, .box_w = 12, .box_h = 16, .ofs_x = 1, .ofs_y = 0},
    {.bitmap_index = 1005, .adv_w = 146, .box_w = 7, .box_h = 16, .ofs_x = 1, .ofs_y = 0},
    {.bitmap_index = 1061, .adv_w = 217, .box_w = 12, .box_h = 16, .ofs_x = 1, .ofs_y = 0},
    {.bitmap_index = 1157, .adv_w = 221, .box_w = 12, .box_h = 16, .ofs_x = 1, .ofs_y = 0},
    {.bitmap_index = 1253, .adv_w = 231, .box_w = 13, .box_h = 16, .ofs_x = 1, .ofs_y = 0},
    {.bitmap_index = 1357, .adv_w = 212, .box_w = 12, .box_h = 16, .ofs_x = 1, .ofs_y = 0},
    {.bitmap_index = 1453, .adv_w = 222, .box_w = 12, .box_h = 16, .ofs_x = 1, .ofs_y = 0},
    {.bitmap_index = 1549, .adv_w = 201, .box_w = 12, .box_h = 16, .ofs_x = 0, .ofs_y = 0},
    {.bitmap_index = 1645, .adv_w = 222, .box_w = 12, .box_h = 16, .ofs_x = 1, .ofs_y = 0},
    {.bitmap_index = 1741, .adv_w = 222, .box_w = 12, .box_h = 16, .ofs_x = 1, .ofs_y = 0},
    {.bitmap_index = 1837, .adv_w = 107, .box_w = 4, .box_h = 12, .ofs_x = 1, .ofs_y = 0},
    {.bitmap_index = 1861, .adv_w = 111, .box_w = 5, .box_h = 16, .ofs_x = 1, .ofs_y = -4},
    {.bitmap_index = 1901, .adv_w = 235, .box_w = 12, .box_h = 13, .ofs_x = 1, .ofs_y = 0},
    {.bitmap_index = 1979, .adv_w = 235, .box_w = 11, .box_h = 7, .ofs_x = 2, .ofs_y = 3},
    {.bitmap_index = 2018, .adv_w = 235, .box_w = 11, .box_h = 13, .ofs_x = 2, .ofs_y = 0},
    {.bitmap_index = 2090, .adv_w = 186, .box_w = 11, .box_h = 16, .ofs_x = 0, .ofs_y = 0},
    {.bitmap_index = 2178, .adv_w = 346, .box_w = 20, .box_h = 20, .ofs_x = 1, .ofs_y = -4},
    {.bitmap_index = 2378, .adv_w = 250, .box_w = 16, .box_h = 16, .ofs_x = 0, .ofs_y = 0},
    {.bitmap_index = 2506, .adv_w = 231, .box_w = 13, .box_h = 16, .ofs_x = 1, .ofs_y = 0},
    {.bitmap_index = 2610, .adv_w = 258, .box_w = 15, .box_h = 16, .ofs_x = 1, .ofs_y = 0},
    {.bitmap_index = 2730, .adv_w = 254, .box_w = 14, .box_h = 16, .ofs_x = 1, .ofs_y = 0},
    {.bitmap_index = 2842, .adv_w = 212, .box_w = 11, .box_h = 16, .ofs_x = 1, .ofs_y = 0},
    {.bitmap_index = 2930, .adv_w = 207, .box_w = 11, .box_h = 16, .ofs_x = 1, .ofs_y = 0},
    {.bitmap_index = 3018, .adv_w = 263, .box_w = 15, .box_h = 16, .ofs_x = 1, .ofs_y = 0},
    {.bitmap_index = 3138, .adv_w = 262, .box_w = 14, .box_h = 16, .ofs_x = 1, .ofs_y = 0},
    {.bitmap_index = 3250, .adv_w = 96, .box_w = 4, .box_h = 16, .ofs_x = 1, .ofs_y = 0},
    {.bitmap_index = 3282, .adv_w = 202, .box_w = 11, .box_h = 16, .ofs_x = 0, .ofs_y = 0},
    {.bitmap_index = 3370, .adv_w = 242, .box_w = 14, .box_h = 16, .ofs_x = 1, .ofs_y = 0},
    {.bitmap_index = 3482, .adv_w = 199, .box_w = 11, .box_h = 16, .ofs_x = 1, .ofs_y = 0},
    {.bitmap_index = 3570, .adv_w = 321, .box_w = 18, .box_h = 16, .ofs_x = 1, .ofs_y = 0},
    {.bitmap_index = 3714, .adv_w = 266, .box_w = 14, .box_h = 16, .ofs_x = 1, .ofs_y = 0},
    {.bitmap_index = 3826, .adv_w = 270, .box_w = 15, .box_h = 16, .ofs_x = 1, .ofs_y = 0},
    {.bitmap_index = 3946, .adv_w = 226, .box_w = 13, .box_h = 16, .ofs_x = 1, .ofs_y = 0},
    {.bitmap_index = 4050, .adv_w = 271, .box_w = 15, .box_h = 17, .ofs_x = 1, .ofs_y = -1},
    {.bitmap_index = 4178, .adv_w = 228, .box_w = 13, .box_h = 16, .ofs_x = 1, .ofs_y = 0},
    {.bitmap_index = 4282, .adv_w = 227, .box_w = 13, .box_h = 16, .ofs_x = 1, .ofs_y = 0},
    {.bitmap_index = 4386, .adv_w = 230, .box_w = 14, .box_h = 16, .ofs_x = 0, .ofs_y = 0},
    {.bitmap_index = 4498, .adv_w = 261, .box_w = 14, .box_h = 16, .ofs_x = 1, .ofs_y = 0},
    {.bitmap_index = 4610, .adv_w = 250, .box_w = 16, .box_h = 16, .ofs_x = 0, .ofs_y = 0},
    {.bitmap_index = 4738, .adv_w = 353, .box_w = 22, .box_h = 16, .ofs_x = 0, .ofs_y = 0},
    {.bitmap_index = 4914, .adv_w = 247, .box_w = 15, .box_h = 16, .ofs_x = 0, .ofs_y = 0},
    {.bitmap_index = 5034, .adv_w = 245, .box_w = 15, .box_h = 16, .ofs_x = 0, .ofs_y = 0},
    {.bitmap_index = 5154, .adv_w = 226, .box_w = 12, .box_h = 16, .ofs_x = 1, .ofs_y = 0},
    {.bitmap_index = 5250, .adv_w = 130, .box_w = 5, .box_h = 20, .ofs_x = 2, .ofs_y = -3},
    {.bitmap_index = 5300, .adv_w = 130, .box_w = 8, .box_h = 19, .ofs_x = 0, .ofs_y = -2},
    {.bitmap_index = 5376, .adv_w = 130, .box_w = 5, .box_h = 20, .ofs_x = 1, .ofs_y = -3},
    {.bitmap_index = 5426, .adv_w = 168, .box_w = 10, .box_h = 7, .ofs_x = 0, .ofs_y = 9},
    {.bitmap_index = 5461, .adv_w = 163, .box_w = 11, .box_h = 2, .ofs_x = 0, .ofs_y = -2},
    {.bitmap_index = 5472, .adv_w = 119, .box_w = 5, .box_h = 4, .ofs_x = 1, .ofs_y = 13},
    {.bitmap_index = 5482, .adv_w = 200, .box_w = 11, .box_h = 12, .ofs_x = 0, .ofs_y = 0},
    {.bitmap_index = 5548, .adv_w = 218, .box_w = 12, .box_h = 16, .ofs_x = 1, .ofs_y = 0},
    {.bitmap_index = 5644, .adv_w = 203, .box_w = 11, .box_h = 12, .ofs_x = 1, .ofs_y = 0},
    {.bitmap_index = 5710, .adv_w = 218, .box_w = 12, .box_h = 16, .ofs_x = 1, .ofs_y = 0},
    {.bitmap_index = 5806, .adv_w = 207, .box_w = 11, .box_h = 12, .ofs_x = 1, .ofs_y = 0},
    {.bitmap_index = 5872, .adv_w = 134, .box_w = 9, .box_h = 17, .ofs_x = 0, .ofs_y = 0},
    {.bitmap_index = 5949, .adv_w = 218, .box_w = 12, .box_h = 16, .ofs_x = 1, .ofs_y = -4},
    {.bitmap_index = 6045, .adv_w = 212, .box_w = 11, .box_h = 16, .ofs_x = 1, .ofs_y = 0},
    {.bitmap_index = 6133, .adv_w = 89, .box_w = 4, .box_h = 17, .ofs_x = 1, .ofs_y = 0},
    {.bitmap_index = 6167, .adv_w = 89, .box_w = 6, .box_h = 21, .ofs_x = -1, .ofs_y = -4},
    {.bitmap_index = 6230, .adv_w = 197, .box_w = 12, .box_h = 16, .ofs_x = 1, .ofs_y = 0},
    {.bitmap_index = 6326, .adv_w = 89, .box_w = 3, .box_h = 16, .ofs_x = 1, .ofs_y = 0},
    {.bitmap_index = 6350, .adv_w = 313, .box_w = 17, .box_h = 12, .ofs_x = 1, .ofs_y = 0},
    {.bitmap_index = 6452, .adv_w = 212, .box_w = 11, .box_h = 12, .ofs_x = 1, .ofs_y = 0},
    {.bitmap_index = 6518, .adv_w = 213, .box_w = 12, .box_h = 12, .ofs_x = 1, .ofs_y = 0},
    {.bitmap_index = 6590, .adv_w = 218, .box_w = 12, .box_h = 16, .ofs_x = 1, .ofs_y = -4},
    {.bitmap_index = 6686, .adv_w = 218, .box_w = 12, .box_h = 16, .ofs_x = 1, .ofs_y = -4},
    {.bitmap_index = 6782, .adv_w = 136, .box_w = 8, .box_h = 12, .ofs_x = 1, .ofs_y = 0},
    {.bitmap_index = 6830, .adv_w = 190, .box_w = 10, .box_h = 12, .ofs_x = 1, .ofs_y = 0},
    {.bitmap_index = 6890, .adv_w = 120, .box_w = 8, .box_h = 15, .ofs_x = 0, .ofs_y = 0},
    {.bitmap_index = 6950, .adv_w = 212, .box_w = 11, .box_h = 12, .ofs_x = 1, .ofs_y = 0},
    {.bitmap_index = 7016, .adv_w = 202, .box_w = 13, .box_h = 12, .ofs_x = 0, .ofs_y = 0},
    {.bitmap_index = 7094, .adv_w = 292, .box_w = 18, .box_h = 12, .ofs_x = 0, .ofs_y = 0},
    {.bitmap_index = 7202, .adv_w = 196, .box_w = 12, .box_h = 12, .ofs_x = 0, .ofs_y = 0},
    {.bitmap_index = 7274, .adv_w = 202, .box_w = 13, .box_h = 16, .ofs_x = 0, .ofs_y = -4},
    {.bitmap_index = 7378, .adv_w = 197, .box_w = 10, .box_h = 12, .ofs_x = 1, .ofs_y = 0},
    {.bitmap_index = 7438, .adv_w = 155, .box_w = 8, .box_h = 20, .ofs_x = 1, .ofs_y = -3},
    {.bitmap_index = 7518, .adv_w = 122, .box_w = 3, .box_h = 26, .ofs_x = 2, .ofs_y = -5},
    {.bitmap_index = 7557, .adv_w = 155, .box_w = 8, .box_h = 20, .ofs_x = 1, .ofs_y = -3},
    {.bitmap_index = 7637, .adv_w = 235, .box_w = 12, .box_h = 5, .ofs_x = 1, .ofs_y = 4},
    {.bitmap_index = 7667, .adv_w = 94, .box_w = 0, .box_h = 0, .ofs_x = 0, .ofs_y = 0},
    {.bitmap_index = 7667, .adv_w = 107, .box_w = 4, .box_h = 16, .ofs_x = 1, .ofs_y = -4},
    {.bitmap_index = 7699, .adv_w = 203, .box_w = 11, .box_h = 16, .ofs_x = 1, .ofs_y = 0},
    {.bitmap_index = 7787, .adv_w = 218, .box_w = 12, .box_h = 16, .ofs_x = 1, .ofs_y = 0},
    {.bitmap_index = 7883, .adv_w = 259, .box_w = 14, .box_h = 14, .ofs_x = 1, .ofs_y = 0},
    {.bitmap_index = 7981, .adv_w = 196, .box_w = 12, .box_h = 16, .ofs_x = 0, .ofs_y = 0},
    {.bitmap_index = 8077, .adv_w = 103, .box_w = 3, .box_h = 19, .ofs_x = 2, .ofs_y = -3},
    {.bitmap_index = 8106, .adv_w = 200, .box_w = 11, .box_h = 19, .ofs_x = 1, .ofs_y = -3},
    {.bitmap_index = 8211, .adv_w = 212, .box_w = 9, .box_h = 3, .ofs_x = 2, .ofs_y = 14},
    {.bitmap_index = 8225, .adv_w = 322, .box_w = 18, .box_h = 17, .ofs_x = 1, .ofs_y = 0},
    {.bitmap_index = 8378, .adv_w = 161, .box_w = 9, .box_h = 10, .ofs_x = 0, .ofs_y = 7},
    {.bitmap_index = 8423, .adv_w = 214, .box_w = 12, .box_h = 10, .ofs_x = 1, .ofs_y = 2},
    {.bitmap_index = 8483, .adv_w = 235, .box_w = 10, .box_h = 5, .ofs_x = 2, .ofs_y = 3},
    {.bitmap_index = 8508, .adv_w = 234, .box_w = 13, .box_h = 13, .ofs_x = 1, .ofs_y = 4},
    {.bitmap_index = 8593, .adv_w = 164, .box_w = 7, .box_h = 2, .ofs_x = 2, .ofs_y = 14},
    {.bitmap_index = 8600, .adv_w = 161, .box_w = 8, .box_h = 7, .ofs_x = 1, .ofs_y = 9},
    {.bitmap_index = 8628, .adv_w = 235, .box_w = 11, .box_h = 12, .ofs_x = 2, .ofs_y = 0},
    {.bitmap_index = 8694, .adv_w = 158, .box_w = 8, .box_h = 9, .ofs_x = 1, .ofs_y = 10},
    {.bitmap_index = 8730, .adv_w = 160, .box_w = 8, .box_h = 9, .ofs_x = 1, .ofs_y = 10},
    {.bitmap_index = 8766, .adv_w = 119, .box_w = 5, .box_h = 4, .ofs_x = 1, .ofs_y = 13},
    {.bitmap_index = 8776, .adv_w = 211, .box_w = 13, .box_h = 16, .ofs_x = 1, .ofs_y = -4},
    {.bitmap_index = 8880, .adv_w = 212, .box_w = 11, .box_h = 16, .ofs_x = 1, .ofs_y = 0},
    {.bitmap_index = 8968, .adv_w = 107, .box_w = 4, .box_h = 4, .ofs_x = 1, .ofs_y = 6},
    {.bitmap_index = 8976, .adv_w = 106, .box_w = 5, .box_h = 6, .ofs_x = 1, .ofs_y = -5},
    {.bitmap_index = 8991, .adv_w = 111, .box_w = 5, .box_h = 9, .ofs_x = 1, .ofs_y = 10},
    {.bitmap_index = 9014, .adv_w = 171, .box_w = 10, .box_h = 10, .ofs_x = 0, .ofs_y = 7},
    {.bitmap_index = 9064, .adv_w = 214, .box_w = 13, .box_h = 10, .ofs_x = 0, .ofs_y = 2},
    {.bitmap_index = 9129, .adv_w = 288, .box_w = 18, .box_h = 17, .ofs_x = 0, .ofs_y = -1},
    {.bitmap_index = 9282, .adv_w = 302, .box_w = 18, .box_h = 16, .ofs_x = 0, .ofs_y = 0},
    {.bitmap_index = 9426, .adv_w = 315, .box_w = 19, .box_h = 17, .ofs_x = 0, .ofs_y = -1},
    {.bitmap_index = 9588, .adv_w = 186, .box_w = 10, .box_h = 16, .ofs_x = 1, .ofs_y = -4},
    {.bitmap_index = 9668, .adv_w = 250, .box_w = 16, .box_h = 21, .ofs_x = 0, .ofs_y = 0},
    {.bitmap_index = 9836, .adv_w = 250, .box_w = 16, .box_h = 21, .ofs_x = 0, .ofs_y = 0},
    {.bitmap_index = 10004, .adv_w = 250, .box_w = 16, .box_h = 21, .ofs_x = 0, .ofs_y = 0},
    {.bitmap_index = 10172, .adv_w = 250, .box_w = 16, .box_h = 20, .ofs_x = 0, .ofs_y = 0},
    {.bitmap_index = 10332, .adv_w = 250, .box_w = 16, .box_h = 20, .ofs_x = 0, .ofs_y = 0},
    {.bitmap_index = 10492, .adv_w = 250, .box_w = 16, .box_h = 23, .ofs_x = 0, .ofs_y = 0},
    {.bitmap_index = 10676, .adv_w = 353, .box_w = 21, .box_h = 16, .ofs_x = 0, .ofs_y = 0},
    {.bitmap_index = 10844, .adv_w = 258, .box_w = 15, .box_h = 20, .ofs_x = 1, .ofs_y = -4},
    {.bitmap_index = 10994, .adv_w = 212, .box_w = 11, .box_h = 21, .ofs_x = 1, .ofs_y = 0},
    {.bitmap_index = 11110, .adv_w = 212, .box_w = 11, .box_h = 21, .ofs_x = 1, .ofs_y = 0},
    {.bitmap_index = 11226, .adv_w = 212, .box_w = 11, .box_h = 21, .ofs_x = 1, .ofs_y = 0},
    {.bitmap_index = 11342, .adv_w = 212, .box_w = 11, .box_h = 20, .ofs_x = 1, .ofs_y = 0},
    {.bitmap_index = 11452, .adv_w = 96, .box_w = 5, .box_h = 21, .ofs_x = 0, .ofs_y = 0},
    {.bitmap_index = 11505, .adv_w = 96, .box_w = 5, .box_h = 21, .ofs_x = 1, .ofs_y = 0},
    {.bitmap_index = 11558, .adv_w = 96, .box_w = 8, .box_h = 21, .ofs_x = -1, .ofs_y = 0},
    {.bitmap_index = 11642, .adv_w = 96, .box_w = 8, .box_h = 20, .ofs_x = -1, .ofs_y = 0},
    {.bitmap_index = 11722, .adv_w = 262, .box_w = 16, .box_h = 16, .ofs_x = 0, .ofs_y = 0},
    {.bitmap_index = 11850, .adv_w = 266, .box_w = 14, .box_h = 20, .ofs_x = 1, .ofs_y = 0},
    {.bitmap_index = 11990, .adv_w = 270, .box_w = 15, .box_h = 21, .ofs_x = 1, .ofs_y = 0},
    {.bitmap_index = 12148, .adv_w = 270, .box_w = 15, .box_h = 21, .ofs_x = 1, .ofs_y = 0},
    {.bitmap_index = 12306, .adv_w = 270, .box_w = 15, .box_h = 21, .ofs_x = 1, .ofs_y = 0},
    {.bitmap_index = 12464, .adv_w = 270, .box_w = 15, .box_h = 21, .ofs_x = 1, .ofs_y = 0},
    {.bitmap_index = 12622, .adv_w = 270, .box_w = 15, .box_h = 21, .ofs_x = 1, .ofs_y = 0},
    {.bitmap_index = 12780, .adv_w = 235, .box_w = 11, .box_h = 11, .ofs_x = 2, .ofs_y = 1},
    {.bitmap_index = 12841, .adv_w = 270, .box_w = 15, .box_h = 18, .ofs_x = 1, .ofs_y = -1},
    {.bitmap_index = 12976, .adv_w = 261, .box_w = 14, .box_h = 21, .ofs_x = 1, .ofs_y = 0},
    {.bitmap_index = 13123, .adv_w = 261, .box_w = 14, .box_h = 21, .ofs_x = 1, .ofs_y = 0},
    {.bitmap_index = 13270, .adv_w = 261, .box_w = 14, .box_h = 21, .ofs_x = 1, .ofs_y = 0},
    {.bitmap_index = 13417, .adv_w = 261, .box_w = 14, .box_h = 21, .ofs_x = 1, .ofs_y = 0},
    {.bitmap_index = 13564, .adv_w = 245, .box_w = 15, .box_h = 21, .ofs_x = 0, .ofs_y = 0},
    {.bitmap_index = 13722, .adv_w = 228, .box_w = 12, .box_h = 16, .ofs_x = 1, .ofs_y = 0},
    {.bitmap_index = 13818, .adv_w = 222, .box_w = 12, .box_h = 16, .ofs_x = 1, .ofs_y = 0},
    {.bitmap_index = 13914, .adv_w = 200, .box_w = 11, .box_h = 17, .ofs_x = 0, .ofs_y = 0},
    {.bitmap_index = 14008, .adv_w = 200, .box_w = 11, .box_h = 17, .ofs_x = 0, .ofs_y = 0},
    {.bitmap_index = 14102, .adv_w = 200, .box_w = 11, .box_h = 17, .ofs_x = 0, .ofs_y = 0},
    {.bitmap_index = 14196, .adv_w = 200, .box_w = 11, .box_h = 17, .ofs_x = 0, .ofs_y = 0},
    {.bitmap_index = 14290, .adv_w = 200, .box_w = 11, .box_h = 17, .ofs_x = 0, .ofs_y = 0},
    {.bitmap_index = 14384, .adv_w = 200, .box_w = 11, .box_h = 19, .ofs_x = 0, .ofs_y = 0},
    {.bitmap_index = 14489, .adv_w = 322, .box_w = 20, .box_h = 12, .ofs_x = 0, .ofs_y = 0},
    {.bitmap_index = 14609, .adv_w = 203, .box_w = 11, .box_h = 16, .ofs_x = 1, .ofs_y = -4},
    {.bitmap_index = 14697, .adv_w = 207, .box_w = 11, .box_h = 17, .ofs_x = 1, .ofs_y = 0},
    {.bitmap_index = 14791, .adv_w = 207, .box_w = 11, .box_h = 17, .ofs_x = 1, .ofs_y = 0},
    {.bitmap_index = 14885, .adv_w = 207, .box_w = 11, .box_h = 17, .ofs_x = 1, .ofs_y = 0},
    {.bitmap_index = 14979, .adv_w = 207, .box_w = 11, .box_h = 17, .ofs_x = 1, .ofs_y = 0},
    {.bitmap_index = 15073, .adv_w = 89, .box_w = 5, .box_h = 17, .ofs_x = -1, .ofs_y = 0},
    {.bitmap_index = 15116, .adv_w = 89, .box_w = 5, .box_h = 17, .ofs_x = 1, .ofs_y = 0},
    {.bitmap_index = 15159, .adv_w = 89, .box_w = 8, .box_h = 17, .ofs_x = -1, .ofs_y = 0},
    {.bitmap_index = 15227, .adv_w = 89, .box_w = 8, .box_h = 17, .ofs_x = -1, .ofs_y = 0},
    {.bitmap_index = 15295, .adv_w = 207, .box_w = 11, .box_h = 17, .ofs_x = 1, .ofs_y = 0},
    {.bitmap_index = 15389, .adv_w = 212, .box_w = 11, .box_h = 17, .ofs_x = 1, .ofs_y = 0},
    {.bitmap_index = 15483, .adv_w = 213, .box_w = 12, .box_h = 17, .ofs_x = 1, .ofs_y = 0},
    {.bitmap_index = 15585, .adv_w = 213, .box_w = 12, .box_h = 17, .ofs_x = 1, .ofs_y = 0},
    {.bitmap_index = 15687, .adv_w = 213, .box_w = 12, .box_h = 17, .ofs_x = 1, .ofs_y = 0},
    {.bitmap_index = 15789, .adv_w = 213, .box_w = 12, .box_h = 17, .ofs_x = 1, .ofs_y = 0},
    {.bitmap_index = 15891, .adv_w = 213, .box_w = 12, .box_h = 17, .ofs_x = 1, .ofs_y = 0},
    {.bitmap_index = 15993, .adv_w = 235, .box_w = 11, .box_h = 12, .ofs_x = 2, .ofs_y = 0},
    {.bitmap_index = 16059, .adv_w = 213, .box_w = 13, .box_h = 14, .ofs_x = 0, .ofs_y = -1},
    {.bitmap_index = 16150, .adv_w = 212, .box_w = 11, .box_h = 17, .ofs_x = 1, .ofs_y = 0},
    {.bitmap_index = 16244, .adv_w = 212, .box_w = 11, .box_h = 17, .ofs_x = 1, .ofs_y = 0},
    {.bitmap_index = 16338, .adv_w = 212, .box_w = 11, .box_h = 17, .ofs_x = 1, .ofs_y = 0},
    {.bitmap_index = 16432, .adv_w = 212, .box_w = 11, .box_h = 17, .ofs_x = 1, .ofs_y = 0},
    {.bitmap_index = 16526, .adv_w = 202, .box_w = 13, .box_h = 21, .ofs_x = 0, .ofs_y = -4},
    {.bitmap_index = 16663, .adv_w = 218, .box_w = 12, .box_h = 20, .ofs_x = 1, .ofs_y = -4},
    {.bitmap_index = 16783, .adv_w = 202, .box_w = 13, .box_h = 21, .ofs_x = 0, .ofs_y = -4},
    {.bitmap_index = 16920, .adv_w = 176, .box_w = 11, .box_h = 3, .ofs_x = 0, .ofs_y = 6},
    {.bitmap_index = 16937, .adv_w = 352, .box_w = 22, .box_h = 3, .ofs_x = 0, .ofs_y = 6},
    {.bitmap_index = 16970, .adv_w = 98, .box_w = 5, .box_h = 7, .ofs_x = 1, .ofs_y = 10}
};

/*---------------------
 *  CHARACTER MAPPING
 *--------------------*/

static const uint16_t unicode_list_3[] = {
    0x0, 0x1, 0x6
};

/*Collect the unicode lists and glyph_id offsets*/
static const lv_font_fmt_txt_cmap_t cmaps[] =
{
    {
        .range_start = 32, .range_length = 95, .glyph_id_start = 1,
        .unicode_list = NULL, .glyph_id_ofs_list = NULL, .list_length = 0, .type = LV_FONT_FMT_TXT_CMAP_FORMAT0_TINY
    },
    {
        .range_start = 160, .range_length = 13, .glyph_id_start = 96,
        .unicode_list = NULL, .glyph_id_ofs_list = NULL, .list_length = 0, .type = LV_FONT_FMT_TXT_CMAP_FORMAT0_TINY
    },
    {
        .range_start = 174, .range_length = 82, .glyph_id_start = 109,
        .unicode_list = NULL, .glyph_id_ofs_list = NULL, .list_length = 0, .type = LV_FONT_FMT_TXT_CMAP_FORMAT0_TINY
    },
    {
        .range_start = 8211, .range_length = 7, .glyph_id_start = 191,
        .unicode_list = unicode_list_3, .glyph_id_ofs_list = NULL, .list_length = 3, .type = LV_FONT_FMT_TXT_CMAP_SPARSE_TINY
    }
};

/*-----------------
 *    KERNING
 *----------------*/


/*Map glyph_ids to kern left classes*/
static const uint8_t kern_left_class_mapping[] =
{
    0, 0, 0, 1, 0, 0, 2, 3,
    1, 4, 0, 5, 6, 7, 6, 7,
    8, 9, 10, 11, 12, 13, 14, 15,
    16, 12, 9, 17, 17, 0, 18, 19,
    0, 20, 0, 0, 0, 0, 0, 0,
    0, 0, 0, 0, 0, 0, 0, 0,
    0, 0, 0, 0, 0, 0, 0, 0,
    0, 0, 0, 0, 4, 21, 0, 5,
    22, 0, 0, 0, 0, 0, 0, 0,
    0, 0, 0, 0, 0, 0, 0, 0,
    0, 0, 0, 0, 0, 0, 0, 0,
    0, 0, 0, 0, 4, 10, 0, 6,
    0, 23, 24, 0, 0, 0, 0, 0,
    0, 20, 0, 0, 0, 25, 0, 5,
    18, 0, 0, 0, 26, 10, 27, 0,
    0, 0, 28, 0, 0, 0, 29, 0,
    0, 0, 0, 0, 0, 0, 0, 0,
    0, 0, 0, 0, 0, 0, 0, 0,
    0, 0, 0, 0, 0, 0, 30, 0,
    0, 0, 0, 0, 0, 0, 0, 0,
    0, 0, 0, 0, 0, 0, 0, 0,
    0, 0, 0, 0, 0, 0, 0, 0,
    0, 0, 0, 0, 0, 0, 6, 0,
    0, 0, 0, 0, 0, 0, 0, 0,
    0, 31
};

/*Map glyph_ids to kern right classes*/
static const uint8_t kern_right_class_mapping[] =
{
    0, 1, 2, 3, 4, 5, 0, 6,
    3, 0, 7, 8, 9, 10, 9, 10,
    11, 12, 13, 14, 15, 16, 17, 12,
    18, 19, 20, 21, 21, 22, 23, 0,
    24, 25, 0, 0, 0, 0, 0, 0,
    0, 0, 0, 0, 0, 0, 0, 0,
    0, 0, 0, 0, 0, 0, 0, 0,
    0, 0, 0, 0, 0, 26, 7, 8,
    27, 0, 0, 0, 0, 0, 0, 0,
    0, 0, 0, 0, 0, 0, 0, 0,
    0, 0, 0, 0, 0, 0, 0, 0,
    0, 0, 0, 0, 0, 28, 7, 29,
    0, 0, 30, 0, 0, 0, 0, 0,
    0, 25, 0, 31, 32, 33, 0, 8,
    23, 0, 0, 0, 34, 35, 9, 0,
    0, 0, 36, 0, 0, 0, 37, 0,
    0, 0, 0, 0, 0, 0, 0, 0,
    0, 0, 0, 0, 0, 0, 0, 0,
    0, 0, 0, 0, 0, 0, 36, 0,
    0, 0, 0, 0, 0, 0, 0, 0,
    0, 0, 0, 0, 0, 0, 0, 0,
    0, 0, 0, 0, 0, 0, 0, 0,
    0, 0, 0, 0, 0, 0, 9, 0,
    0, 0, 0, 0, 0, 0, 0, 0,
    0, 38
};

/*Kern values between classes*/
static const int8_t kern_class_values[] =
{
    0, 0, 0, 0, 0, -12, 0, 0,
    0, -30, 0, 0, 0, 0, 0, -22,
    0, 0, 0, 0, 0, 0, 0, 0,
    0, 0, 0, 0, 0, -6, 0, 0,
    0, 0, 0, 0, 0, 0, 0, 0,
    0, 0, 0, 0, 0, 0, 0, 0,
    0, 0, 0, 0, 0, 0, 0, 0,
    0, 0, 0, 0, 0, 0, 0, 0,
    0, 0, 0, 0, 0, 0, 0, 0,
    0, 0, 0, -24, 0, 0, -12, 0,
    0, 0, 0, 0, 0, 0, 0, 0,
    0, 0, 0, 0, 0, 0, 0, 0,
    0, 0, 0, 0, 0, -22, 0, 0,
    0, 0, 0, 0, -8, 0, 0, 0,
    0, 0, 0, 0, 0, 0, 0, 0,
    0, 0, 0, 0, 0, 0, 0, 0,
    0, 0, 0, 0, 0, 0, 0, 0,
    0, 0, 0, 0, 0, 2, 0, -3,
    0, 0, 0, 0, 0, 0, 0, 0,
    0, 0, 0, 0, 0, -12, 0, 0,
    0, -48, 0, 0, 0, 0, 0, -16,
    0, 0, 0, 0, 0, 0, 0, 0,
    -5, 0, -24, 0, 0, 0, 0, 0,
    0, 0, 0, 0, 0, 0, 0, 0,
    0, 0, 0, 0, 0, 0, 0, 0,
    0, 0, 0, -10, -3, 0, 0, -9,
    0, 0, 0, 0, 0, 0, 0, -17,
    0, 0, 0, 0, 0, 0, 0, 0,
    -5, 0, 0, 0, -4, -1, -31, 0,
    0, 0, 0, 0, 0, 0, 0, -9,
    -31, 0, -9, 0, -4, -6, -9, -3,
    0, 0, 0, -31, -15, 0, 0, 0,
    0, 0, 0, 0, 0, 0, -18, 0,
    0, -24, 0, 0, 0, 0, 0, 0,
    0, 0, 0, -14, 0, 0, 0, 0,
    0, 0, 0, 0, 0, 0, 0, 0,
    0, 0, 0, 1, 0, 0, 0, 0,
    0, 0, 0, 0, 0, 0, 0, 0,
    0, 0, 0, 0, 0, 0, 0, 0,
    0, -9, 0, 0, 0, 0, 0, 0,
    0, -7, 0, 0, 0, 0, 0, 0,
    0, -5, -16, 0, 0, 0, 0, 0,
    0, 0, 0, 0, 0, 0, 0, 0,
    0, 0, 0, 0, 2, 0, 0, 0,
    0, 0, 0, 0, 0, 0, 0, 0,
    0, 0, 0, 0, 0, 0, 0, 0,
    2, 0, 0, 0, 0, 0, 0, 0,
    0, 0, 0, 0, 0, 0, 0, 0,
    0, 0, 0, 0, 0, 0, 0, 0,
    0, 0, 0, -5, 0, 0, 0, 0,
    0, 0, 0, 0, 0, 0, 0, 0,
    0, 0, 0, 0, 0, 0, 0, 0,
    0, 0, 0, 0, 0, 0, 0, 0,
    0, -4, 0, -8, 0, 0, 0, 0,
    0, 0, 0, 0, 0, 0, 0, 0,
    0, 0, 0, 0, 0, 0, 0, 0,
    -12, 0, 0, 0, 0, 0, 0, 0,
    0, 0, 0, 0, 0, 0, 0, -9,
    0, -12, 0, 0, -9, 0, 0, 0,
    0, 0, 0, 0, 0, 0, 0, 0,
    0, 0, 0, 0, 0, 0, 0, 0,
    -2, 0, -14, 0, 0, 0, 0, 0,
    0, 0, 0, 0, 0, -1, 0, -9,
    0, 0, 0, 0, 0, 0, 0, 0,
    0, 0, 0, 0, 0, 0, 0, 0,
    0, 0, 0, 0, 0, 0, -2, 0,
    0, 0, 0, 0, 0, 0, 0, 0,
    0, 0, 0, 0, 0, -11, 0, 0,
    0, 0, 0, 0, 0, 0, 0, 0,
    0, 0, 0, 0, 0, 0, -16, 0,
    0, 0, 0, 0, 0, 0, 0, 0,
    0, 0, 0, 0, 0, -20, 0, -16,
    0, 0, 0, -44, 0, -5, 0, 0,
    -6, -20, -3, 7, -5, -3, -12, -32,
    0, 0, 0, 0, -56, 0, 0, -18,
    -22, 0, 0, 0, 0, 0, 0, 0,
    0, 0, 0, 0, 0, 0, 0, 0,
    0, 0, 0, 0, 0, 0, 0, 0,
    0, 0, 0, 0, 0, 0, 0, 0,
    0, -22, 0, 0, 0, 0, 0, 0,
    0, 0, 0, 0, 0, 0, 0, 0,
    0, 0, 0, 0, 0, 0, 0, 0,
    0, 0, 0, 0, 0, 0, 0, 0,
    0, 0, 0, 0, 0, 0, 0, -24,
    0, 0, 0, 0, 0, 0, 0, 0,
    0, 0, 0, 0, 0, 0, 0, 0,
    0, 0, 0, 0, 0, 0, 0, 0,
    0, 0, 0, 0, 0, -26, 0, 0,
    0, 0, 0, 0, 0, -26, 0, 0,
    0, 0, 0, 0, 0, 0, 0, 0,
    0, 0, 0, 0, 0, 0, 0, 0,
    0, 0, 0, -15, -14, 0, 0, 0,
    0, 0, 0, 0, 0, 0, 0, 0,
    0, 0, 0, -13, -14, 0, 0, 0,
    0, 0, -2, 0, 0, 0, 0, 0,
    0, 0, -28, 0, -2, 0, 0, -30,
    -12, 0, 6, 0, -14, 0, 0, 0,
    0, 0, 0, 0, 0, -4, -18, -22,
    -13, -17, 0, 0, -12, -3, -12, -12,
    -25, 0, -18, -12, 0, -20, 0, 0,
    0, 0, 0, 0, 0, -24, 0, 0,
    0, -16, -38, 0, -16, -20, -16, 0,
    -16, -16, 0, 0, 0, 0, -14, -28,
    0, 12, 0, 0, 0, 0, 0, 0,
    -16, 0, 0, 0, 0, 0, 0, 0,
    0, 0, 0, 0, 0, 0, 0, 0,
    0, 0, 0, 0, 0, 0, 0, 0,
    0, 0, 0, 0, 0, -12, 0, 0,
    0, 0, 0, 0, 0, 0, 0, 0,
    0, 0, 0, 0, -6, 0, 0, 0,
    -4, 0, 0, 0, 0, 0, -12, 0,
    0, 0, 0, 0, 0, 0, 0, 0,
    0, 0, 0, -19, 0, 0, 0, 0,
    0, 0, -4, 0, 0, 0, 0, -8,
    0, 0, 0, 0, 0, -12, 0, 0,
    0, 0, 0, 0, 0, 0, 0, -17,
    0, 0, 0, 0, 0, 0, 0, 0,
    -2, 0, 0, 0, 0, -10, 0, 0,
    0, 0, 0, 0, 0, 0, 0, 0,
    0, 0, 0, 0, 0, 0, -14, 0,
    -12, 0, 0, 0, 0, 0, 0, 0,
    0, 0, 0, -14, 0, 0, 0, 0,
    -12, 0, -14, 0, 0, -12, 0, 0,
    0, 0, 0, 5, 0, 0, 0, 0,
    0, 0, 0, 0, 0, 0, 0, 0,
    0, -10, -3, 0, 0, -9, 0, 0,
    0, 0, 0, 0, 0, -14, 0, 0,
    0, 0, 0, 0, 0, 0, -5, 0,
    0, 0, 0, 0, 0, 0, 0, 0,
    0, 0, 0, 0, 0, 0, -14, -18,
    -16, 0, 0, -18, -12, 0, 0, 0,
    0, 0, 0, -22, 0, 0, 0, 0,
    0, 0, 0, 0, 0, 0, 0, 0,
    0, 0, 0, 0, 0, 0, 0, 0,
    0, 0, 0, 0, 0, 0, 0, 0,
    0, 0, 0, 0, 0, 0, 0, 0,
    0, -32, 0, 0, 0, 0, 0, 0,
    0, 0, 0, 0, 0, -12, 0, 0,
    0, 0, 0, 0, 0, 0, 0, 0,
    0, 0, 0, 0, 0, 0, 0, 0,
    0, 0, 0, 0, 0, 0, 0, -14,
    0, 0, 0, 0, 0, 0, 0, 0,
    0, 0, 0, 0, 0, 0, 0, -44,
    0, -24, 0, 0, -21, -38, -50, -16,
    0, 0, 0, -34, 0, -22, -14, 0,
    -20, -34, -20, 0, -20, 0, -14, 0,
    -16, -22, -30, -21, 0, -16, -4, 0,
    -24, 0
};


/*Collect the kern class' data in one place*/
static const lv_font_fmt_txt_kern_classes_t kern_classes =
{
    .class_pair_values   = kern_class_values,
    .left_class_mapping  = kern_left_class_mapping,
    .right_class_mapping = kern_right_class_mapping,
    .left_class_cnt      = 31,
    .right_class_cnt     = 38,
};

/*--------------------
 *  ALL CUSTOM DATA
 *--------------------*/

#if LVGL_VERSION_MAJOR == 8
/*Store all the custom data of the font*/
static  lv_font_fmt_txt_glyph_cache_t cache;
#endif

#if LVGL_VERSION_MAJOR >= 8
static const lv_font_fmt_txt_dsc_t font_dsc = {
#else
static lv_font_fmt_txt_dsc_t font_dsc = {
#endif
    .glyph_bitmap = glyph_bitmap,
    .glyph_dsc = glyph_dsc,
    .cmaps = cmaps,
    .kern_dsc = &kern_classes,
    .kern_scale = 16,
    .cmap_num = 4,
    .bpp = 4,
    .kern_classes = 1,
    .bitmap_format = 0,
#if LVGL_VERSION_MAJOR == 8
    .cache = &cache
#endif
};



/*-----------------
 *  PUBLIC FONT
 *----------------*/

/*Initialize a public general font descriptor*/
#if LVGL_VERSION_MAJOR >= 8
const lv_font_t inter_22 = {
#else
lv_font_t inter_22 = {
#endif
    .get_glyph_dsc = lv_font_get_glyph_dsc_fmt_txt,    /*Function pointer to get glyph's data*/
    .get_glyph_bitmap = lv_font_get_bitmap_fmt_txt,    /*Function pointer to get glyph's bitmap*/
    .line_height = 28,          /*The maximum line height required by the font*/
    .base_line = 5,             /*Baseline measured from the bottom of the line*/
#if !(LVGL_VERSION_MAJOR == 6 && LVGL_VERSION_MINOR == 0)
    .subpx = LV_FONT_SUBPX_NONE,
#endif
#if LV_VERSION_CHECK(7, 4, 0) || LVGL_VERSION_MAJOR >= 8
    .underline_position = -4,
    .underline_thickness = 2,
#endif
    .dsc = &font_dsc,          /*The custom font data. Will be accessed by `get_glyph_bitmap/dsc` */
#if LV_VERSION_CHECK(8, 2, 0) || LVGL_VERSION_MAJOR >= 9
    .fallback = &lv_font_montserrat_18,
#endif
    .user_data = NULL,
};



#endif /*#if INTER_22*/

