/*******************************************************************************
 * Size: 30 px
 * Bpp: 4
 * Opts: --font /tmp/inter_ttf/Inter-Medium.ttf --size 30 --bpp 4 --format lvgl --lv-include lvgl.h --range 0x20-0x7F,0xA0-0xFF,0x2013-0x2014,0x2019 --no-compress --force-fast-kern-format -o /home/laurenz/Documents/weather_display/main/fonts/inter_30.c
 ******************************************************************************/

#ifdef LV_LVGL_H_INCLUDE_SIMPLE
#include "lvgl.h"
#else
#include "lvgl.h"
#endif

#ifndef INTER_30
#define INTER_30 1
#endif

#if INTER_30

/*-----------------
 *    BITMAPS
 *----------------*/

/*Store the image of the glyphs*/
static LV_ATTRIBUTE_LARGE_CONST const uint8_t glyph_bitmap[] = {
    /* U+0020 " " */

    /* U+0021 "!" */
    0x3f, 0xff, 0x53, 0xff, 0xf5, 0x3f, 0xff, 0x42,
    0xff, 0xf4, 0x2f, 0xff, 0x42, 0xff, 0xf4, 0x2f,
    0xff, 0x31, 0xff, 0xf3, 0x1f, 0xff, 0x31, 0xff,
    0xf3, 0x1f, 0xff, 0x20, 0xff, 0xf2, 0xf, 0xff,
    0x20, 0xff, 0xf2, 0xf, 0xff, 0x10, 0x33, 0x30,
    0x0, 0x0, 0x0, 0x15, 0x20, 0x2f, 0xff, 0x48,
    0xff, 0xfa, 0x7f, 0xff, 0x90, 0xaf, 0xc1,

    /* U+0022 "\"" */
    0xff, 0xf5, 0x7, 0xff, 0xce, 0xff, 0x40, 0x7f,
    0xfb, 0xdf, 0xf3, 0x6, 0xff, 0xbd, 0xff, 0x30,
    0x6f, 0xfa, 0xcf, 0xf2, 0x5, 0xff, 0x9b, 0xff,
    0x10, 0x4f, 0xf8, 0xbf, 0xf1, 0x4, 0xff, 0x8a,
    0xff, 0x0, 0x3f, 0xf7, 0x7c, 0xc0, 0x2, 0xcc,
    0x50,

    /* U+0023 "#" */
    0x0, 0x0, 0x0, 0xdf, 0xb0, 0x0, 0x2, 0xff,
    0x60, 0x0, 0x0, 0x0, 0xf, 0xf8, 0x0, 0x0,
    0x5f, 0xf3, 0x0, 0x0, 0x0, 0x3, 0xff, 0x50,
    0x0, 0x9, 0xff, 0x0, 0x0, 0x0, 0x0, 0x6f,
    0xf2, 0x0, 0x0, 0xcf, 0xd0, 0x0, 0x0, 0x0,
    0xa, 0xff, 0x0, 0x0, 0xf, 0xfa, 0x0, 0x0,
    0xe, 0xff, 0xff, 0xff, 0xff, 0xff, 0xff, 0xff,
    0xf9, 0x1, 0xff, 0xff, 0xff, 0xff, 0xff, 0xff,
    0xff, 0xff, 0x70, 0x2a, 0xab, 0xff, 0xca, 0xaa,
    0xad, 0xff, 0xba, 0xa3, 0x0, 0x0, 0x4f, 0xf5,
    0x0, 0x0, 0x9f, 0xf0, 0x0, 0x0, 0x0, 0x6,
    0xff, 0x20, 0x0, 0xb, 0xfd, 0x0, 0x0, 0x0,
    0x0, 0x8f, 0xf0, 0x0, 0x0, 0xef, 0xb0, 0x0,
    0x0, 0x0, 0xb, 0xfe, 0x0, 0x0, 0xf, 0xf9,
    0x0, 0x0, 0x0, 0x0, 0xdf, 0xb0, 0x0, 0x2,
    0xff, 0x60, 0x0, 0x1, 0xaa, 0xaf, 0xfd, 0xaa,
    0xaa, 0xbf, 0xfc, 0xaa, 0x30, 0x5f, 0xff, 0xff,
    0xff, 0xff, 0xff, 0xff, 0xff, 0xf3, 0x7, 0xff,
    0xff, 0xff, 0xff, 0xff, 0xff, 0xff, 0xff, 0x10,
    0x0, 0x7, 0xff, 0x10, 0x0, 0xc, 0xfc, 0x0,
    0x0, 0x0, 0x0, 0x9f, 0xf0, 0x0, 0x0, 0xff,
    0xa0, 0x0, 0x0, 0x0, 0xc, 0xfc, 0x0, 0x0,
    0x2f, 0xf7, 0x0, 0x0, 0x0, 0x0, 0xef, 0xa0,
    0x0, 0x4, 0xff, 0x50, 0x0, 0x0, 0x0, 0x1f,
    0xf7, 0x0, 0x0, 0x7f, 0xf2, 0x0, 0x0, 0x0,
    0x4, 0xff, 0x50, 0x0, 0x9, 0xff, 0x0, 0x0,
    0x0,

    /* U+0024 "$" */
    0x0, 0x0, 0x0, 0x1, 0xc7, 0x0, 0x0, 0x0,
    0x0, 0x0, 0x0, 0x0, 0x2f, 0xa0, 0x0, 0x0,
    0x0, 0x0, 0x0, 0x0, 0x2, 0xfa, 0x0, 0x0,
    0x0, 0x0, 0x0, 0x0, 0x0, 0x2f, 0xa0, 0x0,
    0x0, 0x0, 0x0, 0x0, 0x18, 0xdf, 0xff, 0xec,
    0x71, 0x0, 0x0, 0x0, 0x7f, 0xff, 0xff, 0xff,
    0xff, 0xe4, 0x0, 0x0, 0x8f, 0xff, 0xff, 0xff,
    0xff, 0xff, 0xf4, 0x0, 0x2f, 0xff, 0xc3, 0x2f,
    0xa0, 0x6f, 0xff, 0xd0, 0x9, 0xff, 0xe0, 0x2,
    0xfa, 0x0, 0x4f, 0xff, 0x40, 0xcf, 0xf9, 0x0,
    0x2f, 0xa0, 0x0, 0xbd, 0xd6, 0xc, 0xff, 0x90,
    0x2, 0xfa, 0x0, 0x0, 0x0, 0x0, 0xaf, 0xff,
    0x20, 0x2f, 0xa0, 0x0, 0x0, 0x0, 0x4, 0xff,
    0xff, 0x84, 0xfa, 0x0, 0x0, 0x0, 0x0, 0x8,
    0xff, 0xff, 0xff, 0xc4, 0x0, 0x0, 0x0, 0x0,
    0x5, 0xef, 0xff, 0xff, 0xff, 0xa2, 0x0, 0x0,
    0x0, 0x0, 0x6b, 0xff, 0xff, 0xff, 0xf8, 0x0,
    0x0, 0x0, 0x0, 0x2, 0xfd, 0xdf, 0xff, 0xfa,
    0x0, 0x0, 0x0, 0x0, 0x2f, 0xa0, 0x4c, 0xff,
    0xf4, 0x0, 0x0, 0x0, 0x2, 0xfa, 0x0, 0xd,
    0xff, 0xa1, 0x33, 0x30, 0x0, 0x2f, 0xa0, 0x0,
    0x8f, 0xfc, 0x5f, 0xff, 0x10, 0x2, 0xfa, 0x0,
    0x9, 0xff, 0xc2, 0xff, 0xf9, 0x0, 0x2f, 0xa0,
    0x2, 0xff, 0xf9, 0xb, 0xff, 0xfa, 0x22, 0xfa,
    0x6, 0xef, 0xff, 0x30, 0x2f, 0xff, 0xff, 0xef,
    0xff, 0xff, 0xff, 0x90, 0x0, 0x3d, 0xff, 0xff,
    0xff, 0xff, 0xff, 0x80, 0x0, 0x0, 0x6, 0xbe,
    0xff, 0xff, 0xd9, 0x30, 0x0, 0x0, 0x0, 0x0,
    0x2, 0xfa, 0x0, 0x0, 0x0, 0x0, 0x0, 0x0,
    0x0, 0x2f, 0xa0, 0x0, 0x0, 0x0, 0x0, 0x0,
    0x0, 0x2, 0xfa, 0x0, 0x0, 0x0, 0x0,

    /* U+0025 "%" */
    0x0, 0x8d, 0xfe, 0xa2, 0x0, 0x0, 0x0, 0x0,
    0x5, 0xff, 0x50, 0x0, 0xd, 0xff, 0xff, 0xff,
    0x20, 0x0, 0x0, 0x0, 0x1e, 0xfa, 0x0, 0x0,
    0x8f, 0xf8, 0x46, 0xff, 0xb0, 0x0, 0x0, 0x0,
    0xbf, 0xe0, 0x0, 0x0, 0xcf, 0xc0, 0x0, 0x9f,
    0xf0, 0x0, 0x0, 0x6, 0xff, 0x40, 0x0, 0x0,
    0xdf, 0xa0, 0x0, 0x7f, 0xf0, 0x0, 0x0, 0x2f,
    0xf9, 0x0, 0x0, 0x0, 0xcf, 0xb0, 0x0, 0x8f,
    0xf0, 0x0, 0x0, 0xcf, 0xd0, 0x0, 0x0, 0x0,
    0x9f, 0xf5, 0x3, 0xef, 0xc0, 0x0, 0x7, 0xff,
    0x30, 0x0, 0x0, 0x0, 0x2f, 0xff, 0xff, 0xff,
    0x40, 0x0, 0x2f, 0xf8, 0x0, 0x0, 0x0, 0x0,
    0x3, 0xcf, 0xff, 0xd5, 0x0, 0x0, 0xcf, 0xd0,
    0x0, 0x0, 0x0, 0x0, 0x0, 0x1, 0x32, 0x0,
    0x0, 0x7, 0xff, 0x30, 0x0, 0x0, 0x0, 0x0,
    0x0, 0x0, 0x0, 0x0, 0x0, 0x3f, 0xf7, 0x0,
    0x0, 0x0, 0x0, 0x0, 0x0, 0x0, 0x0, 0x0,
    0x0, 0xdf, 0xc0, 0x0, 0x0, 0x12, 0x0, 0x0,
    0x0, 0x0, 0x0, 0x0, 0x8, 0xff, 0x20, 0x0,
    0x5d, 0xff, 0xf9, 0x0, 0x0, 0x0, 0x0, 0x0,
    0x3f, 0xf7, 0x0, 0x5, 0xff, 0xff, 0xff, 0xb0,
    0x0, 0x0, 0x0, 0x0, 0xdf, 0xc0, 0x0, 0xd,
    0xfd, 0x21, 0x8f, 0xf4, 0x0, 0x0, 0x0, 0x9,
    0xff, 0x20, 0x0, 0x2f, 0xf6, 0x0, 0xf, 0xf8,
    0x0, 0x0, 0x0, 0x4f, 0xf6, 0x0, 0x0, 0x3f,
    0xf4, 0x0, 0xe, 0xfa, 0x0, 0x0, 0x0, 0xef,
    0xb0, 0x0, 0x0, 0x3f, 0xf4, 0x0, 0xe, 0xfa,
    0x0, 0x0, 0xa, 0xfe, 0x10, 0x0, 0x0, 0x1f,
    0xf7, 0x0, 0x1f, 0xf8, 0x0, 0x0, 0x4f, 0xf5,
    0x0, 0x0, 0x0, 0xc, 0xff, 0x64, 0xbf, 0xf3,
    0x0, 0x1, 0xef, 0xa0, 0x0, 0x0, 0x0, 0x3,
    0xff, 0xff, 0xff, 0x90, 0x0, 0xa, 0xfe, 0x10,
    0x0, 0x0, 0x0, 0x0, 0x2a, 0xef, 0xd6, 0x0,

    /* U+0026 "&" */
    0x0, 0x0, 0x29, 0xdf, 0xec, 0x60, 0x0, 0x0,
    0x0, 0x0, 0x0, 0x5f, 0xff, 0xff, 0xff, 0xb0,
    0x0, 0x0, 0x0, 0x0, 0x1f, 0xff, 0xfd, 0xef,
    0xff, 0x80, 0x0, 0x0, 0x0, 0x8, 0xff, 0xe2,
    0x0, 0x6f, 0xff, 0x0, 0x0, 0x0, 0x0, 0xbf,
    0xf6, 0x0, 0x0, 0xef, 0xf2, 0x0, 0x0, 0x0,
    0xb, 0xff, 0x40, 0x0, 0xd, 0xff, 0x10, 0x0,
    0x0, 0x0, 0x8f, 0xf8, 0x0, 0x4, 0xff, 0xc0,
    0x0, 0x0, 0x0, 0x2, 0xff, 0xe1, 0x4, 0xff,
    0xf3, 0x0, 0x0, 0x0, 0x0, 0x9, 0xff, 0xb7,
    0xff, 0xf6, 0x0, 0x0, 0x0, 0x0, 0x0, 0xc,
    0xff, 0xff, 0xe4, 0x0, 0x0, 0x0, 0x0, 0x0,
    0x1, 0xcf, 0xff, 0xf1, 0x0, 0x0, 0x0, 0x0,
    0x0, 0x3, 0xef, 0xff, 0xff, 0x90, 0x0, 0x3,
    0x33, 0x0, 0x3, 0xff, 0xfd, 0x7f, 0xff, 0x70,
    0x0, 0xff, 0xe0, 0x0, 0xef, 0xfc, 0x10, 0x6f,
    0xff, 0x50, 0x2f, 0xfd, 0x0, 0x5f, 0xff, 0x10,
    0x0, 0x8f, 0xff, 0x37, 0xff, 0xa0, 0x8, 0xff,
    0xb0, 0x0, 0x0, 0xaf, 0xfe, 0xdf, 0xf5, 0x0,
    0x8f, 0xfb, 0x0, 0x0, 0x0, 0xcf, 0xff, 0xfe,
    0x0, 0x6, 0xff, 0xf1, 0x0, 0x0, 0x1, 0xef,
    0xff, 0x60, 0x0, 0xf, 0xff, 0xd3, 0x0, 0x2,
    0xaf, 0xff, 0xf9, 0x0, 0x0, 0x5f, 0xff, 0xfe,
    0xde, 0xff, 0xff, 0xff, 0xf5, 0x0, 0x0, 0x6f,
    0xff, 0xff, 0xff, 0xff, 0x78, 0xff, 0xf2, 0x0,
    0x0, 0x17, 0xce, 0xfe, 0xc7, 0x10, 0xc, 0xff,
    0xd0,

    /* U+0027 "'" */
    0xff, 0xf5, 0xef, 0xf4, 0xdf, 0xf3, 0xdf, 0xf3,
    0xcf, 0xf2, 0xbf, 0xf1, 0xbf, 0xf1, 0xaf, 0xf0,
    0x7c, 0xc0,

    /* U+0028 "(" */
    0x0, 0x0, 0x7f, 0xf8, 0x0, 0x1, 0xff, 0xf2,
    0x0, 0x7, 0xff, 0xc0, 0x0, 0xd, 0xff, 0x60,
    0x0, 0x3f, 0xff, 0x10, 0x0, 0x8f, 0xfb, 0x0,
    0x0, 0xdf, 0xf7, 0x0, 0x1, 0xff, 0xf3, 0x0,
    0x5, 0xff, 0xf0, 0x0, 0x8, 0xff, 0xc0, 0x0,
    0xb, 0xff, 0x90, 0x0, 0xd, 0xff, 0x70, 0x0,
    0xf, 0xff, 0x50, 0x0, 0xf, 0xff, 0x40, 0x0,
    0xf, 0xff, 0x30, 0x0, 0xf, 0xff, 0x40, 0x0,
    0xe, 0xff, 0x50, 0x0, 0xd, 0xff, 0x60, 0x0,
    0xb, 0xff, 0x90, 0x0, 0x8, 0xff, 0xc0, 0x0,
    0x4, 0xff, 0xf0, 0x0, 0x1, 0xff, 0xf4, 0x0,
    0x0, 0xbf, 0xfa, 0x0, 0x0, 0x5f, 0xff, 0x0,
    0x0, 0xf, 0xff, 0x50, 0x0, 0x8, 0xff, 0xb0,
    0x0, 0x1, 0xff, 0xf2, 0x0, 0x0, 0x8f, 0xf9,

    /* U+0029 ")" */
    0x8f, 0xf8, 0x0, 0x0, 0x2f, 0xff, 0x10, 0x0,
    0xb, 0xff, 0x80, 0x0, 0x5, 0xff, 0xe0, 0x0,
    0x0, 0xff, 0xf4, 0x0, 0x0, 0xaf, 0xf9, 0x0,
    0x0, 0x6f, 0xfe, 0x0, 0x0, 0x2f, 0xff, 0x20,
    0x0, 0xe, 0xff, 0x60, 0x0, 0xb, 0xff, 0x90,
    0x0, 0x8, 0xff, 0xc0, 0x0, 0x6, 0xff, 0xe0,
    0x0, 0x4, 0xff, 0xf0, 0x0, 0x3, 0xff, 0xf0,
    0x0, 0x2, 0xff, 0xf1, 0x0, 0x3, 0xff, 0xf0,
    0x0, 0x4, 0xff, 0xf0, 0x0, 0x6, 0xff, 0xe0,
    0x0, 0x8, 0xff, 0xc0, 0x0, 0xb, 0xff, 0x80,
    0x0, 0xf, 0xff, 0x50, 0x0, 0x3f, 0xff, 0x10,
    0x0, 0x8f, 0xfc, 0x0, 0x0, 0xef, 0xf6, 0x0,
    0x4, 0xff, 0xf1, 0x0, 0xa, 0xff, 0x90, 0x0,
    0x1f, 0xff, 0x10, 0x0, 0x8f, 0xf9, 0x0, 0x0,

    /* U+002A "*" */
    0x0, 0x0, 0x5, 0xff, 0x0, 0x0, 0x0, 0x0,
    0x0, 0x4f, 0xe0, 0x0, 0x0, 0x2, 0x91, 0x3,
    0xfd, 0x0, 0x39, 0x0, 0xbf, 0xe4, 0x3f, 0xd0,
    0x8f, 0xf5, 0x8, 0xff, 0xfb, 0xfe, 0xdf, 0xfd,
    0x40, 0x1, 0x9f, 0xff, 0xff, 0xd5, 0x0, 0x0,
    0x0, 0x9f, 0xff, 0xf5, 0x0, 0x0, 0x7, 0xef,
    0xff, 0xff, 0xfc, 0x30, 0xd, 0xff, 0xd6, 0xfd,
    0x7f, 0xff, 0x70, 0x7f, 0x80, 0x3f, 0xd0, 0x2c,
    0xf2, 0x0, 0x30, 0x4, 0xfe, 0x0, 0x3, 0x0,
    0x0, 0x0, 0x4f, 0xe0, 0x0, 0x0, 0x0, 0x0,
    0x3, 0x98, 0x0, 0x0, 0x0,

    /* U+002B "+" */
    0x0, 0x0, 0x0, 0x5d, 0xd5, 0x0, 0x0, 0x0,
    0x0, 0x0, 0x0, 0x7f, 0xf7, 0x0, 0x0, 0x0,
    0x0, 0x0, 0x0, 0x7f, 0xf7, 0x0, 0x0, 0x0,
    0x0, 0x0, 0x0, 0x7f, 0xf7, 0x0, 0x0, 0x0,
    0x0, 0x0, 0x0, 0x7f, 0xf7, 0x0, 0x0, 0x0,
    0x0, 0x0, 0x0, 0x7f, 0xf7, 0x0, 0x0, 0x0,
    0x2c, 0xcc, 0xcc, 0xef, 0xfe, 0xcc, 0xcc, 0xc2,
    0x3f, 0xff, 0xff, 0xff, 0xff, 0xff, 0xff, 0xf3,
    0x3f, 0xff, 0xff, 0xff, 0xff, 0xff, 0xff, 0xf3,
    0x0, 0x0, 0x0, 0x7f, 0xf7, 0x0, 0x0, 0x0,
    0x0, 0x0, 0x0, 0x7f, 0xf7, 0x0, 0x0, 0x0,
    0x0, 0x0, 0x0, 0x7f, 0xf7, 0x0, 0x0, 0x0,
    0x0, 0x0, 0x0, 0x7f, 0xf7, 0x0, 0x0, 0x0,
    0x0, 0x0, 0x0, 0x7f, 0xf7, 0x0, 0x0, 0x0,
    0x0, 0x0, 0x0, 0x7f, 0xf7, 0x0, 0x0, 0x0,

    /* U+002C "," */
    0x0, 0xbc, 0xc6, 0x1, 0xff, 0xf3, 0x3, 0xff,
    0xf0, 0x5, 0xff, 0xa0, 0x8, 0xff, 0x60, 0xa,
    0xff, 0x20, 0xc, 0xfd, 0x0, 0xf, 0xf9, 0x0,
    0x1f, 0xf4, 0x0,

    /* U+002D "-" */
    0xce, 0xee, 0xee, 0xee, 0xeb, 0xef, 0xff, 0xff,
    0xff, 0xfc, 0xef, 0xff, 0xff, 0xff, 0xfc,

    /* U+002E "." */
    0x2, 0x52, 0x2, 0xff, 0xf4, 0x8f, 0xff, 0xa7,
    0xff, 0xf8, 0xa, 0xfb, 0x10,

    /* U+002F "/" */
    0x0, 0x0, 0x0, 0x8, 0xff, 0x50, 0x0, 0x0,
    0x0, 0xcf, 0xf1, 0x0, 0x0, 0x0, 0xf, 0xfd,
    0x0, 0x0, 0x0, 0x4, 0xff, 0x90, 0x0, 0x0,
    0x0, 0x8f, 0xf5, 0x0, 0x0, 0x0, 0xc, 0xff,
    0x10, 0x0, 0x0, 0x1, 0xff, 0xc0, 0x0, 0x0,
    0x0, 0x5f, 0xf8, 0x0, 0x0, 0x0, 0x9, 0xff,
    0x40, 0x0, 0x0, 0x0, 0xdf, 0xf0, 0x0, 0x0,
    0x0, 0x1f, 0xfc, 0x0, 0x0, 0x0, 0x5, 0xff,
    0x80, 0x0, 0x0, 0x0, 0xaf, 0xf3, 0x0, 0x0,
    0x0, 0xe, 0xff, 0x0, 0x0, 0x0, 0x2, 0xff,
    0xb0, 0x0, 0x0, 0x0, 0x6f, 0xf7, 0x0, 0x0,
    0x0, 0xa, 0xff, 0x30, 0x0, 0x0, 0x0, 0xef,
    0xe0, 0x0, 0x0, 0x0, 0x3f, 0xfa, 0x0, 0x0,
    0x0, 0x7, 0xff, 0x60, 0x0, 0x0, 0x0, 0xbf,
    0xf2, 0x0, 0x0, 0x0, 0xf, 0xfe, 0x0, 0x0,
    0x0, 0x3, 0xff, 0xa0, 0x0, 0x0, 0x0, 0x7f,
    0xf6, 0x0, 0x0, 0x0, 0xc, 0xff, 0x10, 0x0,
    0x0, 0x0, 0xff, 0xd0, 0x0, 0x0, 0x0, 0x4f,
    0xf9, 0x0, 0x0, 0x0, 0x0,

    /* U+0030 "0" */
    0x0, 0x0, 0x5, 0xae, 0xfe, 0xc7, 0x10, 0x0,
    0x0, 0x0, 0x1b, 0xff, 0xff, 0xff, 0xfe, 0x40,
    0x0, 0x0, 0xc, 0xff, 0xff, 0xff, 0xff, 0xff,
    0x40, 0x0, 0x9, 0xff, 0xf9, 0x20, 0x6, 0xff,
    0xfe, 0x0, 0x2, 0xff, 0xf9, 0x0, 0x0, 0x3,
    0xff, 0xf7, 0x0, 0x8f, 0xfe, 0x0, 0x0, 0x0,
    0x9, 0xff, 0xd0, 0xd, 0xff, 0x90, 0x0, 0x0,
    0x0, 0x3f, 0xff, 0x20, 0xff, 0xf4, 0x0, 0x0,
    0x0, 0x0, 0xef, 0xf6, 0x3f, 0xff, 0x20, 0x0,
    0x0, 0x0, 0xc, 0xff, 0x84, 0xff, 0xf0, 0x0,
    0x0, 0x0, 0x0, 0xaf, 0xf9, 0x5f, 0xff, 0x0,
    0x0, 0x0, 0x0, 0x9, 0xff, 0xa5, 0xff, 0xf0,
    0x0, 0x0, 0x0, 0x0, 0x9f, 0xfa, 0x4f, 0xff,
    0x0, 0x0, 0x0, 0x0, 0xa, 0xff, 0x93, 0xff,
    0xf1, 0x0, 0x0, 0x0, 0x0, 0xcf, 0xf8, 0xf,
    0xff, 0x40, 0x0, 0x0, 0x0, 0xe, 0xff, 0x60,
    0xdf, 0xf8, 0x0, 0x0, 0x0, 0x3, 0xff, 0xf3,
    0x8, 0xff, 0xe0, 0x0, 0x0, 0x0, 0x9f, 0xfd,
    0x0, 0x2f, 0xff, 0x90, 0x0, 0x0, 0x3f, 0xff,
    0x80, 0x0, 0x9f, 0xff, 0x91, 0x0, 0x6f, 0xff,
    0xe0, 0x0, 0x1, 0xdf, 0xff, 0xff, 0xff, 0xff,
    0xf4, 0x0, 0x0, 0x1, 0xcf, 0xff, 0xff, 0xff,
    0xe4, 0x0, 0x0, 0x0, 0x0, 0x5b, 0xef, 0xec,
    0x71, 0x0, 0x0,

    /* U+0031 "1" */
    0x0, 0x0, 0x8f, 0xff, 0xf0, 0x0, 0x1c, 0xff,
    0xff, 0xf0, 0x5, 0xef, 0xff, 0xff, 0xf0, 0x7f,
    0xff, 0xd7, 0xff, 0xf0, 0x9f, 0xf9, 0x4, 0xff,
    0xf0, 0x9e, 0x50, 0x4, 0xff, 0xf0, 0x61, 0x0,
    0x4, 0xff, 0xf0, 0x0, 0x0, 0x4, 0xff, 0xf0,
    0x0, 0x0, 0x4, 0xff, 0xf0, 0x0, 0x0, 0x4,
    0xff, 0xf0, 0x0, 0x0, 0x4, 0xff, 0xf0, 0x0,
    0x0, 0x4, 0xff, 0xf0, 0x0, 0x0, 0x4, 0xff,
    0xf0, 0x0, 0x0, 0x4, 0xff, 0xf0, 0x0, 0x0,
    0x4, 0xff, 0xf0, 0x0, 0x0, 0x4, 0xff, 0xf0,
    0x0, 0x0, 0x4, 0xff, 0xf0, 0x0, 0x0, 0x4,
    0xff, 0xf0, 0x0, 0x0, 0x4, 0xff, 0xf0, 0x0,
    0x0, 0x4, 0xff, 0xf0, 0x0, 0x0, 0x4, 0xff,
    0xf0, 0x0, 0x0, 0x4, 0xff, 0xf0,

    /* U+0032 "2" */
    0x0, 0x2, 0x8c, 0xef, 0xda, 0x40, 0x0, 0x0,
    0x7, 0xff, 0xff, 0xff, 0xff, 0xb1, 0x0, 0x7,
    0xff, 0xff, 0xee, 0xff, 0xff, 0xc0, 0x2, 0xff,
    0xfc, 0x20, 0x1, 0x9f, 0xff, 0x80, 0x8f, 0xfd,
    0x0, 0x0, 0x0, 0x8f, 0xfe, 0xc, 0xff, 0x70,
    0x0, 0x0, 0x2, 0xff, 0xf1, 0x9a, 0xa3, 0x0,
    0x0, 0x0, 0xf, 0xff, 0x20, 0x0, 0x0, 0x0,
    0x0, 0x3, 0xff, 0xf0, 0x0, 0x0, 0x0, 0x0,
    0x0, 0xaf, 0xfb, 0x0, 0x0, 0x0, 0x0, 0x0,
    0x4f, 0xff, 0x30, 0x0, 0x0, 0x0, 0x0, 0x2f,
    0xff, 0x90, 0x0, 0x0, 0x0, 0x0, 0x2e, 0xff,
    0xc0, 0x0, 0x0, 0x0, 0x0, 0x1d, 0xff, 0xd1,
    0x0, 0x0, 0x0, 0x0, 0x1d, 0xff, 0xe2, 0x0,
    0x0, 0x0, 0x0, 0x1d, 0xff, 0xe2, 0x0, 0x0,
    0x0, 0x0, 0x1d, 0xff, 0xe2, 0x0, 0x0, 0x0,
    0x0, 0x1d, 0xff, 0xe3, 0x0, 0x0, 0x0, 0x0,
    0x1d, 0xff, 0xf3, 0x0, 0x0, 0x0, 0x0, 0x1c,
    0xff, 0xf4, 0x0, 0x0, 0x0, 0x0, 0xc, 0xff,
    0xff, 0xff, 0xff, 0xff, 0xff, 0xf8, 0xef, 0xff,
    0xff, 0xff, 0xff, 0xff, 0xff, 0x8e, 0xff, 0xff,
    0xff, 0xff, 0xff, 0xff, 0xf8,

    /* U+0033 "3" */
    0x0, 0x0, 0x17, 0xce, 0xfe, 0xc7, 0x10, 0x0,
    0x0, 0x0, 0x7f, 0xff, 0xff, 0xff, 0xfe, 0x40,
    0x0, 0x0, 0x8f, 0xff, 0xff, 0xef, 0xff, 0xff,
    0x30, 0x0, 0x3f, 0xff, 0xc4, 0x0, 0x6, 0xef,
    0xfd, 0x0, 0x9, 0xff, 0xc0, 0x0, 0x0, 0x4,
    0xff, 0xf3, 0x0, 0x9c, 0xc5, 0x0, 0x0, 0x0,
    0xf, 0xff, 0x50, 0x0, 0x0, 0x0, 0x0, 0x0,
    0x0, 0xff, 0xf4, 0x0, 0x0, 0x0, 0x0, 0x0,
    0x0, 0x6f, 0xfe, 0x0, 0x0, 0x0, 0x0, 0x0,
    0x3, 0x9f, 0xff, 0x50, 0x0, 0x0, 0x0, 0xd,
    0xff, 0xff, 0xfd, 0x40, 0x0, 0x0, 0x0, 0x0,
    0xdf, 0xff, 0xfe, 0x60, 0x0, 0x0, 0x0, 0x0,
    0xa, 0xcd, 0xff, 0xff, 0xe4, 0x0, 0x0, 0x0,
    0x0, 0x0, 0x0, 0x3c, 0xff, 0xf3, 0x0, 0x0,
    0x0, 0x0, 0x0, 0x0, 0xd, 0xff, 0xc0, 0x0,
    0x0, 0x0, 0x0, 0x0, 0x0, 0x6f, 0xff, 0x0,
    0x11, 0x10, 0x0, 0x0, 0x0, 0x4, 0xff, 0xf2,
    0x3f, 0xff, 0x30, 0x0, 0x0, 0x0, 0x6f, 0xff,
    0x10, 0xff, 0xfa, 0x0, 0x0, 0x0, 0x1d, 0xff,
    0xd0, 0x8, 0xff, 0xfc, 0x40, 0x1, 0x6e, 0xff,
    0xf6, 0x0, 0xc, 0xff, 0xff, 0xff, 0xff, 0xff,
    0xf9, 0x0, 0x0, 0x1a, 0xff, 0xff, 0xff, 0xff,
    0xf7, 0x0, 0x0, 0x0, 0x3, 0x8d, 0xef, 0xec,
    0x72, 0x0, 0x0,

    /* U+0034 "4" */
    0x0, 0x0, 0x0, 0x0, 0x3, 0xff, 0xff, 0x30,
    0x0, 0x0, 0x0, 0x0, 0x0, 0xd, 0xff, 0xff,
    0x30, 0x0, 0x0, 0x0, 0x0, 0x0, 0x7f, 0xff,
    0xff, 0x30, 0x0, 0x0, 0x0, 0x0, 0x2, 0xff,
    0xff, 0xff, 0x30, 0x0, 0x0, 0x0, 0x0, 0xb,
    0xff, 0x9f, 0xff, 0x30, 0x0, 0x0, 0x0, 0x0,
    0x5f, 0xfe, 0xf, 0xff, 0x30, 0x0, 0x0, 0x0,
    0x0, 0xef, 0xf5, 0xf, 0xff, 0x30, 0x0, 0x0,
    0x0, 0x9, 0xff, 0xb0, 0xf, 0xff, 0x30, 0x0,
    0x0, 0x0, 0x3f, 0xff, 0x20, 0xf, 0xff, 0x30,
    0x0, 0x0, 0x0, 0xcf, 0xf8, 0x0, 0xf, 0xff,
    0x30, 0x0, 0x0, 0x7, 0xff, 0xd0, 0x0, 0xf,
    0xff, 0x30, 0x0, 0x0, 0x1f, 0xff, 0x40, 0x0,
    0xf, 0xff, 0x30, 0x0, 0x0, 0xaf, 0xfa, 0x0,
    0x0, 0xf, 0xff, 0x30, 0x0, 0x4, 0xff, 0xf1,
    0x0, 0x0, 0xf, 0xff, 0x30, 0x0, 0xe, 0xff,
    0x70, 0x0, 0x0, 0xf, 0xff, 0x30, 0x0, 0x5f,
    0xff, 0xff, 0xff, 0xff, 0xff, 0xff, 0xff, 0xf1,
    0x5f, 0xff, 0xff, 0xff, 0xff, 0xff, 0xff, 0xff,
    0xf1, 0x4e, 0xee, 0xee, 0xee, 0xee, 0xef, 0xff,
    0xee, 0xe1, 0x0, 0x0, 0x0, 0x0, 0x0, 0xf,
    0xff, 0x30, 0x0, 0x0, 0x0, 0x0, 0x0, 0x0,
    0xf, 0xff, 0x30, 0x0, 0x0, 0x0, 0x0, 0x0,
    0x0, 0xf, 0xff, 0x30, 0x0, 0x0, 0x0, 0x0,
    0x0, 0x0, 0xf, 0xff, 0x30, 0x0,

    /* U+0035 "5" */
    0x0, 0xcf, 0xff, 0xff, 0xff, 0xff, 0xff, 0x50,
    0x0, 0xef, 0xff, 0xff, 0xff, 0xff, 0xff, 0x50,
    0x0, 0xff, 0xfe, 0xee, 0xee, 0xee, 0xee, 0x50,
    0x1, 0xff, 0xf0, 0x0, 0x0, 0x0, 0x0, 0x0,
    0x3, 0xff, 0xe0, 0x0, 0x0, 0x0, 0x0, 0x0,
    0x5, 0xff, 0xc0, 0x0, 0x0, 0x0, 0x0, 0x0,
    0x7, 0xff, 0xa0, 0x0, 0x0, 0x0, 0x0, 0x0,
    0x9, 0xff, 0x83, 0xae, 0xfd, 0xb4, 0x0, 0x0,
    0xa, 0xff, 0xdf, 0xff, 0xff, 0xff, 0xa0, 0x0,
    0xc, 0xff, 0xff, 0xfd, 0xef, 0xff, 0xfb, 0x0,
    0x9, 0xdf, 0xc4, 0x0, 0x3, 0xcf, 0xff, 0x60,
    0x0, 0x0, 0x0, 0x0, 0x0, 0xc, 0xff, 0xd0,
    0x0, 0x0, 0x0, 0x0, 0x0, 0x4, 0xff, 0xf3,
    0x0, 0x0, 0x0, 0x0, 0x0, 0x0, 0xff, 0xf5,
    0x0, 0x0, 0x0, 0x0, 0x0, 0x0, 0xdf, 0xf6,
    0x2, 0x22, 0x0, 0x0, 0x0, 0x0, 0xef, 0xf5,
    0x3f, 0xff, 0x10, 0x0, 0x0, 0x3, 0xff, 0xf2,
    0xf, 0xff, 0x90, 0x0, 0x0, 0xc, 0xff, 0xc0,
    0x8, 0xff, 0xfa, 0x20, 0x3, 0xcf, 0xff, 0x50,
    0x0, 0xcf, 0xff, 0xfe, 0xef, 0xff, 0xf9, 0x0,
    0x0, 0x1b, 0xff, 0xff, 0xff, 0xff, 0x70, 0x0,
    0x0, 0x0, 0x4a, 0xdf, 0xed, 0x82, 0x0, 0x0,

    /* U+0036 "6" */
    0x0, 0x0, 0x3, 0x9d, 0xff, 0xd9, 0x30, 0x0,
    0x0, 0x0, 0x9, 0xff, 0xff, 0xff, 0xff, 0x90,
    0x0, 0x0, 0xa, 0xff, 0xff, 0xff, 0xff, 0xff,
    0xa0, 0x0, 0x6, 0xff, 0xfb, 0x30, 0x14, 0xcf,
    0xff, 0x50, 0x0, 0xef, 0xf8, 0x0, 0x0, 0x0,
    0xcf, 0xfc, 0x0, 0x5f, 0xfd, 0x0, 0x0, 0x0,
    0x2, 0x88, 0x70, 0xb, 0xff, 0x60, 0x0, 0x0,
    0x0, 0x0, 0x0, 0x0, 0xef, 0xf2, 0x4, 0xae,
    0xfd, 0xa3, 0x0, 0x0, 0x1f, 0xff, 0x9, 0xff,
    0xff, 0xff, 0xf8, 0x0, 0x3, 0xff, 0xe8, 0xff,
    0xfd, 0xef, 0xff, 0xf9, 0x0, 0x4f, 0xff, 0xff,
    0x70, 0x0, 0x3d, 0xff, 0xf4, 0x5, 0xff, 0xff,
    0x50, 0x0, 0x0, 0x1e, 0xff, 0xb0, 0x4f, 0xff,
    0xb0, 0x0, 0x0, 0x0, 0x6f, 0xff, 0x3, 0xff,
    0xf6, 0x0, 0x0, 0x0, 0x1, 0xff, 0xf2, 0x2f,
    0xff, 0x40, 0x0, 0x0, 0x0, 0xf, 0xff, 0x30,
    0xef, 0xf6, 0x0, 0x0, 0x0, 0x2, 0xff, 0xf1,
    0xa, 0xff, 0xc0, 0x0, 0x0, 0x0, 0x7f, 0xff,
    0x0, 0x4f, 0xff, 0x60, 0x0, 0x0, 0x2f, 0xff,
    0x90, 0x0, 0xcf, 0xff, 0x71, 0x0, 0x5e, 0xff,
    0xf2, 0x0, 0x2, 0xef, 0xff, 0xfe, 0xff, 0xff,
    0xf6, 0x0, 0x0, 0x2, 0xdf, 0xff, 0xff, 0xff,
    0xf5, 0x0, 0x0, 0x0, 0x0, 0x5b, 0xef, 0xec,
    0x71, 0x0, 0x0,

    /* U+0037 "7" */
    0xbf, 0xff, 0xff, 0xff, 0xff, 0xff, 0xff, 0xdb,
    0xff, 0xff, 0xff, 0xff, 0xff, 0xff, 0xfd, 0xbf,
    0xff, 0xff, 0xff, 0xff, 0xff, 0xff, 0xd0, 0x0,
    0x0, 0x0, 0x0, 0x0, 0xef, 0xf9, 0x0, 0x0,
    0x0, 0x0, 0x0, 0x6f, 0xff, 0x10, 0x0, 0x0,
    0x0, 0x0, 0xe, 0xff, 0x90, 0x0, 0x0, 0x0,
    0x0, 0x6, 0xff, 0xf1, 0x0, 0x0, 0x0, 0x0,
    0x0, 0xef, 0xf9, 0x0, 0x0, 0x0, 0x0, 0x0,
    0x6f, 0xff, 0x10, 0x0, 0x0, 0x0, 0x0, 0xe,
    0xff, 0x90, 0x0, 0x0, 0x0, 0x0, 0x6, 0xff,
    0xf1, 0x0, 0x0, 0x0, 0x0, 0x0, 0xef, 0xf9,
    0x0, 0x0, 0x0, 0x0, 0x0, 0x6f, 0xff, 0x10,
    0x0, 0x0, 0x0, 0x0, 0xe, 0xff, 0x90, 0x0,
    0x0, 0x0, 0x0, 0x7, 0xff, 0xf1, 0x0, 0x0,
    0x0, 0x0, 0x0, 0xef, 0xf9, 0x0, 0x0, 0x0,
    0x0, 0x0, 0x7f, 0xff, 0x10, 0x0, 0x0, 0x0,
    0x0, 0xe, 0xff, 0x90, 0x0, 0x0, 0x0, 0x0,
    0x7, 0xff, 0xf1, 0x0, 0x0, 0x0, 0x0, 0x0,
    0xef, 0xf9, 0x0, 0x0, 0x0, 0x0, 0x0, 0x7f,
    0xff, 0x10, 0x0, 0x0, 0x0, 0x0, 0xe, 0xff,
    0x90, 0x0, 0x0, 0x0, 0x0,

    /* U+0038 "8" */
    0x0, 0x0, 0x17, 0xce, 0xfe, 0xb6, 0x0, 0x0,
    0x0, 0x0, 0x6f, 0xff, 0xff, 0xff, 0xfe, 0x40,
    0x0, 0x0, 0x7f, 0xff, 0xff, 0xdf, 0xff, 0xff,
    0x40, 0x0, 0x1f, 0xff, 0xd3, 0x0, 0x5, 0xef,
    0xfe, 0x0, 0x6, 0xff, 0xf1, 0x0, 0x0, 0x3,
    0xff, 0xf4, 0x0, 0x8f, 0xfb, 0x0, 0x0, 0x0,
    0xd, 0xff, 0x60, 0x6, 0xff, 0xc0, 0x0, 0x0,
    0x0, 0xef, 0xf4, 0x0, 0x1f, 0xff, 0x30, 0x0,
    0x0, 0x5f, 0xfe, 0x0, 0x0, 0x7f, 0xfe, 0x72,
    0x2, 0x8f, 0xff, 0x50, 0x0, 0x0, 0x6e, 0xff,
    0xff, 0xff, 0xfd, 0x50, 0x0, 0x0, 0x2, 0x9f,
    0xff, 0xff, 0xff, 0x81, 0x0, 0x0, 0x6, 0xff,
    0xff, 0xdb, 0xdf, 0xff, 0xf4, 0x0, 0x4, 0xff,
    0xfa, 0x10, 0x0, 0x2c, 0xff, 0xf2, 0x0, 0xdf,
    0xfa, 0x0, 0x0, 0x0, 0xc, 0xff, 0xb0, 0x2f,
    0xff, 0x30, 0x0, 0x0, 0x0, 0x5f, 0xff, 0x14,
    0xff, 0xf0, 0x0, 0x0, 0x0, 0x3, 0xff, 0xf3,
    0x3f, 0xff, 0x20, 0x0, 0x0, 0x0, 0x4f, 0xff,
    0x21, 0xff, 0xf9, 0x0, 0x0, 0x0, 0xb, 0xff,
    0xe0, 0x9, 0xff, 0xf9, 0x10, 0x0, 0x2b, 0xff,
    0xf7, 0x0, 0x1d, 0xff, 0xff, 0xed, 0xef, 0xff,
    0xfb, 0x0, 0x0, 0x1a, 0xff, 0xff, 0xff, 0xff,
    0xf9, 0x0, 0x0, 0x0, 0x3, 0x8d, 0xef, 0xec,
    0x82, 0x0, 0x0,

    /* U+0039 "9" */
    0x0, 0x0, 0x28, 0xce, 0xfe, 0xa4, 0x0, 0x0,
    0x0, 0x0, 0x7f, 0xff, 0xff, 0xff, 0xfc, 0x10,
    0x0, 0x0, 0x9f, 0xff, 0xff, 0xff, 0xff, 0xfd,
    0x10, 0x0, 0x5f, 0xff, 0xd4, 0x0, 0x18, 0xff,
    0xfa, 0x0, 0xc, 0xff, 0xd0, 0x0, 0x0, 0x5,
    0xff, 0xf2, 0x2, 0xff, 0xf4, 0x0, 0x0, 0x0,
    0xb, 0xff, 0x90, 0x4f, 0xff, 0x0, 0x0, 0x0,
    0x0, 0x6f, 0xfd, 0x4, 0xff, 0xf0, 0x0, 0x0,
    0x0, 0x6, 0xff, 0xf0, 0x2f, 0xff, 0x30, 0x0,
    0x0, 0x0, 0xaf, 0xff, 0x20, 0xef, 0xfb, 0x0,
    0x0, 0x0, 0x4f, 0xff, 0xf3, 0x7, 0xff, 0xfb,
    0x20, 0x0, 0x7f, 0xff, 0xff, 0x30, 0xc, 0xff,
    0xff, 0xdd, 0xff, 0xf7, 0xff, 0xf3, 0x0, 0x1b,
    0xff, 0xff, 0xff, 0xf8, 0xf, 0xff, 0x20, 0x0,
    0x5, 0xbe, 0xfe, 0xa3, 0x2, 0xff, 0xf0, 0x0,
    0x0, 0x0, 0x0, 0x0, 0x0, 0x5f, 0xfd, 0x0,
    0x22, 0x20, 0x0, 0x0, 0x0, 0xa, 0xff, 0x90,
    0xf, 0xff, 0x60, 0x0, 0x0, 0x1, 0xff, 0xf4,
    0x0, 0xbf, 0xfd, 0x10, 0x0, 0x0, 0xcf, 0xfd,
    0x0, 0x3, 0xff, 0xfd, 0x41, 0x4, 0xcf, 0xff,
    0x40, 0x0, 0x8, 0xff, 0xff, 0xff, 0xff, 0xff,
    0x80, 0x0, 0x0, 0x8, 0xff, 0xff, 0xff, 0xff,
    0x70, 0x0, 0x0, 0x0, 0x2, 0x9d, 0xff, 0xd9,
    0x20, 0x0, 0x0,

    /* U+003A ":" */
    0x2, 0x62, 0x2, 0xff, 0xf4, 0x8f, 0xff, 0xa7,
    0xff, 0xf8, 0xa, 0xfb, 0x10, 0x0, 0x0, 0x0,
    0x0, 0x0, 0x0, 0x0, 0x0, 0x0, 0x0, 0x0,
    0x0, 0x0, 0x0, 0x0, 0x0, 0x0, 0x2, 0x52,
    0x2, 0xff, 0xf4, 0x8f, 0xff, 0xa7, 0xff, 0xf8,
    0xa, 0xfb, 0x10,

    /* U+003B ";" */
    0x0, 0x5, 0x40, 0x0, 0xc, 0xff, 0x90, 0x3,
    0xff, 0xff, 0x0, 0x1f, 0xff, 0xe0, 0x0, 0x6e,
    0xe4, 0x0, 0x0, 0x0, 0x0, 0x0, 0x0, 0x0,
    0x0, 0x0, 0x0, 0x0, 0x0, 0x0, 0x0, 0x0,
    0x0, 0x0, 0x0, 0x0, 0x0, 0x0, 0x0, 0x0,
    0x0, 0x0, 0x0, 0x0, 0x0, 0x0, 0xb, 0xcc,
    0x60, 0x1, 0xff, 0xf3, 0x0, 0x3f, 0xff, 0x0,
    0x5, 0xff, 0xa0, 0x0, 0x8f, 0xf6, 0x0, 0xa,
    0xff, 0x20, 0x0, 0xcf, 0xd0, 0x0, 0xf, 0xf9,
    0x0, 0x1, 0xff, 0x40, 0x0,

    /* U+003C "<" */
    0x0, 0x0, 0x0, 0x0, 0x0, 0x0, 0x0, 0x0,
    0x0, 0x0, 0x0, 0x0, 0x0, 0x1, 0x8a, 0x0,
    0x0, 0x0, 0x0, 0x0, 0x18, 0xff, 0xb0, 0x0,
    0x0, 0x0, 0x1, 0x8f, 0xff, 0xfb, 0x0, 0x0,
    0x0, 0x18, 0xff, 0xff, 0xfd, 0x50, 0x0, 0x1,
    0x8f, 0xff, 0xff, 0xc5, 0x0, 0x0, 0x18, 0xff,
    0xff, 0xfb, 0x40, 0x0, 0x1, 0x8f, 0xff, 0xff,
    0xa3, 0x0, 0x0, 0x0, 0x8f, 0xff, 0xf9, 0x20,
    0x0, 0x0, 0x0, 0x8, 0xff, 0xfb, 0x30, 0x0,
    0x0, 0x0, 0x0, 0x4e, 0xff, 0xff, 0xb4, 0x0,
    0x0, 0x0, 0x0, 0x6, 0xef, 0xff, 0xfc, 0x50,
    0x0, 0x0, 0x0, 0x0, 0x6e, 0xff, 0xff, 0xd6,
    0x0, 0x0, 0x0, 0x0, 0x6, 0xdf, 0xff, 0xfe,
    0x71, 0x0, 0x0, 0x0, 0x0, 0x6d, 0xff, 0xff,
    0xb0, 0x0, 0x0, 0x0, 0x0, 0x5, 0xdf, 0xfb,
    0x0, 0x0, 0x0, 0x0, 0x0, 0x0, 0x5d, 0xb0,
    0x0, 0x0, 0x0, 0x0, 0x0, 0x0, 0x3,

    /* U+003D "=" */
    0xcf, 0xff, 0xff, 0xff, 0xff, 0xff, 0xfc, 0xdf,
    0xff, 0xff, 0xff, 0xff, 0xff, 0xfd, 0xdf, 0xff,
    0xff, 0xff, 0xff, 0xff, 0xfd, 0x0, 0x0, 0x0,
    0x0, 0x0, 0x0, 0x0, 0x0, 0x0, 0x0, 0x0,
    0x0, 0x0, 0x0, 0x0, 0x0, 0x0, 0x0, 0x0,
    0x0, 0x0, 0x0, 0x0, 0x0, 0x0, 0x0, 0x0,
    0x0, 0xce, 0xee, 0xee, 0xee, 0xee, 0xee, 0xec,
    0xdf, 0xff, 0xff, 0xff, 0xff, 0xff, 0xfd, 0xdf,
    0xff, 0xff, 0xff, 0xff, 0xff, 0xfd,

    /* U+003E ">" */
    0x0, 0x0, 0x0, 0x0, 0x0, 0x0, 0x0, 0xa,
    0x81, 0x0, 0x0, 0x0, 0x0, 0x0, 0x0, 0xbf,
    0xf8, 0x10, 0x0, 0x0, 0x0, 0x0, 0xb, 0xff,
    0xff, 0x81, 0x0, 0x0, 0x0, 0x0, 0x5d, 0xff,
    0xff, 0xf8, 0x10, 0x0, 0x0, 0x0, 0x5, 0xcf,
    0xff, 0xff, 0x81, 0x0, 0x0, 0x0, 0x0, 0x3b,
    0xff, 0xff, 0xf8, 0x10, 0x0, 0x0, 0x0, 0x2,
    0xaf, 0xff, 0xff, 0x81, 0x0, 0x0, 0x0, 0x0,
    0x18, 0xff, 0xff, 0x80, 0x0, 0x0, 0x0, 0x0,
    0x2b, 0xff, 0xf8, 0x0, 0x0, 0x0, 0x4, 0xbf,
    0xff, 0xfe, 0x40, 0x0, 0x0, 0x5c, 0xff, 0xff,
    0xe6, 0x0, 0x0, 0x6, 0xdf, 0xff, 0xfe, 0x60,
    0x0, 0x0, 0x7e, 0xff, 0xff, 0xd6, 0x0, 0x0,
    0x0, 0xaf, 0xff, 0xfd, 0x60, 0x0, 0x0, 0x0,
    0xb, 0xff, 0xd6, 0x0, 0x0, 0x0, 0x0, 0x0,
    0xbd, 0x50, 0x0, 0x0, 0x0, 0x0, 0x0, 0x3,
    0x0, 0x0, 0x0, 0x0, 0x0, 0x0, 0x0,

    /* U+003F "?" */
    0x0, 0x4, 0xad, 0xfe, 0xd8, 0x20, 0x0, 0x0,
    0xaf, 0xff, 0xff, 0xff, 0xf6, 0x0, 0xa, 0xff,
    0xff, 0xde, 0xff, 0xff, 0x50, 0x3f, 0xff, 0xa1,
    0x0, 0x4e, 0xff, 0xd0, 0x9f, 0xfd, 0x0, 0x0,
    0x4, 0xff, 0xf3, 0xae, 0xe8, 0x0, 0x0, 0x0,
    0xff, 0xf5, 0x0, 0x0, 0x0, 0x0, 0x1, 0xff,
    0xf4, 0x0, 0x0, 0x0, 0x0, 0x7, 0xff, 0xf1,
    0x0, 0x0, 0x0, 0x0, 0x6f, 0xff, 0x90, 0x0,
    0x0, 0x0, 0x1a, 0xff, 0xfc, 0x0, 0x0, 0x0,
    0x2, 0xef, 0xff, 0x90, 0x0, 0x0, 0x0, 0xb,
    0xff, 0xe4, 0x0, 0x0, 0x0, 0x0, 0x1f, 0xff,
    0x40, 0x0, 0x0, 0x0, 0x0, 0x4f, 0xfd, 0x0,
    0x0, 0x0, 0x0, 0x0, 0x5f, 0xfb, 0x0, 0x0,
    0x0, 0x0, 0x0, 0x2, 0x21, 0x0, 0x0, 0x0,
    0x0, 0x0, 0x0, 0x0, 0x0, 0x0, 0x0, 0x0,
    0x0, 0x3, 0x40, 0x0, 0x0, 0x0, 0x0, 0x0,
    0x7f, 0xfd, 0x0, 0x0, 0x0, 0x0, 0x0, 0xef,
    0xff, 0x50, 0x0, 0x0, 0x0, 0x0, 0xdf, 0xff,
    0x30, 0x0, 0x0, 0x0, 0x0, 0x3d, 0xf8, 0x0,
    0x0, 0x0,

    /* U+0040 "@" */
    0x0, 0x0, 0x0, 0x0, 0x15, 0x9c, 0xef, 0xfe,
    0xc9, 0x50, 0x0, 0x0, 0x0, 0x0, 0x0, 0x0,
    0x1, 0x9f, 0xff, 0xff, 0xff, 0xff, 0xff, 0xe7,
    0x0, 0x0, 0x0, 0x0, 0x0, 0x5, 0xff, 0xff,
    0xfd, 0xa9, 0x9a, 0xcf, 0xff, 0xfd, 0x20, 0x0,
    0x0, 0x0, 0x7, 0xff, 0xfe, 0x61, 0x0, 0x0,
    0x0, 0x6, 0xdf, 0xfe, 0x30, 0x0, 0x0, 0x6,
    0xff, 0xf9, 0x0, 0x0, 0x0, 0x0, 0x0, 0x0,
    0x9f, 0xfe, 0x10, 0x0, 0x2, 0xff, 0xf7, 0x0,
    0x0, 0x0, 0x0, 0x0, 0x0, 0x0, 0x8f, 0xfc,
    0x0, 0x0, 0xbf, 0xf9, 0x0, 0x0, 0x0, 0x0,
    0x0, 0x0, 0x0, 0x0, 0xbf, 0xf5, 0x0, 0x2f,
    0xfe, 0x10, 0x0, 0x3, 0xae, 0xfd, 0x80, 0x8a,
    0x70, 0x2, 0xff, 0xc0, 0x8, 0xff, 0x80, 0x0,
    0x7, 0xff, 0xff, 0xff, 0xdd, 0xfc, 0x0, 0xa,
    0xff, 0x20, 0xcf, 0xf2, 0x0, 0x6, 0xff, 0xfc,
    0xac, 0xff, 0xff, 0xc0, 0x0, 0x5f, 0xf6, 0xf,
    0xfe, 0x0, 0x0, 0xef, 0xf3, 0x0, 0x2, 0xdf,
    0xfc, 0x0, 0x1, 0xff, 0xa2, 0xff, 0xb0, 0x0,
    0x6f, 0xf7, 0x0, 0x0, 0x3, 0xff, 0xc0, 0x0,
    0xf, 0xfb, 0x4f, 0xf9, 0x0, 0xa, 0xff, 0x0,
    0x0, 0x0, 0xf, 0xfc, 0x0, 0x0, 0xef, 0xc5,
    0xff, 0x80, 0x0, 0xcf, 0xd0, 0x0, 0x0, 0x0,
    0xdf, 0xc0, 0x0, 0xe, 0xfc, 0x4f, 0xf8, 0x0,
    0xd, 0xfc, 0x0, 0x0, 0x0, 0xc, 0xfc, 0x0,
    0x0, 0xff, 0xb3, 0xff, 0x90, 0x0, 0xcf, 0xd0,
    0x0, 0x0, 0x0, 0xdf, 0xc0, 0x0, 0xf, 0xfa,
    0x2f, 0xfb, 0x0, 0xa, 0xff, 0x10, 0x0, 0x0,
    0xf, 0xfc, 0x0, 0x2, 0xff, 0x80, 0xff, 0xe0,
    0x0, 0x6f, 0xf7, 0x0, 0x0, 0x6, 0xff, 0xc0,
    0x0, 0x5f, 0xf5, 0xc, 0xff, 0x20, 0x1, 0xff,
    0xf4, 0x0, 0x3, 0xef, 0xfe, 0x0, 0xb, 0xff,
    0x0, 0x8f, 0xf8, 0x0, 0x7, 0xff, 0xfc, 0xac,
    0xff, 0xdf, 0xfc, 0x6a, 0xff, 0x90, 0x3, 0xff,
    0xe0, 0x0, 0xa, 0xff, 0xff, 0xff, 0xa2, 0xff,
    0xff, 0xff, 0xc0, 0x0, 0xb, 0xff, 0x90, 0x0,
    0x5, 0xbe, 0xfd, 0x70, 0x2, 0xad, 0xfd, 0x81,
    0x0, 0x0, 0x3f, 0xff, 0x70, 0x0, 0x0, 0x0,
    0x0, 0x0, 0x0, 0x0, 0x0, 0x0, 0x0, 0x0,
    0x7f, 0xff, 0x90, 0x0, 0x0, 0x0, 0x0, 0x0,
    0x0, 0x0, 0x0, 0x0, 0x0, 0x0, 0x9f, 0xff,
    0xe7, 0x20, 0x0, 0x0, 0x0, 0x15, 0x20, 0x0,
    0x0, 0x0, 0x0, 0x0, 0x6f, 0xff, 0xff, 0xeb,
    0xa9, 0xab, 0xef, 0xf9, 0x0, 0x0, 0x0, 0x0,
    0x0, 0x0, 0x19, 0xff, 0xff, 0xff, 0xff, 0xff,
    0xff, 0xd0, 0x0, 0x0, 0x0, 0x0, 0x0, 0x0,
    0x1, 0x59, 0xcd, 0xff, 0xed, 0xa7, 0x30, 0x0,
    0x0, 0x0,

    /* U+0041 "A" */
    0x0, 0x0, 0x0, 0x0, 0xaf, 0xff, 0xc0, 0x0,
    0x0, 0x0, 0x0, 0x0, 0x0, 0x0, 0xf, 0xff,
    0xff, 0x20, 0x0, 0x0, 0x0, 0x0, 0x0, 0x0,
    0x5, 0xff, 0xff, 0xf8, 0x0, 0x0, 0x0, 0x0,
    0x0, 0x0, 0x0, 0xbf, 0xf7, 0xff, 0xd0, 0x0,
    0x0, 0x0, 0x0, 0x0, 0x0, 0x1f, 0xff, 0xe,
    0xff, 0x30, 0x0, 0x0, 0x0, 0x0, 0x0, 0x6,
    0xff, 0xb0, 0x9f, 0xf9, 0x0, 0x0, 0x0, 0x0,
    0x0, 0x0, 0xcf, 0xf6, 0x5, 0xff, 0xe0, 0x0,
    0x0, 0x0, 0x0, 0x0, 0x2f, 0xff, 0x20, 0xf,
    0xff, 0x40, 0x0, 0x0, 0x0, 0x0, 0x7, 0xff,
    0xd0, 0x0, 0xbf, 0xfa, 0x0, 0x0, 0x0, 0x0,
    0x0, 0xdf, 0xf8, 0x0, 0x5, 0xff, 0xf0, 0x0,
    0x0, 0x0, 0x0, 0x3f, 0xff, 0x20, 0x0, 0xf,
    0xff, 0x60, 0x0, 0x0, 0x0, 0x8, 0xff, 0xd0,
    0x0, 0x0, 0xaf, 0xfb, 0x0, 0x0, 0x0, 0x0,
    0xef, 0xf7, 0x0, 0x0, 0x5, 0xff, 0xf1, 0x0,
    0x0, 0x0, 0x4f, 0xff, 0xed, 0xdd, 0xdd, 0xdf,
    0xff, 0x70, 0x0, 0x0, 0x9, 0xff, 0xff, 0xff,
    0xff, 0xff, 0xff, 0xfd, 0x0, 0x0, 0x0, 0xef,
    0xff, 0xff, 0xff, 0xff, 0xff, 0xff, 0xf2, 0x0,
    0x0, 0x4f, 0xff, 0x20, 0x0, 0x0, 0x0, 0xe,
    0xff, 0x80, 0x0, 0xa, 0xff, 0xd0, 0x0, 0x0,
    0x0, 0x0, 0x9f, 0xfe, 0x0, 0x0, 0xff, 0xf7,
    0x0, 0x0, 0x0, 0x0, 0x4, 0xff, 0xf4, 0x0,
    0x5f, 0xff, 0x20, 0x0, 0x0, 0x0, 0x0, 0xe,
    0xff, 0x90, 0xb, 0xff, 0xd0, 0x0, 0x0, 0x0,
    0x0, 0x0, 0x9f, 0xff, 0x1, 0xff, 0xf8, 0x0,
    0x0, 0x0, 0x0, 0x0, 0x4, 0xff, 0xf5,

    /* U+0042 "B" */
    0x9f, 0xff, 0xff, 0xff, 0xfe, 0xc7, 0x20, 0x0,
    0x9, 0xff, 0xff, 0xff, 0xff, 0xff, 0xff, 0x60,
    0x0, 0x9f, 0xff, 0xee, 0xee, 0xff, 0xff, 0xff,
    0x50, 0x9, 0xff, 0xc0, 0x0, 0x0, 0x17, 0xff,
    0xfd, 0x0, 0x9f, 0xfc, 0x0, 0x0, 0x0, 0x6,
    0xff, 0xf2, 0x9, 0xff, 0xc0, 0x0, 0x0, 0x0,
    0xf, 0xff, 0x40, 0x9f, 0xfc, 0x0, 0x0, 0x0,
    0x0, 0xff, 0xf4, 0x9, 0xff, 0xc0, 0x0, 0x0,
    0x0, 0x5f, 0xff, 0x0, 0x9f, 0xfc, 0x0, 0x0,
    0x0, 0x5e, 0xff, 0x70, 0x9, 0xff, 0xea, 0xaa,
    0xab, 0xdf, 0xfe, 0x60, 0x0, 0x9f, 0xff, 0xff,
    0xff, 0xff, 0xfe, 0x50, 0x0, 0x9, 0xff, 0xff,
    0xff, 0xff, 0xff, 0xff, 0xe3, 0x0, 0x9f, 0xfc,
    0x0, 0x0, 0x1, 0x5e, 0xff, 0xf2, 0x9, 0xff,
    0xc0, 0x0, 0x0, 0x0, 0x1e, 0xff, 0xa0, 0x9f,
    0xfc, 0x0, 0x0, 0x0, 0x0, 0x6f, 0xff, 0x9,
    0xff, 0xc0, 0x0, 0x0, 0x0, 0x2, 0xff, 0xf1,
    0x9f, 0xfc, 0x0, 0x0, 0x0, 0x0, 0x3f, 0xff,
    0x19, 0xff, 0xc0, 0x0, 0x0, 0x0, 0xa, 0xff,
    0xf0, 0x9f, 0xfc, 0x0, 0x0, 0x0, 0x3a, 0xff,
    0xf9, 0x9, 0xff, 0xff, 0xff, 0xff, 0xff, 0xff,
    0xfe, 0x10, 0x9f, 0xff, 0xff, 0xff, 0xff, 0xff,
    0xfd, 0x30, 0x9, 0xff, 0xff, 0xff, 0xff, 0xfd,
    0xa5, 0x0, 0x0,

    /* U+0043 "C" */
    0x0, 0x0, 0x0, 0x38, 0xce, 0xfe, 0xc8, 0x20,
    0x0, 0x0, 0x0, 0x0, 0x1a, 0xff, 0xff, 0xff,
    0xff, 0xfa, 0x10, 0x0, 0x0, 0x2, 0xef, 0xff,
    0xff, 0xff, 0xff, 0xff, 0xd1, 0x0, 0x0, 0x1e,
    0xff, 0xfe, 0x74, 0x23, 0x6d, 0xff, 0xfd, 0x0,
    0x0, 0xbf, 0xff, 0x90, 0x0, 0x0, 0x0, 0x8f,
    0xff, 0x80, 0x3, 0xff, 0xfa, 0x0, 0x0, 0x0,
    0x0, 0x9, 0xff, 0xf0, 0xa, 0xff, 0xe1, 0x0,
    0x0, 0x0, 0x0, 0x1, 0xff, 0xf4, 0xe, 0xff,
    0x90, 0x0, 0x0, 0x0, 0x0, 0x0, 0x44, 0x41,
    0x2f, 0xff, 0x40, 0x0, 0x0, 0x0, 0x0, 0x0,
    0x0, 0x0, 0x4f, 0xff, 0x10, 0x0, 0x0, 0x0,
    0x0, 0x0, 0x0, 0x0, 0x5f, 0xff, 0x0, 0x0,
    0x0, 0x0, 0x0, 0x0, 0x0, 0x0, 0x5f, 0xff,
    0x0, 0x0, 0x0, 0x0, 0x0, 0x0, 0x0, 0x0,
    0x4f, 0xff, 0x10, 0x0, 0x0, 0x0, 0x0, 0x0,
    0x0, 0x0, 0x2f, 0xff, 0x30, 0x0, 0x0, 0x0,
    0x0, 0x0, 0x0, 0x0, 0xe, 0xff, 0x80, 0x0,
    0x0, 0x0, 0x0, 0x0, 0x44, 0x42, 0xa, 0xff,
    0xe0, 0x0, 0x0, 0x0, 0x0, 0x1, 0xff, 0xf4,
    0x4, 0xff, 0xf9, 0x0, 0x0, 0x0, 0x0, 0x9,
    0xff, 0xf0, 0x0, 0xbf, 0xff, 0x90, 0x0, 0x0,
    0x0, 0x8f, 0xff, 0x70, 0x0, 0x1e, 0xff, 0xfd,
    0x74, 0x23, 0x6d, 0xff, 0xfd, 0x0, 0x0, 0x3,
    0xef, 0xff, 0xff, 0xff, 0xff, 0xff, 0xd1, 0x0,
    0x0, 0x0, 0x1b, 0xff, 0xff, 0xff, 0xff, 0xf9,
    0x10, 0x0, 0x0, 0x0, 0x0, 0x39, 0xcf, 0xfe,
    0xc8, 0x20, 0x0, 0x0,

    /* U+0044 "D" */
    0x9f, 0xff, 0xff, 0xff, 0xfd, 0xb6, 0x10, 0x0,
    0x0, 0x9, 0xff, 0xff, 0xff, 0xff, 0xff, 0xff,
    0x70, 0x0, 0x0, 0x9f, 0xff, 0xff, 0xff, 0xff,
    0xff, 0xff, 0xc0, 0x0, 0x9, 0xff, 0xc0, 0x0,
    0x1, 0x37, 0xef, 0xff, 0xb0, 0x0, 0x9f, 0xfc,
    0x0, 0x0, 0x0, 0x0, 0xbf, 0xff, 0x60, 0x9,
    0xff, 0xc0, 0x0, 0x0, 0x0, 0x0, 0xcf, 0xfe,
    0x0, 0x9f, 0xfc, 0x0, 0x0, 0x0, 0x0, 0x2,
    0xff, 0xf5, 0x9, 0xff, 0xc0, 0x0, 0x0, 0x0,
    0x0, 0xc, 0xff, 0x90, 0x9f, 0xfc, 0x0, 0x0,
    0x0, 0x0, 0x0, 0x8f, 0xfd, 0x9, 0xff, 0xc0,
    0x0, 0x0, 0x0, 0x0, 0x5, 0xff, 0xf0, 0x9f,
    0xfc, 0x0, 0x0, 0x0, 0x0, 0x0, 0x4f, 0xff,
    0x9, 0xff, 0xc0, 0x0, 0x0, 0x0, 0x0, 0x4,
    0xff, 0xf0, 0x9f, 0xfc, 0x0, 0x0, 0x0, 0x0,
    0x0, 0x5f, 0xfe, 0x9, 0xff, 0xc0, 0x0, 0x0,
    0x0, 0x0, 0x8, 0xff, 0xc0, 0x9f, 0xfc, 0x0,
    0x0, 0x0, 0x0, 0x0, 0xcf, 0xf9, 0x9, 0xff,
    0xc0, 0x0, 0x0, 0x0, 0x0, 0x3f, 0xff, 0x50,
    0x9f, 0xfc, 0x0, 0x0, 0x0, 0x0, 0xc, 0xff,
    0xe0, 0x9, 0xff, 0xc0, 0x0, 0x0, 0x0, 0x1b,
    0xff, 0xf6, 0x0, 0x9f, 0xfc, 0x0, 0x0, 0x13,
    0x8e, 0xff, 0xfb, 0x0, 0x9, 0xff, 0xff, 0xff,
    0xff, 0xff, 0xff, 0xfb, 0x0, 0x0, 0x9f, 0xff,
    0xff, 0xff, 0xff, 0xff, 0xe7, 0x0, 0x0, 0x9,
    0xff, 0xff, 0xff, 0xff, 0xda, 0x60, 0x0, 0x0,
    0x0,

    /* U+0045 "E" */
    0x9f, 0xff, 0xff, 0xff, 0xff, 0xff, 0xff, 0x29,
    0xff, 0xff, 0xff, 0xff, 0xff, 0xff, 0xf2, 0x9f,
    0xff, 0xff, 0xff, 0xff, 0xff, 0xff, 0x29, 0xff,
    0xc0, 0x0, 0x0, 0x0, 0x0, 0x0, 0x9f, 0xfc,
    0x0, 0x0, 0x0, 0x0, 0x0, 0x9, 0xff, 0xc0,
    0x0, 0x0, 0x0, 0x0, 0x0, 0x9f, 0xfc, 0x0,
    0x0, 0x0, 0x0, 0x0, 0x9, 0xff, 0xc0, 0x0,
    0x0, 0x0, 0x0, 0x0, 0x9f, 0xfc, 0x0, 0x0,
    0x0, 0x0, 0x0, 0x9, 0xff, 0xfe, 0xee, 0xee,
    0xee, 0xee, 0x60, 0x9f, 0xff, 0xff, 0xff, 0xff,
    0xff, 0xf6, 0x9, 0xff, 0xff, 0xff, 0xff, 0xff,
    0xff, 0x60, 0x9f, 0xfc, 0x0, 0x0, 0x0, 0x0,
    0x0, 0x9, 0xff, 0xc0, 0x0, 0x0, 0x0, 0x0,
    0x0, 0x9f, 0xfc, 0x0, 0x0, 0x0, 0x0, 0x0,
    0x9, 0xff, 0xc0, 0x0, 0x0, 0x0, 0x0, 0x0,
    0x9f, 0xfc, 0x0, 0x0, 0x0, 0x0, 0x0, 0x9,
    0xff, 0xc0, 0x0, 0x0, 0x0, 0x0, 0x0, 0x9f,
    0xfc, 0x0, 0x0, 0x0, 0x0, 0x0, 0x9, 0xff,
    0xff, 0xff, 0xff, 0xff, 0xff, 0xf3, 0x9f, 0xff,
    0xff, 0xff, 0xff, 0xff, 0xff, 0x49, 0xff, 0xff,
    0xff, 0xff, 0xff, 0xff, 0xf4,

    /* U+0046 "F" */
    0x9f, 0xff, 0xff, 0xff, 0xff, 0xff, 0xff, 0x9f,
    0xff, 0xff, 0xff, 0xff, 0xff, 0xff, 0x9f, 0xff,
    0xff, 0xff, 0xff, 0xff, 0xff, 0x9f, 0xfc, 0x0,
    0x0, 0x0, 0x0, 0x0, 0x9f, 0xfc, 0x0, 0x0,
    0x0, 0x0, 0x0, 0x9f, 0xfc, 0x0, 0x0, 0x0,
    0x0, 0x0, 0x9f, 0xfc, 0x0, 0x0, 0x0, 0x0,
    0x0, 0x9f, 0xfc, 0x0, 0x0, 0x0, 0x0, 0x0,
    0x9f, 0xfc, 0x0, 0x0, 0x0, 0x0, 0x0, 0x9f,
    0xfc, 0x0, 0x0, 0x0, 0x0, 0x0, 0x9f, 0xff,
    0xff, 0xff, 0xff, 0xff, 0xf0, 0x9f, 0xff, 0xff,
    0xff, 0xff, 0xff, 0xf0, 0x9f, 0xff, 0xff, 0xff,
    0xff, 0xff, 0xf0, 0x9f, 0xfc, 0x0, 0x0, 0x0,
    0x0, 0x0, 0x9f, 0xfc, 0x0, 0x0, 0x0, 0x0,
    0x0, 0x9f, 0xfc, 0x0, 0x0, 0x0, 0x0, 0x0,
    0x9f, 0xfc, 0x0, 0x0, 0x0, 0x0, 0x0, 0x9f,
    0xfc, 0x0, 0x0, 0x0, 0x0, 0x0, 0x9f, 0xfc,
    0x0, 0x0, 0x0, 0x0, 0x0, 0x9f, 0xfc, 0x0,
    0x0, 0x0, 0x0, 0x0, 0x9f, 0xfc, 0x0, 0x0,
    0x0, 0x0, 0x0, 0x9f, 0xfc, 0x0, 0x0, 0x0,
    0x0, 0x0,

    /* U+0047 "G" */
    0x0, 0x0, 0x0, 0x39, 0xcf, 0xfe, 0xc8, 0x20,
    0x0, 0x0, 0x0, 0x0, 0x1b, 0xff, 0xff, 0xff,
    0xff, 0xfa, 0x10, 0x0, 0x0, 0x3, 0xef, 0xff,
    0xff, 0xff, 0xff, 0xff, 0xe2, 0x0, 0x0, 0x1e,
    0xff, 0xfd, 0x74, 0x24, 0x6d, 0xff, 0xfe, 0x10,
    0x0, 0xbf, 0xff, 0x90, 0x0, 0x0, 0x0, 0x8f,
    0xff, 0xa0, 0x3, 0xff, 0xf9, 0x0, 0x0, 0x0,
    0x0, 0xa, 0xff, 0xf1, 0xa, 0xff, 0xe1, 0x0,
    0x0, 0x0, 0x0, 0x1, 0xdd, 0xd5, 0xe, 0xff,
    0x90, 0x0, 0x0, 0x0, 0x0, 0x0, 0x0, 0x0,
    0x2f, 0xff, 0x30, 0x0, 0x0, 0x0, 0x0, 0x0,
    0x0, 0x0, 0x4f, 0xff, 0x10, 0x0, 0x0, 0x0,
    0x0, 0x0, 0x0, 0x0, 0x5f, 0xff, 0x0, 0x0,
    0x0, 0xb, 0xdd, 0xdd, 0xdd, 0xd9, 0x5f, 0xff,
    0x0, 0x0, 0x0, 0xe, 0xff, 0xff, 0xff, 0xfb,
    0x4f, 0xff, 0x10, 0x0, 0x0, 0xe, 0xff, 0xff,
    0xff, 0xfb, 0x2f, 0xff, 0x30, 0x0, 0x0, 0x0,
    0x0, 0x0, 0x9f, 0xfa, 0xe, 0xff, 0x90, 0x0,
    0x0, 0x0, 0x0, 0x0, 0xcf, 0xf9, 0xa, 0xff,
    0xe1, 0x0, 0x0, 0x0, 0x0, 0x1, 0xff, 0xf5,
    0x4, 0xff, 0xfa, 0x0, 0x0, 0x0, 0x0, 0x9,
    0xff, 0xf1, 0x0, 0xbf, 0xff, 0x90, 0x0, 0x0,
    0x0, 0x7f, 0xff, 0x90, 0x0, 0x2e, 0xff, 0xfe,
    0x74, 0x23, 0x6c, 0xff, 0xfd, 0x0, 0x0, 0x3,
    0xef, 0xff, 0xff, 0xff, 0xff, 0xff, 0xe2, 0x0,
    0x0, 0x0, 0x1b, 0xff, 0xff, 0xff, 0xff, 0xfb,
    0x10, 0x0, 0x0, 0x0, 0x0, 0x39, 0xce, 0xff,
    0xd9, 0x30, 0x0, 0x0,

    /* U+0048 "H" */
    0x9f, 0xfc, 0x0, 0x0, 0x0, 0x0, 0x0, 0x7f,
    0xfe, 0x9f, 0xfc, 0x0, 0x0, 0x0, 0x0, 0x0,
    0x7f, 0xfe, 0x9f, 0xfc, 0x0, 0x0, 0x0, 0x0,
    0x0, 0x7f, 0xfe, 0x9f, 0xfc, 0x0, 0x0, 0x0,
    0x0, 0x0, 0x7f, 0xfe, 0x9f, 0xfc, 0x0, 0x0,
    0x0, 0x0, 0x0, 0x7f, 0xfe, 0x9f, 0xfc, 0x0,
    0x0, 0x0, 0x0, 0x0, 0x7f, 0xfe, 0x9f, 0xfc,
    0x0, 0x0, 0x0, 0x0, 0x0, 0x7f, 0xfe, 0x9f,
    0xfc, 0x0, 0x0, 0x0, 0x0, 0x0, 0x7f, 0xfe,
    0x9f, 0xfc, 0x0, 0x0, 0x0, 0x0, 0x0, 0x7f,
    0xfe, 0x9f, 0xff, 0xff, 0xff, 0xff, 0xff, 0xff,
    0xff, 0xfe, 0x9f, 0xff, 0xff, 0xff, 0xff, 0xff,
    0xff, 0xff, 0xfe, 0x9f, 0xff, 0xff, 0xff, 0xff,
    0xff, 0xff, 0xff, 0xfe, 0x9f, 0xfc, 0x0, 0x0,
    0x0, 0x0, 0x0, 0x7f, 0xfe, 0x9f, 0xfc, 0x0,
    0x0, 0x0, 0x0, 0x0, 0x7f, 0xfe, 0x9f, 0xfc,
    0x0, 0x0, 0x0, 0x0, 0x0, 0x7f, 0xfe, 0x9f,
    0xfc, 0x0, 0x0, 0x0, 0x0, 0x0, 0x7f, 0xfe,
    0x9f, 0xfc, 0x0, 0x0, 0x0, 0x0, 0x0, 0x7f,
    0xfe, 0x9f, 0xfc, 0x0, 0x0, 0x0, 0x0, 0x0,
    0x7f, 0xfe, 0x9f, 0xfc, 0x0, 0x0, 0x0, 0x0,
    0x0, 0x7f, 0xfe, 0x9f, 0xfc, 0x0, 0x0, 0x0,
    0x0, 0x0, 0x7f, 0xfe, 0x9f, 0xfc, 0x0, 0x0,
    0x0, 0x0, 0x0, 0x7f, 0xfe, 0x9f, 0xfc, 0x0,
    0x0, 0x0, 0x0, 0x0, 0x7f, 0xfe,

    /* U+0049 "I" */
    0x9f, 0xfc, 0x9f, 0xfc, 0x9f, 0xfc, 0x9f, 0xfc,
    0x9f, 0xfc, 0x9f, 0xfc, 0x9f, 0xfc, 0x9f, 0xfc,
    0x9f, 0xfc, 0x9f, 0xfc, 0x9f, 0xfc, 0x9f, 0xfc,
    0x9f, 0xfc, 0x9f, 0xfc, 0x9f, 0xfc, 0x9f, 0xfc,
    0x9f, 0xfc, 0x9f, 0xfc, 0x9f, 0xfc, 0x9f, 0xfc,
    0x9f, 0xfc, 0x9f, 0xfc,

    /* U+004A "J" */
    0x0, 0x0, 0x0, 0x0, 0x0, 0x7f, 0xfd, 0x0,
    0x0, 0x0, 0x0, 0x0, 0x7f, 0xfd, 0x0, 0x0,
    0x0, 0x0, 0x0, 0x7f, 0xfd, 0x0, 0x0, 0x0,
    0x0, 0x0, 0x7f, 0xfd, 0x0, 0x0, 0x0, 0x0,
    0x0, 0x7f, 0xfd, 0x0, 0x0, 0x0, 0x0, 0x0,
    0x7f, 0xfd, 0x0, 0x0, 0x0, 0x0, 0x0, 0x7f,
    0xfd, 0x0, 0x0, 0x0, 0x0, 0x0, 0x7f, 0xfd,
    0x0, 0x0, 0x0, 0x0, 0x0, 0x7f, 0xfd, 0x0,
    0x0, 0x0, 0x0, 0x0, 0x7f, 0xfd, 0x0, 0x0,
    0x0, 0x0, 0x0, 0x7f, 0xfd, 0x0, 0x0, 0x0,
    0x0, 0x0, 0x7f, 0xfd, 0x0, 0x0, 0x0, 0x0,
    0x0, 0x7f, 0xfd, 0x0, 0x0, 0x0, 0x0, 0x0,
    0x7f, 0xfd, 0x9e, 0xe9, 0x0, 0x0, 0x0, 0x7f,
    0xfd, 0xbf, 0xfa, 0x0, 0x0, 0x0, 0x8f, 0xfd,
    0x9f, 0xfd, 0x0, 0x0, 0x0, 0xaf, 0xfc, 0x6f,
    0xff, 0x30, 0x0, 0x1, 0xff, 0xf9, 0x1f, 0xff,
    0xe4, 0x0, 0x3c, 0xff, 0xf3, 0x7, 0xff, 0xff,
    0xff, 0xff, 0xff, 0xa0, 0x0, 0x8f, 0xff, 0xff,
    0xff, 0xfa, 0x0, 0x0, 0x3, 0x9d, 0xff, 0xea,
    0x40, 0x0,

    /* U+004B "K" */
    0x9f, 0xfc, 0x0, 0x0, 0x0, 0x0, 0x1d, 0xff,
    0xf4, 0x9f, 0xfc, 0x0, 0x0, 0x0, 0x0, 0xcf,
    0xff, 0x60, 0x9f, 0xfc, 0x0, 0x0, 0x0, 0xb,
    0xff, 0xf7, 0x0, 0x9f, 0xfc, 0x0, 0x0, 0x0,
    0xaf, 0xff, 0x90, 0x0, 0x9f, 0xfc, 0x0, 0x0,
    0x8, 0xff, 0xfa, 0x0, 0x0, 0x9f, 0xfc, 0x0,
    0x0, 0x7f, 0xff, 0xb0, 0x0, 0x0, 0x9f, 0xfc,
    0x0, 0x5, 0xff, 0xfd, 0x0, 0x0, 0x0, 0x9f,
    0xfb, 0x0, 0x3f, 0xff, 0xd1, 0x0, 0x0, 0x0,
    0x9f, 0xfb, 0x2, 0xef, 0xfe, 0x20, 0x0, 0x0,
    0x0, 0x9f, 0xfb, 0xc, 0xff, 0xf5, 0x0, 0x0,
    0x0, 0x0, 0x9f, 0xfb, 0x9f, 0xff, 0xfc, 0x0,
    0x0, 0x0, 0x0, 0x9f, 0xff, 0xff, 0xff, 0xff,
    0x80, 0x0, 0x0, 0x0, 0x9f, 0xff, 0xff, 0x3b,
    0xff, 0xf3, 0x0, 0x0, 0x0, 0x9f, 0xff, 0xf4,
    0x1, 0xef, 0xfd, 0x0, 0x0, 0x0, 0x9f, 0xff,
    0x40, 0x0, 0x5f, 0xff, 0x90, 0x0, 0x0, 0x9f,
    0xfc, 0x0, 0x0, 0xa, 0xff, 0xf4, 0x0, 0x0,
    0x9f, 0xfc, 0x0, 0x0, 0x0, 0xef, 0xfe, 0x10,
    0x0, 0x9f, 0xfc, 0x0, 0x0, 0x0, 0x4f, 0xff,
    0xa0, 0x0, 0x9f, 0xfc, 0x0, 0x0, 0x0, 0x8,
    0xff, 0xf6, 0x0, 0x9f, 0xfc, 0x0, 0x0, 0x0,
    0x0, 0xdf, 0xff, 0x20, 0x9f, 0xfc, 0x0, 0x0,
    0x0, 0x0, 0x3f, 0xff, 0xc0, 0x9f, 0xfc, 0x0,
    0x0, 0x0, 0x0, 0x7, 0xff, 0xf7,

    /* U+004C "L" */
    0x9f, 0xfc, 0x0, 0x0, 0x0, 0x0, 0x0, 0x9f,
    0xfc, 0x0, 0x0, 0x0, 0x0, 0x0, 0x9f, 0xfc,
    0x0, 0x0, 0x0, 0x0, 0x0, 0x9f, 0xfc, 0x0,
    0x0, 0x0, 0x0, 0x0, 0x9f, 0xfc, 0x0, 0x0,
    0x0, 0x0, 0x0, 0x9f, 0xfc, 0x0, 0x0, 0x0,
    0x0, 0x0, 0x9f, 0xfc, 0x0, 0x0, 0x0, 0x0,
    0x0, 0x9f, 0xfc, 0x0, 0x0, 0x0, 0x0, 0x0,
    0x9f, 0xfc, 0x0, 0x0, 0x0, 0x0, 0x0, 0x9f,
    0xfc, 0x0, 0x0, 0x0, 0x0, 0x0, 0x9f, 0xfc,
    0x0, 0x0, 0x0, 0x0, 0x0, 0x9f, 0xfc, 0x0,
    0x0, 0x0, 0x0, 0x0, 0x9f, 0xfc, 0x0, 0x0,
    0x0, 0x0, 0x0, 0x9f, 0xfc, 0x0, 0x0, 0x0,
    0x0, 0x0, 0x9f, 0xfc, 0x0, 0x0, 0x0, 0x0,
    0x0, 0x9f, 0xfc, 0x0, 0x0, 0x0, 0x0, 0x0,
    0x9f, 0xfc, 0x0, 0x0, 0x0, 0x0, 0x0, 0x9f,
    0xfc, 0x0, 0x0, 0x0, 0x0, 0x0, 0x9f, 0xfc,
    0x0, 0x0, 0x0, 0x0, 0x0, 0x9f, 0xff, 0xff,
    0xff, 0xff, 0xff, 0xf9, 0x9f, 0xff, 0xff, 0xff,
    0xff, 0xff, 0xfa, 0x9f, 0xff, 0xff, 0xff, 0xff,
    0xff, 0xfa,

    /* U+004D "M" */
    0x9f, 0xff, 0xf8, 0x0, 0x0, 0x0, 0x0, 0x0,
    0x2, 0xff, 0xff, 0xf9, 0xff, 0xff, 0xe0, 0x0,
    0x0, 0x0, 0x0, 0x0, 0x8f, 0xff, 0xff, 0x9f,
    0xff, 0xff, 0x40, 0x0, 0x0, 0x0, 0x0, 0xe,
    0xff, 0xff, 0xf9, 0xff, 0xff, 0xfa, 0x0, 0x0,
    0x0, 0x0, 0x4, 0xff, 0xef, 0xff, 0x9f, 0xfa,
    0xff, 0xf1, 0x0, 0x0, 0x0, 0x0, 0xaf, 0xfa,
    0xff, 0xf9, 0xff, 0x9c, 0xff, 0x60, 0x0, 0x0,
    0x0, 0xf, 0xff, 0x6f, 0xff, 0x9f, 0xf9, 0x7f,
    0xfc, 0x0, 0x0, 0x0, 0x6, 0xff, 0xc4, 0xff,
    0xf9, 0xff, 0xa2, 0xff, 0xf2, 0x0, 0x0, 0x0,
    0xcf, 0xf7, 0x5f, 0xff, 0x9f, 0xfa, 0xd, 0xff,
    0x80, 0x0, 0x0, 0x2f, 0xff, 0x25, 0xff, 0xf9,
    0xff, 0xa0, 0x8f, 0xfe, 0x0, 0x0, 0x7, 0xff,
    0xc0, 0x5f, 0xff, 0x9f, 0xfa, 0x2, 0xff, 0xf4,
    0x0, 0x0, 0xdf, 0xf7, 0x5, 0xff, 0xf9, 0xff,
    0xa0, 0xc, 0xff, 0xa0, 0x0, 0x3f, 0xff, 0x10,
    0x5f, 0xff, 0x9f, 0xfa, 0x0, 0x5f, 0xff, 0x10,
    0x9, 0xff, 0xb0, 0x5, 0xff, 0xf9, 0xff, 0xa0,
    0x0, 0xff, 0xf6, 0x0, 0xef, 0xf5, 0x0, 0x5f,
    0xff, 0x9f, 0xfa, 0x0, 0x9, 0xff, 0xb0, 0x4f,
    0xfe, 0x0, 0x5, 0xff, 0xf9, 0xff, 0xa0, 0x0,
    0x3f, 0xff, 0x8, 0xff, 0x90, 0x0, 0x5f, 0xff,
    0x9f, 0xfa, 0x0, 0x0, 0xdf, 0xf4, 0xdf, 0xf3,
    0x0, 0x5, 0xff, 0xf9, 0xff, 0xa0, 0x0, 0x7,
    0xff, 0x9f, 0xfd, 0x0, 0x0, 0x5f, 0xff, 0x9f,
    0xfa, 0x0, 0x0, 0x1f, 0xff, 0xff, 0x70, 0x0,
    0x5, 0xff, 0xf9, 0xff, 0xa0, 0x0, 0x0, 0xbf,
    0xff, 0xf1, 0x0, 0x0, 0x5f, 0xff, 0x9f, 0xfa,
    0x0, 0x0, 0x4, 0xff, 0xfb, 0x0, 0x0, 0x5,
    0xff, 0xf9, 0xff, 0xa0, 0x0, 0x0, 0xe, 0xff,
    0x50, 0x0, 0x0, 0x5f, 0xff,

    /* U+004E "N" */
    0x9f, 0xff, 0x90, 0x0, 0x0, 0x0, 0x0, 0x1f,
    0xff, 0x49, 0xff, 0xff, 0x30, 0x0, 0x0, 0x0,
    0x1, 0xff, 0xf4, 0x9f, 0xff, 0xfd, 0x0, 0x0,
    0x0, 0x0, 0x1f, 0xff, 0x49, 0xff, 0xff, 0xf7,
    0x0, 0x0, 0x0, 0x1, 0xff, 0xf4, 0x9f, 0xfc,
    0xff, 0xf2, 0x0, 0x0, 0x0, 0x1f, 0xff, 0x49,
    0xff, 0x9b, 0xff, 0xb0, 0x0, 0x0, 0x1, 0xff,
    0xf4, 0x9f, 0xfa, 0x2f, 0xff, 0x50, 0x0, 0x0,
    0x1f, 0xff, 0x49, 0xff, 0xb0, 0x9f, 0xfe, 0x10,
    0x0, 0x1, 0xff, 0xf4, 0x9f, 0xfb, 0x1, 0xff,
    0xf9, 0x0, 0x0, 0x1f, 0xff, 0x49, 0xff, 0xc0,
    0x7, 0xff, 0xf3, 0x0, 0x1, 0xff, 0xf4, 0x9f,
    0xfc, 0x0, 0xd, 0xff, 0xd0, 0x0, 0x1f, 0xff,
    0x49, 0xff, 0xc0, 0x0, 0x3f, 0xff, 0x70, 0x1,
    0xff, 0xf4, 0x9f, 0xfc, 0x0, 0x0, 0x9f, 0xff,
    0x20, 0x1f, 0xff, 0x49, 0xff, 0xc0, 0x0, 0x0,
    0xef, 0xfb, 0x1, 0xff, 0xf4, 0x9f, 0xfc, 0x0,
    0x0, 0x5, 0xff, 0xf5, 0x1f, 0xff, 0x49, 0xff,
    0xc0, 0x0, 0x0, 0xb, 0xff, 0xd0, 0xff, 0xf4,
    0x9f, 0xfc, 0x0, 0x0, 0x0, 0x1f, 0xff, 0x6f,
    0xff, 0x49, 0xff, 0xc0, 0x0, 0x0, 0x0, 0x6f,
    0xfd, 0xef, 0xf4, 0x9f, 0xfc, 0x0, 0x0, 0x0,
    0x0, 0xcf, 0xff, 0xff, 0x49, 0xff, 0xc0, 0x0,
    0x0, 0x0, 0x2, 0xff, 0xff, 0xf4, 0x9f, 0xfc,
    0x0, 0x0, 0x0, 0x0, 0x8, 0xff, 0xff, 0x49,
    0xff, 0xc0, 0x0, 0x0, 0x0, 0x0, 0xd, 0xff,
    0xf4,

    /* U+004F "O" */
    0x0, 0x0, 0x0, 0x28, 0xce, 0xfe, 0xc8, 0x30,
    0x0, 0x0, 0x0, 0x0, 0x1, 0xaf, 0xff, 0xff,
    0xff, 0xff, 0xa1, 0x0, 0x0, 0x0, 0x2, 0xef,
    0xff, 0xff, 0xff, 0xff, 0xff, 0xe2, 0x0, 0x0,
    0x1, 0xef, 0xff, 0xd7, 0x42, 0x47, 0xdf, 0xff,
    0xe1, 0x0, 0x0, 0xbf, 0xff, 0x90, 0x0, 0x0,
    0x0, 0x9f, 0xff, 0xb0, 0x0, 0x3f, 0xff, 0x90,
    0x0, 0x0, 0x0, 0x0, 0x9f, 0xff, 0x30, 0xa,
    0xff, 0xe1, 0x0, 0x0, 0x0, 0x0, 0x1, 0xef,
    0xfa, 0x0, 0xef, 0xf9, 0x0, 0x0, 0x0, 0x0,
    0x0, 0x9, 0xff, 0xe0, 0x2f, 0xff, 0x30, 0x0,
    0x0, 0x0, 0x0, 0x0, 0x4f, 0xff, 0x24, 0xff,
    0xf1, 0x0, 0x0, 0x0, 0x0, 0x0, 0x1, 0xff,
    0xf4, 0x5f, 0xff, 0x0, 0x0, 0x0, 0x0, 0x0,
    0x0, 0xf, 0xff, 0x55, 0xff, 0xf0, 0x0, 0x0,
    0x0, 0x0, 0x0, 0x0, 0xff, 0xf5, 0x4f, 0xff,
    0x10, 0x0, 0x0, 0x0, 0x0, 0x0, 0x1f, 0xff,
    0x42, 0xff, 0xf3, 0x0, 0x0, 0x0, 0x0, 0x0,
    0x3, 0xff, 0xf2, 0xe, 0xff, 0x80, 0x0, 0x0,
    0x0, 0x0, 0x0, 0x8f, 0xfe, 0x0, 0xaf, 0xfe,
    0x0, 0x0, 0x0, 0x0, 0x0, 0xe, 0xff, 0xa0,
    0x3, 0xff, 0xf9, 0x0, 0x0, 0x0, 0x0, 0x9,
    0xff, 0xf3, 0x0, 0xb, 0xff, 0xf9, 0x0, 0x0,
    0x0, 0x9, 0xff, 0xfb, 0x0, 0x0, 0x1e, 0xff,
    0xfd, 0x74, 0x23, 0x7d, 0xff, 0xfe, 0x10, 0x0,
    0x0, 0x2e, 0xff, 0xff, 0xff, 0xff, 0xff, 0xfe,
    0x30, 0x0, 0x0, 0x0, 0x1b, 0xff, 0xff, 0xff,
    0xff, 0xfb, 0x10, 0x0, 0x0, 0x0, 0x0, 0x3,
    0x8c, 0xff, 0xfc, 0x93, 0x0, 0x0, 0x0,

    /* U+0050 "P" */
    0x9f, 0xff, 0xff, 0xff, 0xfd, 0xb6, 0x10, 0x0,
    0x9f, 0xff, 0xff, 0xff, 0xff, 0xff, 0xe4, 0x0,
    0x9f, 0xff, 0xee, 0xee, 0xff, 0xff, 0xff, 0x40,
    0x9f, 0xfc, 0x0, 0x0, 0x1, 0x7f, 0xff, 0xe0,
    0x9f, 0xfc, 0x0, 0x0, 0x0, 0x5, 0xff, 0xf5,
    0x9f, 0xfc, 0x0, 0x0, 0x0, 0x0, 0xdf, 0xfa,
    0x9f, 0xfc, 0x0, 0x0, 0x0, 0x0, 0x9f, 0xfb,
    0x9f, 0xfc, 0x0, 0x0, 0x0, 0x0, 0x9f, 0xfb,
    0x9f, 0xfc, 0x0, 0x0, 0x0, 0x0, 0xdf, 0xfa,
    0x9f, 0xfc, 0x0, 0x0, 0x0, 0x5, 0xff, 0xf5,
    0x9f, 0xfc, 0x0, 0x0, 0x1, 0x7f, 0xff, 0xe0,
    0x9f, 0xff, 0xee, 0xee, 0xef, 0xff, 0xff, 0x40,
    0x9f, 0xff, 0xff, 0xff, 0xff, 0xff, 0xe4, 0x0,
    0x9f, 0xff, 0xff, 0xff, 0xfd, 0xb6, 0x10, 0x0,
    0x9f, 0xfc, 0x0, 0x0, 0x0, 0x0, 0x0, 0x0,
    0x9f, 0xfc, 0x0, 0x0, 0x0, 0x0, 0x0, 0x0,
    0x9f, 0xfc, 0x0, 0x0, 0x0, 0x0, 0x0, 0x0,
    0x9f, 0xfc, 0x0, 0x0, 0x0, 0x0, 0x0, 0x0,
    0x9f, 0xfc, 0x0, 0x0, 0x0, 0x0, 0x0, 0x0,
    0x9f, 0xfc, 0x0, 0x0, 0x0, 0x0, 0x0, 0x0,
    0x9f, 0xfc, 0x0, 0x0, 0x0, 0x0, 0x0, 0x0,
    0x9f, 0xfc, 0x0, 0x0, 0x0, 0x0, 0x0, 0x0,

    /* U+0051 "Q" */
    0x0, 0x0, 0x0, 0x28, 0xce, 0xfe, 0xc8, 0x30,
    0x0, 0x0, 0x0, 0x0, 0x1, 0xaf, 0xff, 0xff,
    0xff, 0xff, 0xa1, 0x0, 0x0, 0x0, 0x2, 0xef,
    0xff, 0xff, 0xff, 0xff, 0xff, 0xe2, 0x0, 0x0,
    0x1, 0xef, 0xff, 0xd7, 0x42, 0x47, 0xdf, 0xff,
    0xe1, 0x0, 0x0, 0xbf, 0xff, 0x90, 0x0, 0x0,
    0x0, 0x9f, 0xff, 0xb0, 0x0, 0x3f, 0xff, 0x90,
    0x0, 0x0, 0x0, 0x0, 0x9f, 0xff, 0x30, 0xa,
    0xff, 0xe1, 0x0, 0x0, 0x0, 0x0, 0x1, 0xef,
    0xfa, 0x0, 0xef, 0xf9, 0x0, 0x0, 0x0, 0x0,
    0x0, 0x9, 0xff, 0xe0, 0x2f, 0xff, 0x30, 0x0,
    0x0, 0x0, 0x0, 0x0, 0x4f, 0xff, 0x24, 0xff,
    0xf1, 0x0, 0x0, 0x0, 0x0, 0x0, 0x1, 0xff,
    0xf4, 0x5f, 0xff, 0x0, 0x0, 0x0, 0x0, 0x0,
    0x0, 0xf, 0xff, 0x55, 0xff, 0xf0, 0x0, 0x0,
    0x0, 0x0, 0x0, 0x0, 0xff, 0xf4, 0x4f, 0xff,
    0x10, 0x0, 0x0, 0x0, 0x0, 0x0, 0x1f, 0xff,
    0x32, 0xff, 0xf3, 0x0, 0x0, 0x0, 0x0, 0x0,
    0x4, 0xff, 0xf1, 0xe, 0xff, 0x80, 0x0, 0x1,
    0x44, 0x30, 0x0, 0x8f, 0xfd, 0x0, 0xaf, 0xfe,
    0x0, 0x0, 0x1e, 0xff, 0x40, 0xe, 0xff, 0x90,
    0x3, 0xff, 0xf9, 0x0, 0x0, 0x3f, 0xfe, 0x29,
    0xff, 0xf2, 0x0, 0xb, 0xff, 0xf9, 0x0, 0x0,
    0x6f, 0xfe, 0xff, 0xf9, 0x0, 0x0, 0x1e, 0xff,
    0xfd, 0x74, 0x23, 0xdf, 0xff, 0xfd, 0x10, 0x0,
    0x0, 0x2e, 0xff, 0xff, 0xff, 0xff, 0xff, 0xfe,
    0x10, 0x0, 0x0, 0x0, 0x1b, 0xff, 0xff, 0xff,
    0xff, 0xff, 0xf3, 0x0, 0x0, 0x0, 0x0, 0x3,
    0x8c, 0xff, 0xec, 0x87, 0xff, 0xe1, 0x0, 0x0,
    0x0, 0x0, 0x0, 0x0, 0x0, 0x0, 0x8, 0xff,
    0xc0, 0x0, 0x0, 0x0, 0x0, 0x0, 0x0, 0x0,
    0x0, 0x7, 0x88, 0x30,

    /* U+0052 "R" */
    0x9f, 0xff, 0xff, 0xff, 0xfd, 0xc6, 0x10, 0x0,
    0x9, 0xff, 0xff, 0xff, 0xff, 0xff, 0xfe, 0x50,
    0x0, 0x9f, 0xff, 0xee, 0xee, 0xff, 0xff, 0xff,
    0x40, 0x9, 0xff, 0xc0, 0x0, 0x0, 0x17, 0xff,
    0xfe, 0x0, 0x9f, 0xfc, 0x0, 0x0, 0x0, 0x4,
    0xff, 0xf5, 0x9, 0xff, 0xc0, 0x0, 0x0, 0x0,
    0xd, 0xff, 0xa0, 0x9f, 0xfc, 0x0, 0x0, 0x0,
    0x0, 0x9f, 0xfb, 0x9, 0xff, 0xc0, 0x0, 0x0,
    0x0, 0x9, 0xff, 0xb0, 0x9f, 0xfc, 0x0, 0x0,
    0x0, 0x0, 0xcf, 0xf9, 0x9, 0xff, 0xc0, 0x0,
    0x0, 0x0, 0x4f, 0xff, 0x60, 0x9f, 0xfc, 0x0,
    0x0, 0x2, 0x7f, 0xff, 0xe0, 0x9, 0xff, 0xff,
    0xff, 0xff, 0xff, 0xff, 0xf5, 0x0, 0x9f, 0xff,
    0xff, 0xff, 0xff, 0xff, 0xf5, 0x0, 0x9, 0xff,
    0xff, 0xff, 0xff, 0xff, 0xf1, 0x0, 0x0, 0x9f,
    0xfc, 0x0, 0x0, 0x4f, 0xff, 0x70, 0x0, 0x9,
    0xff, 0xc0, 0x0, 0x0, 0xbf, 0xfe, 0x10, 0x0,
    0x9f, 0xfc, 0x0, 0x0, 0x3, 0xff, 0xf9, 0x0,
    0x9, 0xff, 0xc0, 0x0, 0x0, 0xa, 0xff, 0xf2,
    0x0, 0x9f, 0xfc, 0x0, 0x0, 0x0, 0x1f, 0xff,
    0xa0, 0x9, 0xff, 0xc0, 0x0, 0x0, 0x0, 0x8f,
    0xff, 0x30, 0x9f, 0xfc, 0x0, 0x0, 0x0, 0x1,
    0xef, 0xfc, 0x9, 0xff, 0xc0, 0x0, 0x0, 0x0,
    0x7, 0xff, 0xf5,

    /* U+0053 "S" */
    0x0, 0x0, 0x6, 0xbd, 0xff, 0xda, 0x50, 0x0,
    0x0, 0x0, 0x5e, 0xff, 0xff, 0xff, 0xff, 0xc2,
    0x0, 0x0, 0x6f, 0xff, 0xff, 0xff, 0xff, 0xff,
    0xe2, 0x0, 0x3f, 0xff, 0xe7, 0x20, 0x13, 0x9f,
    0xff, 0xc0, 0x9, 0xff, 0xe2, 0x0, 0x0, 0x0,
    0x5f, 0xff, 0x40, 0xcf, 0xf9, 0x0, 0x0, 0x0,
    0x0, 0xdf, 0xf7, 0xc, 0xff, 0x90, 0x0, 0x0,
    0x0, 0x0, 0x0, 0x0, 0xaf, 0xfe, 0x10, 0x0,
    0x0, 0x0, 0x0, 0x0, 0x3, 0xff, 0xfe, 0x60,
    0x0, 0x0, 0x0, 0x0, 0x0, 0x7, 0xff, 0xff,
    0xfb, 0x73, 0x0, 0x0, 0x0, 0x0, 0x4, 0xdf,
    0xff, 0xff, 0xfe, 0x81, 0x0, 0x0, 0x0, 0x0,
    0x49, 0xef, 0xff, 0xff, 0xf7, 0x0, 0x0, 0x0,
    0x0, 0x0, 0x27, 0xcf, 0xff, 0xfa, 0x0, 0x0,
    0x0, 0x0, 0x0, 0x0, 0x2a, 0xff, 0xf4, 0x0,
    0x0, 0x0, 0x0, 0x0, 0x0, 0xb, 0xff, 0xa2,
    0x66, 0x50, 0x0, 0x0, 0x0, 0x0, 0x8f, 0xfc,
    0x5f, 0xff, 0x10, 0x0, 0x0, 0x0, 0xa, 0xff,
    0xb1, 0xff, 0xfa, 0x0, 0x0, 0x0, 0x4, 0xff,
    0xf8, 0xa, 0xff, 0xfd, 0x62, 0x1, 0x3a, 0xff,
    0xff, 0x10, 0x1d, 0xff, 0xff, 0xff, 0xff, 0xff,
    0xff, 0x60, 0x0, 0x1b, 0xff, 0xff, 0xff, 0xff,
    0xfe, 0x50, 0x0, 0x0, 0x3, 0x9c, 0xef, 0xfd,
    0xa6, 0x0, 0x0,

    /* U+0054 "T" */
    0xbf, 0xff, 0xff, 0xff, 0xff, 0xff, 0xff, 0xff,
    0xf4, 0xbf, 0xff, 0xff, 0xff, 0xff, 0xff, 0xff,
    0xff, 0xf4, 0xaf, 0xff, 0xff, 0xff, 0xff, 0xff,
    0xff, 0xff, 0xf3, 0x0, 0x0, 0x0, 0xe, 0xff,
    0x70, 0x0, 0x0, 0x0, 0x0, 0x0, 0x0, 0xe,
    0xff, 0x70, 0x0, 0x0, 0x0, 0x0, 0x0, 0x0,
    0xe, 0xff, 0x70, 0x0, 0x0, 0x0, 0x0, 0x0,
    0x0, 0xe, 0xff, 0x70, 0x0, 0x0, 0x0, 0x0,
    0x0, 0x0, 0xe, 0xff, 0x70, 0x0, 0x0, 0x0,
    0x0, 0x0, 0x0, 0xe, 0xff, 0x70, 0x0, 0x0,
    0x0, 0x0, 0x0, 0x0, 0xe, 0xff, 0x70, 0x0,
    0x0, 0x0, 0x0, 0x0, 0x0, 0xe, 0xff, 0x70,
    0x0, 0x0, 0x0, 0x0, 0x0, 0x0, 0xe, 0xff,
    0x70, 0x0, 0x0, 0x0, 0x0, 0x0, 0x0, 0xe,
    0xff, 0x70, 0x0, 0x0, 0x0, 0x0, 0x0, 0x0,
    0xe, 0xff, 0x70, 0x0, 0x0, 0x0, 0x0, 0x0,
    0x0, 0xe, 0xff, 0x70, 0x0, 0x0, 0x0, 0x0,
    0x0, 0x0, 0xe, 0xff, 0x70, 0x0, 0x0, 0x0,
    0x0, 0x0, 0x0, 0xe, 0xff, 0x70, 0x0, 0x0,
    0x0, 0x0, 0x0, 0x0, 0xe, 0xff, 0x70, 0x0,
    0x0, 0x0, 0x0, 0x0, 0x0, 0xe, 0xff, 0x70,
    0x0, 0x0, 0x0, 0x0, 0x0, 0x0, 0xe, 0xff,
    0x70, 0x0, 0x0, 0x0, 0x0, 0x0, 0x0, 0xe,
    0xff, 0x70, 0x0, 0x0, 0x0, 0x0, 0x0, 0x0,
    0xe, 0xff, 0x70, 0x0, 0x0, 0x0,

    /* U+0055 "U" */
    0x9f, 0xfc, 0x0, 0x0, 0x0, 0x0, 0x0, 0x9f,
    0xfc, 0x9f, 0xfc, 0x0, 0x0, 0x0, 0x0, 0x0,
    0x9f, 0xfc, 0x9f, 0xfc, 0x0, 0x0, 0x0, 0x0,
    0x0, 0x9f, 0xfc, 0x9f, 0xfc, 0x0, 0x0, 0x0,
    0x0, 0x0, 0x9f, 0xfc, 0x9f, 0xfc, 0x0, 0x0,
    0x0, 0x0, 0x0, 0x9f, 0xfc, 0x9f, 0xfc, 0x0,
    0x0, 0x0, 0x0, 0x0, 0x9f, 0xfc, 0x9f, 0xfc,
    0x0, 0x0, 0x0, 0x0, 0x0, 0x9f, 0xfc, 0x9f,
    0xfc, 0x0, 0x0, 0x0, 0x0, 0x0, 0x9f, 0xfc,
    0x9f, 0xfc, 0x0, 0x0, 0x0, 0x0, 0x0, 0x9f,
    0xfc, 0x9f, 0xfc, 0x0, 0x0, 0x0, 0x0, 0x0,
    0x9f, 0xfc, 0x9f, 0xfc, 0x0, 0x0, 0x0, 0x0,
    0x0, 0x9f, 0xfc, 0x9f, 0xfc, 0x0, 0x0, 0x0,
    0x0, 0x0, 0x9f, 0xfc, 0x9f, 0xfc, 0x0, 0x0,
    0x0, 0x0, 0x0, 0x9f, 0xfc, 0x9f, 0xfc, 0x0,
    0x0, 0x0, 0x0, 0x0, 0x9f, 0xfc, 0x8f, 0xfc,
    0x0, 0x0, 0x0, 0x0, 0x0, 0x9f, 0xfc, 0x7f,
    0xff, 0x0, 0x0, 0x0, 0x0, 0x0, 0xdf, 0xfa,
    0x4f, 0xff, 0x70, 0x0, 0x0, 0x0, 0x4, 0xff,
    0xf7, 0xd, 0xff, 0xf4, 0x0, 0x0, 0x0, 0x2e,
    0xff, 0xf1, 0x4, 0xff, 0xff, 0xa4, 0x22, 0x48,
    0xff, 0xff, 0x70, 0x0, 0x7f, 0xff, 0xff, 0xff,
    0xff, 0xff, 0xfa, 0x0, 0x0, 0x4, 0xef, 0xff,
    0xff, 0xff, 0xff, 0x60, 0x0, 0x0, 0x0, 0x5,
    0xad, 0xff, 0xdb, 0x61, 0x0, 0x0,

    /* U+0056 "V" */
    0x1f, 0xff, 0x80, 0x0, 0x0, 0x0, 0x0, 0x0,
    0x4f, 0xff, 0x50, 0xbf, 0xfd, 0x0, 0x0, 0x0,
    0x0, 0x0, 0x9, 0xff, 0xf0, 0x5, 0xff, 0xf3,
    0x0, 0x0, 0x0, 0x0, 0x0, 0xef, 0xfa, 0x0,
    0xf, 0xff, 0x80, 0x0, 0x0, 0x0, 0x0, 0x4f,
    0xff, 0x40, 0x0, 0xaf, 0xfe, 0x0, 0x0, 0x0,
    0x0, 0x9, 0xff, 0xe0, 0x0, 0x4, 0xff, 0xf4,
    0x0, 0x0, 0x0, 0x0, 0xef, 0xf9, 0x0, 0x0,
    0xe, 0xff, 0x90, 0x0, 0x0, 0x0, 0x4f, 0xff,
    0x30, 0x0, 0x0, 0x9f, 0xfe, 0x0, 0x0, 0x0,
    0x9, 0xff, 0xd0, 0x0, 0x0, 0x3, 0xff, 0xf4,
    0x0, 0x0, 0x0, 0xef, 0xf8, 0x0, 0x0, 0x0,
    0xd, 0xff, 0xa0, 0x0, 0x0, 0x4f, 0xff, 0x20,
    0x0, 0x0, 0x0, 0x7f, 0xff, 0x0, 0x0, 0xa,
    0xff, 0xc0, 0x0, 0x0, 0x0, 0x2, 0xff, 0xf5,
    0x0, 0x0, 0xff, 0xf7, 0x0, 0x0, 0x0, 0x0,
    0xc, 0xff, 0xa0, 0x0, 0x4f, 0xff, 0x10, 0x0,
    0x0, 0x0, 0x0, 0x6f, 0xff, 0x0, 0x9, 0xff,
    0xb0, 0x0, 0x0, 0x0, 0x0, 0x1, 0xff, 0xf4,
    0x0, 0xef, 0xf6, 0x0, 0x0, 0x0, 0x0, 0x0,
    0xb, 0xff, 0x90, 0x3f, 0xff, 0x0, 0x0, 0x0,
    0x0, 0x0, 0x0, 0x5f, 0xfe, 0x8, 0xff, 0xa0,
    0x0, 0x0, 0x0, 0x0, 0x0, 0x0, 0xff, 0xf3,
    0xcf, 0xf5, 0x0, 0x0, 0x0, 0x0, 0x0, 0x0,
    0x9, 0xff, 0x8f, 0xff, 0x0, 0x0, 0x0, 0x0,
    0x0, 0x0, 0x0, 0x4f, 0xff, 0xff, 0x90, 0x0,
    0x0, 0x0, 0x0, 0x0, 0x0, 0x0, 0xef, 0xff,
    0xf4, 0x0, 0x0, 0x0, 0x0, 0x0, 0x0, 0x0,
    0x8, 0xff, 0xfe, 0x0, 0x0, 0x0, 0x0,

    /* U+0057 "W" */
    0x1f, 0xff, 0x60, 0x0, 0x0, 0x0, 0xe, 0xff,
    0xf0, 0x0, 0x0, 0x0, 0x5, 0xff, 0xf3, 0xd,
    0xff, 0xa0, 0x0, 0x0, 0x0, 0x2f, 0xff, 0xf4,
    0x0, 0x0, 0x0, 0x9, 0xff, 0xe0, 0x9, 0xff,
    0xe0, 0x0, 0x0, 0x0, 0x6f, 0xff, 0xf8, 0x0,
    0x0, 0x0, 0xd, 0xff, 0xa0, 0x4, 0xff, 0xf2,
    0x0, 0x0, 0x0, 0xaf, 0xff, 0xfc, 0x0, 0x0,
    0x0, 0x1f, 0xff, 0x60, 0x0, 0xff, 0xf6, 0x0,
    0x0, 0x0, 0xef, 0xed, 0xff, 0x0, 0x0, 0x0,
    0x5f, 0xff, 0x10, 0x0, 0xcf, 0xfa, 0x0, 0x0,
    0x3, 0xff, 0xba, 0xff, 0x40, 0x0, 0x0, 0x9f,
    0xfd, 0x0, 0x0, 0x8f, 0xfe, 0x0, 0x0, 0x7,
    0xff, 0x88, 0xff, 0x80, 0x0, 0x0, 0xdf, 0xf9,
    0x0, 0x0, 0x3f, 0xff, 0x20, 0x0, 0xb, 0xff,
    0x54, 0xff, 0xc0, 0x0, 0x1, 0xff, 0xf5, 0x0,
    0x0, 0xf, 0xff, 0x60, 0x0, 0xf, 0xff, 0x10,
    0xff, 0xf0, 0x0, 0x5, 0xff, 0xf0, 0x0, 0x0,
    0xb, 0xff, 0xa0, 0x0, 0x3f, 0xfd, 0x0, 0xcf,
    0xf4, 0x0, 0x9, 0xff, 0xc0, 0x0, 0x0, 0x6,
    0xff, 0xe0, 0x0, 0x7f, 0xf9, 0x0, 0x8f, 0xf8,
    0x0, 0xd, 0xff, 0x80, 0x0, 0x0, 0x2, 0xff,
    0xf2, 0x0, 0xbf, 0xf4, 0x0, 0x4f, 0xfc, 0x0,
    0x1f, 0xff, 0x30, 0x0, 0x0, 0x0, 0xef, 0xf5,
    0x0, 0xff, 0xf0, 0x0, 0xf, 0xff, 0x0, 0x5f,
    0xff, 0x0, 0x0, 0x0, 0x0, 0x9f, 0xf9, 0x3,
    0xff, 0xc0, 0x0, 0xb, 0xff, 0x40, 0x8f, 0xfb,
    0x0, 0x0, 0x0, 0x0, 0x5f, 0xfd, 0x7, 0xff,
    0x80, 0x0, 0x7, 0xff, 0x80, 0xcf, 0xf6, 0x0,
    0x0, 0x0, 0x0, 0x1f, 0xff, 0xa, 0xff, 0x40,
    0x0, 0x3, 0xff, 0xb0, 0xff, 0xf2, 0x0, 0x0,
    0x0, 0x0, 0xc, 0xff, 0x3e, 0xff, 0x0, 0x0,
    0x0, 0xef, 0xf2, 0xff, 0xe0, 0x0, 0x0, 0x0,
    0x0, 0x8, 0xff, 0x7f, 0xfb, 0x0, 0x0, 0x0,
    0xaf, 0xf8, 0xff, 0x90, 0x0, 0x0, 0x0, 0x0,
    0x4, 0xff, 0xef, 0xf7, 0x0, 0x0, 0x0, 0x6f,
    0xfe, 0xff, 0x50, 0x0, 0x0, 0x0, 0x0, 0x0,
    0xff, 0xff, 0xf3, 0x0, 0x0, 0x0, 0x1f, 0xff,
    0xff, 0x10, 0x0, 0x0, 0x0, 0x0, 0x0, 0xbf,
    0xff, 0xe0, 0x0, 0x0, 0x0, 0xd, 0xff, 0xfc,
    0x0, 0x0, 0x0, 0x0, 0x0, 0x0, 0x7f, 0xff,
    0xa0, 0x0, 0x0, 0x0, 0x9, 0xff, 0xf8, 0x0,
    0x0, 0x0,

    /* U+0058 "X" */
    0x4, 0xff, 0xf9, 0x0, 0x0, 0x0, 0x0, 0x6,
    0xff, 0xf6, 0x0, 0xa, 0xff, 0xf4, 0x0, 0x0,
    0x0, 0x2, 0xff, 0xfb, 0x0, 0x0, 0xe, 0xff,
    0xd0, 0x0, 0x0, 0x0, 0xcf, 0xfe, 0x10, 0x0,
    0x0, 0x4f, 0xff, 0x90, 0x0, 0x0, 0x7f, 0xff,
    0x50, 0x0, 0x0, 0x0, 0x9f, 0xff, 0x30, 0x0,
    0x2f, 0xff, 0xa0, 0x0, 0x0, 0x0, 0x0, 0xdf,
    0xfd, 0x0, 0xc, 0xff, 0xe1, 0x0, 0x0, 0x0,
    0x0, 0x4, 0xff, 0xf7, 0x5, 0xff, 0xf4, 0x0,
    0x0, 0x0, 0x0, 0x0, 0x9, 0xff, 0xe1, 0xef,
    0xf9, 0x0, 0x0, 0x0, 0x0, 0x0, 0x0, 0xd,
    0xff, 0xdf, 0xfe, 0x0, 0x0, 0x0, 0x0, 0x0,
    0x0, 0x0, 0x3f, 0xff, 0xff, 0x40, 0x0, 0x0,
    0x0, 0x0, 0x0, 0x0, 0x0, 0x9f, 0xff, 0xa0,
    0x0, 0x0, 0x0, 0x0, 0x0, 0x0, 0x0, 0xd,
    0xff, 0xff, 0x20, 0x0, 0x0, 0x0, 0x0, 0x0,
    0x0, 0x9, 0xff, 0xff, 0xfc, 0x0, 0x0, 0x0,
    0x0, 0x0, 0x0, 0x4, 0xff, 0xf7, 0xff, 0xf7,
    0x0, 0x0, 0x0, 0x0, 0x0, 0x1, 0xef, 0xfa,
    0xa, 0xff, 0xf2, 0x0, 0x0, 0x0, 0x0, 0x0,
    0xaf, 0xff, 0x10, 0x1f, 0xff, 0xc0, 0x0, 0x0,
    0x0, 0x0, 0x6f, 0xff, 0x60, 0x0, 0x6f, 0xff,
    0x70, 0x0, 0x0, 0x0, 0x1f, 0xff, 0xb0, 0x0,
    0x0, 0xbf, 0xff, 0x20, 0x0, 0x0, 0xc, 0xff,
    0xe1, 0x0, 0x0, 0x1, 0xff, 0xfd, 0x0, 0x0,
    0x7, 0xff, 0xf5, 0x0, 0x0, 0x0, 0x6, 0xff,
    0xf8, 0x0, 0x2, 0xff, 0xfa, 0x0, 0x0, 0x0,
    0x0, 0xb, 0xff, 0xf3, 0x0, 0xdf, 0xfe, 0x10,
    0x0, 0x0, 0x0, 0x0, 0x1e, 0xff, 0xd0,

    /* U+0059 "Y" */
    0xe, 0xff, 0xe0, 0x0, 0x0, 0x0, 0x0, 0x1,
    0xff, 0xfd, 0x0, 0x5f, 0xff, 0x80, 0x0, 0x0,
    0x0, 0x0, 0x9f, 0xff, 0x30, 0x0, 0xbf, 0xff,
    0x20, 0x0, 0x0, 0x0, 0x3f, 0xff, 0xa0, 0x0,
    0x2, 0xff, 0xfb, 0x0, 0x0, 0x0, 0xc, 0xff,
    0xe1, 0x0, 0x0, 0x8, 0xff, 0xf4, 0x0, 0x0,
    0x5, 0xff, 0xf6, 0x0, 0x0, 0x0, 0xd, 0xff,
    0xd0, 0x0, 0x0, 0xef, 0xfc, 0x0, 0x0, 0x0,
    0x0, 0x4f, 0xff, 0x70, 0x0, 0x8f, 0xff, 0x30,
    0x0, 0x0, 0x0, 0x0, 0xbf, 0xff, 0x10, 0x1f,
    0xff, 0x90, 0x0, 0x0, 0x0, 0x0, 0x2, 0xff,
    0xf9, 0x9, 0xff, 0xe1, 0x0, 0x0, 0x0, 0x0,
    0x0, 0x7, 0xff, 0xf3, 0xff, 0xf6, 0x0, 0x0,
    0x0, 0x0, 0x0, 0x0, 0xd, 0xff, 0xef, 0xfc,
    0x0, 0x0, 0x0, 0x0, 0x0, 0x0, 0x0, 0x4f,
    0xff, 0xff, 0x30, 0x0, 0x0, 0x0, 0x0, 0x0,
    0x0, 0x0, 0xaf, 0xff, 0x90, 0x0, 0x0, 0x0,
    0x0, 0x0, 0x0, 0x0, 0x3, 0xff, 0xf2, 0x0,
    0x0, 0x0, 0x0, 0x0, 0x0, 0x0, 0x0, 0x3f,
    0xff, 0x20, 0x0, 0x0, 0x0, 0x0, 0x0, 0x0,
    0x0, 0x3, 0xff, 0xf2, 0x0, 0x0, 0x0, 0x0,
    0x0, 0x0, 0x0, 0x0, 0x3f, 0xff, 0x20, 0x0,
    0x0, 0x0, 0x0, 0x0, 0x0, 0x0, 0x3, 0xff,
    0xf2, 0x0, 0x0, 0x0, 0x0, 0x0, 0x0, 0x0,
    0x0, 0x3f, 0xff, 0x20, 0x0, 0x0, 0x0, 0x0,
    0x0, 0x0, 0x0, 0x3, 0xff, 0xf2, 0x0, 0x0,
    0x0, 0x0, 0x0, 0x0, 0x0, 0x0, 0x3f, 0xff,
    0x20, 0x0, 0x0, 0x0, 0x0, 0x0, 0x0, 0x0,
    0x3, 0xff, 0xf2, 0x0, 0x0, 0x0, 0x0,

    /* U+005A "Z" */
    0x4f, 0xff, 0xff, 0xff, 0xff, 0xff, 0xff, 0xff,
    0x64, 0xff, 0xff, 0xff, 0xff, 0xff, 0xff, 0xff,
    0xf6, 0x3e, 0xee, 0xee, 0xee, 0xee, 0xee, 0xff,
    0xff, 0x30, 0x0, 0x0, 0x0, 0x0, 0x0, 0x1d,
    0xff, 0x80, 0x0, 0x0, 0x0, 0x0, 0x0, 0xb,
    0xff, 0xd0, 0x0, 0x0, 0x0, 0x0, 0x0, 0x6,
    0xff, 0xf3, 0x0, 0x0, 0x0, 0x0, 0x0, 0x2,
    0xff, 0xf8, 0x0, 0x0, 0x0, 0x0, 0x0, 0x0,
    0xcf, 0xfc, 0x0, 0x0, 0x0, 0x0, 0x0, 0x0,
    0x8f, 0xff, 0x20, 0x0, 0x0, 0x0, 0x0, 0x0,
    0x3f, 0xff, 0x70, 0x0, 0x0, 0x0, 0x0, 0x0,
    0xd, 0xff, 0xc0, 0x0, 0x0, 0x0, 0x0, 0x0,
    0x8, 0xff, 0xf2, 0x0, 0x0, 0x0, 0x0, 0x0,
    0x3, 0xff, 0xf6, 0x0, 0x0, 0x0, 0x0, 0x0,
    0x0, 0xdf, 0xfb, 0x0, 0x0, 0x0, 0x0, 0x0,
    0x0, 0x9f, 0xff, 0x10, 0x0, 0x0, 0x0, 0x0,
    0x0, 0x4f, 0xff, 0x50, 0x0, 0x0, 0x0, 0x0,
    0x0, 0x1e, 0xff, 0xa0, 0x0, 0x0, 0x0, 0x0,
    0x0, 0xa, 0xff, 0xd0, 0x0, 0x0, 0x0, 0x0,
    0x0, 0x5, 0xff, 0xf3, 0x0, 0x0, 0x0, 0x0,
    0x0, 0x1, 0xef, 0xff, 0xee, 0xee, 0xee, 0xee,
    0xee, 0xe6, 0x2f, 0xff, 0xff, 0xff, 0xff, 0xff,
    0xff, 0xff, 0x72, 0xff, 0xff, 0xff, 0xff, 0xff,
    0xff, 0xff, 0xf7,

    /* U+005B "[" */
    0xef, 0xff, 0xff, 0x5e, 0xff, 0xff, 0xf5, 0xef,
    0xfb, 0xaa, 0x3e, 0xff, 0x30, 0x0, 0xef, 0xf3,
    0x0, 0xe, 0xff, 0x30, 0x0, 0xef, 0xf3, 0x0,
    0xe, 0xff, 0x30, 0x0, 0xef, 0xf3, 0x0, 0xe,
    0xff, 0x30, 0x0, 0xef, 0xf3, 0x0, 0xe, 0xff,
    0x30, 0x0, 0xef, 0xf3, 0x0, 0xe, 0xff, 0x30,
    0x0, 0xef, 0xf3, 0x0, 0xe, 0xff, 0x30, 0x0,
    0xef, 0xf3, 0x0, 0xe, 0xff, 0x30, 0x0, 0xef,
    0xf3, 0x0, 0xe, 0xff, 0x30, 0x0, 0xef, 0xf3,
    0x0, 0xe, 0xff, 0x30, 0x0, 0xef, 0xf3, 0x0,
    0xe, 0xff, 0x30, 0x0, 0xef, 0xf3, 0x0, 0xe,
    0xff, 0xba, 0xa3, 0xef, 0xff, 0xff, 0x5e, 0xff,
    0xff, 0xf5,

    /* U+005C "\\" */
    0x4f, 0xf9, 0x0, 0x0, 0x0, 0x0, 0xff, 0xd0,
    0x0, 0x0, 0x0, 0xc, 0xff, 0x10, 0x0, 0x0,
    0x0, 0x7f, 0xf6, 0x0, 0x0, 0x0, 0x3, 0xff,
    0xa0, 0x0, 0x0, 0x0, 0xf, 0xfe, 0x0, 0x0,
    0x0, 0x0, 0xbf, 0xf2, 0x0, 0x0, 0x0, 0x7,
    0xff, 0x60, 0x0, 0x0, 0x0, 0x3f, 0xfa, 0x0,
    0x0, 0x0, 0x0, 0xef, 0xe0, 0x0, 0x0, 0x0,
    0xa, 0xff, 0x30, 0x0, 0x0, 0x0, 0x6f, 0xf7,
    0x0, 0x0, 0x0, 0x2, 0xff, 0xb0, 0x0, 0x0,
    0x0, 0xe, 0xff, 0x0, 0x0, 0x0, 0x0, 0xaf,
    0xf3, 0x0, 0x0, 0x0, 0x5, 0xff, 0x80, 0x0,
    0x0, 0x0, 0x1f, 0xfc, 0x0, 0x0, 0x0, 0x0,
    0xdf, 0xf0, 0x0, 0x0, 0x0, 0x9, 0xff, 0x40,
    0x0, 0x0, 0x0, 0x5f, 0xf8, 0x0, 0x0, 0x0,
    0x1, 0xff, 0xc0, 0x0, 0x0, 0x0, 0xc, 0xff,
    0x10, 0x0, 0x0, 0x0, 0x8f, 0xf5, 0x0, 0x0,
    0x0, 0x4, 0xff, 0x90, 0x0, 0x0, 0x0, 0xf,
    0xfd, 0x0, 0x0, 0x0, 0x0, 0xcf, 0xf1, 0x0,
    0x0, 0x0, 0x8, 0xff, 0x50,

    /* U+005D "]" */
    0x4f, 0xff, 0xff, 0xf4, 0xff, 0xff, 0xff, 0x3a,
    0xab, 0xff, 0xf0, 0x0, 0x2f, 0xff, 0x0, 0x2,
    0xff, 0xf0, 0x0, 0x2f, 0xff, 0x0, 0x2, 0xff,
    0xf0, 0x0, 0x2f, 0xff, 0x0, 0x2, 0xff, 0xf0,
    0x0, 0x2f, 0xff, 0x0, 0x2, 0xff, 0xf0, 0x0,
    0x2f, 0xff, 0x0, 0x2, 0xff, 0xf0, 0x0, 0x2f,
    0xff, 0x0, 0x2, 0xff, 0xf0, 0x0, 0x2f, 0xff,
    0x0, 0x2, 0xff, 0xf0, 0x0, 0x2f, 0xff, 0x0,
    0x2, 0xff, 0xf0, 0x0, 0x2f, 0xff, 0x0, 0x2,
    0xff, 0xf0, 0x0, 0x2f, 0xff, 0x0, 0x2, 0xff,
    0xf0, 0x0, 0x2f, 0xff, 0x0, 0x2, 0xff, 0xf3,
    0xaa, 0xbf, 0xff, 0x4f, 0xff, 0xff, 0xf4, 0xff,
    0xff, 0xff,

    /* U+005E "^" */
    0x0, 0x0, 0x48, 0x86, 0x0, 0x0, 0x0, 0x0,
    0xd, 0xff, 0xf2, 0x0, 0x0, 0x0, 0x5, 0xff,
    0xff, 0xa0, 0x0, 0x0, 0x0, 0xdf, 0xd9, 0xff,
    0x20, 0x0, 0x0, 0x4f, 0xf7, 0x2f, 0xf9, 0x0,
    0x0, 0xc, 0xff, 0x0, 0xbf, 0xf1, 0x0, 0x3,
    0xff, 0x80, 0x4, 0xff, 0x80, 0x0, 0xbf, 0xf2,
    0x0, 0xd, 0xfe, 0x0, 0x2f, 0xfa, 0x0, 0x0,
    0x5f, 0xf7, 0xa, 0xff, 0x30, 0x0, 0x0, 0xef,
    0xe0,

    /* U+005F "_" */
    0xdd, 0xdd, 0xdd, 0xdd, 0xdd, 0xdd, 0xdb, 0xff,
    0xff, 0xff, 0xff, 0xff, 0xff, 0xfe, 0xff, 0xff,
    0xff, 0xff, 0xff, 0xff, 0xfe,

    /* U+0060 "`" */
    0x48, 0x85, 0x0, 0x2f, 0xff, 0x10, 0x7, 0xff,
    0x70, 0x0, 0xcf, 0xe0, 0x0, 0x3f, 0xf6,

    /* U+0061 "a" */
    0x0, 0x1, 0x8c, 0xef, 0xec, 0x70, 0x0, 0x0,
    0x6f, 0xff, 0xff, 0xff, 0xfe, 0x30, 0x6, 0xff,
    0xff, 0xdb, 0xdf, 0xff, 0xe1, 0xe, 0xff, 0xc2,
    0x0, 0x4, 0xff, 0xf7, 0x5, 0x9c, 0x0, 0x0,
    0x0, 0x8f, 0xfb, 0x0, 0x0, 0x0, 0x0, 0x0,
    0x6f, 0xfd, 0x0, 0x0, 0x0, 0x0, 0x14, 0xcf,
    0xfe, 0x0, 0x4, 0x8b, 0xdf, 0xff, 0xff, 0xfe,
    0x3, 0xdf, 0xff, 0xff, 0xff, 0xdf, 0xfe, 0x1e,
    0xff, 0xfb, 0x85, 0x30, 0x5f, 0xfe, 0x8f, 0xfe,
    0x20, 0x0, 0x0, 0x5f, 0xfe, 0xbf, 0xf7, 0x0,
    0x0, 0x0, 0x7f, 0xfe, 0xbf, 0xf7, 0x0, 0x0,
    0x0, 0xdf, 0xfe, 0x8f, 0xfe, 0x20, 0x0, 0x1b,
    0xff, 0xfe, 0x2f, 0xff, 0xfc, 0xac, 0xff, 0xbf,
    0xfe, 0x5, 0xff, 0xff, 0xff, 0xfa, 0x4f, 0xfe,
    0x0, 0x29, 0xdf, 0xec, 0x50, 0x4f, 0xfe,

    /* U+0062 "b" */
    0xdf, 0xf6, 0x0, 0x0, 0x0, 0x0, 0x0, 0x0,
    0xdf, 0xf6, 0x0, 0x0, 0x0, 0x0, 0x0, 0x0,
    0xdf, 0xf6, 0x0, 0x0, 0x0, 0x0, 0x0, 0x0,
    0xdf, 0xf6, 0x0, 0x0, 0x0, 0x0, 0x0, 0x0,
    0xdf, 0xf6, 0x0, 0x0, 0x0, 0x0, 0x0, 0x0,
    0xdf, 0xf6, 0x4, 0xbe, 0xfd, 0x92, 0x0, 0x0,
    0xdf, 0xf6, 0x6f, 0xff, 0xff, 0xff, 0x60, 0x0,
    0xdf, 0xf9, 0xff, 0xfd, 0xff, 0xff, 0xf5, 0x0,
    0xdf, 0xff, 0xf5, 0x0, 0x5, 0xef, 0xfe, 0x10,
    0xdf, 0xff, 0x50, 0x0, 0x0, 0x3f, 0xff, 0x70,
    0xdf, 0xfd, 0x0, 0x0, 0x0, 0xb, 0xff, 0xc0,
    0xdf, 0xf8, 0x0, 0x0, 0x0, 0x6, 0xff, 0xf0,
    0xdf, 0xf6, 0x0, 0x0, 0x0, 0x3, 0xff, 0xf0,
    0xdf, 0xf5, 0x0, 0x0, 0x0, 0x2, 0xff, 0xf1,
    0xdf, 0xf6, 0x0, 0x0, 0x0, 0x3, 0xff, 0xf0,
    0xdf, 0xf8, 0x0, 0x0, 0x0, 0x6, 0xff, 0xf0,
    0xdf, 0xfd, 0x0, 0x0, 0x0, 0xb, 0xff, 0xb0,
    0xdf, 0xff, 0x60, 0x0, 0x0, 0x4f, 0xff, 0x60,
    0xdf, 0xff, 0xf6, 0x0, 0x5, 0xff, 0xfe, 0x10,
    0xdf, 0xf7, 0xff, 0xfd, 0xff, 0xff, 0xf5, 0x0,
    0xdf, 0xf4, 0x6f, 0xff, 0xff, 0xff, 0x60, 0x0,
    0xdf, 0xf4, 0x3, 0xbe, 0xfe, 0x92, 0x0, 0x0,

    /* U+0063 "c" */
    0x0, 0x0, 0x39, 0xdf, 0xfd, 0xa3, 0x0, 0x0,
    0x0, 0x8f, 0xff, 0xff, 0xff, 0xfa, 0x0, 0x0,
    0x9f, 0xff, 0xfe, 0xdf, 0xff, 0xfb, 0x0, 0x4f,
    0xff, 0xb2, 0x0, 0x19, 0xff, 0xf5, 0xc, 0xff,
    0xc0, 0x0, 0x0, 0xb, 0xff, 0xb2, 0xff, 0xf3,
    0x0, 0x0, 0x0, 0x27, 0x30, 0x6f, 0xfe, 0x0,
    0x0, 0x0, 0x0, 0x0, 0x7, 0xff, 0xc0, 0x0,
    0x0, 0x0, 0x0, 0x0, 0x9f, 0xfb, 0x0, 0x0,
    0x0, 0x0, 0x0, 0x7, 0xff, 0xc0, 0x0, 0x0,
    0x0, 0x0, 0x0, 0x6f, 0xfe, 0x0, 0x0, 0x0,
    0x0, 0x0, 0x2, 0xff, 0xf3, 0x0, 0x0, 0x0,
    0x29, 0x51, 0xc, 0xff, 0xc0, 0x0, 0x0, 0xa,
    0xff, 0xc0, 0x4f, 0xff, 0xb1, 0x0, 0x19, 0xff,
    0xf5, 0x0, 0x9f, 0xff, 0xfe, 0xdf, 0xff, 0xfb,
    0x0, 0x0, 0x8f, 0xff, 0xff, 0xff, 0xfa, 0x0,
    0x0, 0x0, 0x39, 0xdf, 0xfd, 0xa3, 0x0, 0x0,

    /* U+0064 "d" */
    0x0, 0x0, 0x0, 0x0, 0x0, 0x0, 0xdf, 0xf6,
    0x0, 0x0, 0x0, 0x0, 0x0, 0x0, 0xdf, 0xf6,
    0x0, 0x0, 0x0, 0x0, 0x0, 0x0, 0xdf, 0xf6,
    0x0, 0x0, 0x0, 0x0, 0x0, 0x0, 0xdf, 0xf6,
    0x0, 0x0, 0x0, 0x0, 0x0, 0x0, 0xdf, 0xf6,
    0x0, 0x0, 0x5b, 0xef, 0xd8, 0x10, 0xdf, 0xf6,
    0x0, 0x1c, 0xff, 0xff, 0xff, 0xd1, 0xdf, 0xf6,
    0x0, 0xcf, 0xff, 0xfe, 0xdf, 0xfa, 0xdf, 0xf6,
    0x7, 0xff, 0xfb, 0x10, 0x1, 0xbf, 0xff, 0xf6,
    0xe, 0xff, 0xc0, 0x0, 0x0, 0xc, 0xff, 0xf6,
    0x3f, 0xff, 0x30, 0x0, 0x0, 0x4, 0xff, 0xf6,
    0x6f, 0xfe, 0x0, 0x0, 0x0, 0x0, 0xff, 0xf6,
    0x8f, 0xfc, 0x0, 0x0, 0x0, 0x0, 0xdf, 0xf6,
    0x9f, 0xfb, 0x0, 0x0, 0x0, 0x0, 0xcf, 0xf6,
    0x8f, 0xfc, 0x0, 0x0, 0x0, 0x0, 0xdf, 0xf6,
    0x6f, 0xff, 0x0, 0x0, 0x0, 0x0, 0xff, 0xf6,
    0x3f, 0xff, 0x40, 0x0, 0x0, 0x5, 0xff, 0xf6,
    0xe, 0xff, 0xc0, 0x0, 0x0, 0xd, 0xff, 0xf6,
    0x7, 0xff, 0xfb, 0x10, 0x1, 0xbf, 0xff, 0xf6,
    0x0, 0xcf, 0xff, 0xfe, 0xdf, 0xfa, 0xcf, 0xf6,
    0x0, 0x1c, 0xff, 0xff, 0xff, 0xd1, 0xcf, 0xf6,
    0x0, 0x0, 0x6c, 0xff, 0xd8, 0x0, 0xcf, 0xf6,

    /* U+0065 "e" */
    0x0, 0x0, 0x39, 0xdf, 0xed, 0x82, 0x0, 0x0,
    0x0, 0x8, 0xff, 0xff, 0xff, 0xff, 0x80, 0x0,
    0x0, 0x9f, 0xff, 0xfc, 0xcf, 0xff, 0xf8, 0x0,
    0x4, 0xff, 0xf8, 0x0, 0x0, 0x9f, 0xff, 0x30,
    0xc, 0xff, 0x90, 0x0, 0x0, 0xc, 0xff, 0xa0,
    0x2f, 0xff, 0x0, 0x0, 0x0, 0x4, 0xff, 0xf0,
    0x6f, 0xfc, 0x0, 0x0, 0x0, 0x0, 0xff, 0xf2,
    0x7f, 0xff, 0xff, 0xff, 0xff, 0xff, 0xff, 0xf3,
    0x9f, 0xff, 0xff, 0xff, 0xff, 0xff, 0xff, 0xf4,
    0x8f, 0xfd, 0x77, 0x77, 0x77, 0x77, 0x77, 0x71,
    0x6f, 0xfc, 0x0, 0x0, 0x0, 0x0, 0x0, 0x0,
    0x2f, 0xff, 0x10, 0x0, 0x0, 0x0, 0x0, 0x0,
    0xd, 0xff, 0x80, 0x0, 0x0, 0x5, 0xea, 0x60,
    0x5, 0xff, 0xf8, 0x10, 0x0, 0x5f, 0xff, 0xa0,
    0x0, 0xaf, 0xff, 0xfc, 0xce, 0xff, 0xfe, 0x20,
    0x0, 0x8, 0xff, 0xff, 0xff, 0xff, 0xd2, 0x0,
    0x0, 0x0, 0x39, 0xdf, 0xfe, 0xb6, 0x0, 0x0,

    /* U+0066 "f" */
    0x0, 0x0, 0x4, 0xbe, 0xfe, 0xa0, 0x0, 0x8,
    0xff, 0xff, 0xfa, 0x0, 0x3, 0xff, 0xff, 0xef,
    0x60, 0x0, 0x7f, 0xff, 0x30, 0x0, 0x0, 0x9,
    0xff, 0xa0, 0x0, 0x0, 0x0, 0x9f, 0xfa, 0x0,
    0x0, 0xbf, 0xff, 0xff, 0xff, 0xff, 0x4b, 0xff,
    0xff, 0xff, 0xff, 0xf4, 0x7b, 0xbd, 0xff, 0xeb,
    0xbb, 0x30, 0x0, 0x9f, 0xfa, 0x0, 0x0, 0x0,
    0x9, 0xff, 0xa0, 0x0, 0x0, 0x0, 0x9f, 0xfa,
    0x0, 0x0, 0x0, 0x9, 0xff, 0xa0, 0x0, 0x0,
    0x0, 0x9f, 0xfa, 0x0, 0x0, 0x0, 0x9, 0xff,
    0xa0, 0x0, 0x0, 0x0, 0x9f, 0xfa, 0x0, 0x0,
    0x0, 0x9, 0xff, 0xa0, 0x0, 0x0, 0x0, 0x9f,
    0xfa, 0x0, 0x0, 0x0, 0x9, 0xff, 0xa0, 0x0,
    0x0, 0x0, 0x9f, 0xfa, 0x0, 0x0, 0x0, 0x9,
    0xff, 0xa0, 0x0, 0x0, 0x0, 0x9f, 0xfa, 0x0,
    0x0, 0x0, 0x9, 0xff, 0xa0, 0x0, 0x0,

    /* U+0067 "g" */
    0x0, 0x0, 0x5b, 0xef, 0xd8, 0x10, 0xbf, 0xf6,
    0x0, 0xb, 0xff, 0xff, 0xff, 0xd1, 0xbf, 0xf6,
    0x0, 0xbf, 0xff, 0xfe, 0xdf, 0xfb, 0xbf, 0xf6,
    0x6, 0xff, 0xfb, 0x20, 0x1, 0xbf, 0xff, 0xf6,
    0xd, 0xff, 0xc0, 0x0, 0x0, 0xd, 0xff, 0xf6,
    0x2f, 0xff, 0x40, 0x0, 0x0, 0x5, 0xff, 0xf6,
    0x6f, 0xff, 0x0, 0x0, 0x0, 0x0, 0xff, 0xf6,
    0x7f, 0xfc, 0x0, 0x0, 0x0, 0x0, 0xdf, 0xf6,
    0x9f, 0xfb, 0x0, 0x0, 0x0, 0x0, 0xcf, 0xf6,
    0x8f, 0xfc, 0x0, 0x0, 0x0, 0x0, 0xdf, 0xf6,
    0x6f, 0xfe, 0x0, 0x0, 0x0, 0x0, 0xff, 0xf6,
    0x4f, 0xff, 0x20, 0x0, 0x0, 0x3, 0xff, 0xf6,
    0xe, 0xff, 0xb0, 0x0, 0x0, 0xb, 0xff, 0xf6,
    0x8, 0xff, 0xf9, 0x0, 0x0, 0x9f, 0xff, 0xf6,
    0x0, 0xdf, 0xff, 0xfc, 0xcf, 0xfb, 0xdf, 0xf6,
    0x0, 0x1c, 0xff, 0xff, 0xff, 0xe1, 0xcf, 0xf6,
    0x0, 0x0, 0x5b, 0xef, 0xd9, 0x10, 0xcf, 0xf6,
    0x0, 0x0, 0x0, 0x0, 0x0, 0x0, 0xdf, 0xf5,
    0x0, 0x5, 0x0, 0x0, 0x0, 0x1, 0xff, 0xf2,
    0x8, 0xff, 0xb2, 0x0, 0x0, 0x3c, 0xff, 0xc0,
    0x5, 0xff, 0xff, 0xcb, 0xbd, 0xff, 0xff, 0x30,
    0x0, 0x5e, 0xff, 0xff, 0xff, 0xff, 0xe4, 0x0,
    0x0, 0x1, 0x7b, 0xef, 0xfe, 0xb6, 0x0, 0x0,

    /* U+0068 "h" */
    0xdf, 0xf5, 0x0, 0x0, 0x0, 0x0, 0x0, 0xdf,
    0xf5, 0x0, 0x0, 0x0, 0x0, 0x0, 0xdf, 0xf5,
    0x0, 0x0, 0x0, 0x0, 0x0, 0xdf, 0xf5, 0x0,
    0x0, 0x0, 0x0, 0x0, 0xdf, 0xf5, 0x0, 0x0,
    0x0, 0x0, 0x0, 0xdf, 0xf5, 0x3, 0xbe, 0xfd,
    0x91, 0x0, 0xdf, 0xf5, 0x6f, 0xff, 0xff, 0xff,
    0x30, 0xdf, 0xf9, 0xff, 0xfe, 0xff, 0xff, 0xe1,
    0xdf, 0xff, 0xd4, 0x0, 0x1b, 0xff, 0xf7, 0xdf,
    0xff, 0x20, 0x0, 0x0, 0xef, 0xfb, 0xdf, 0xf9,
    0x0, 0x0, 0x0, 0x8f, 0xfd, 0xdf, 0xf6, 0x0,
    0x0, 0x0, 0x6f, 0xfe, 0xdf, 0xf6, 0x0, 0x0,
    0x0, 0x5f, 0xfe, 0xdf, 0xf6, 0x0, 0x0, 0x0,
    0x5f, 0xfe, 0xdf, 0xf6, 0x0, 0x0, 0x0, 0x5f,
    0xfe, 0xdf, 0xf6, 0x0, 0x0, 0x0, 0x5f, 0xfe,
    0xdf, 0xf6, 0x0, 0x0, 0x0, 0x5f, 0xfe, 0xdf,
    0xf6, 0x0, 0x0, 0x0, 0x5f, 0xfe, 0xdf, 0xf6,
    0x0, 0x0, 0x0, 0x5f, 0xfe, 0xdf, 0xf6, 0x0,
    0x0, 0x0, 0x5f, 0xfe, 0xdf, 0xf6, 0x0, 0x0,
    0x0, 0x5f, 0xfe, 0xdf, 0xf6, 0x0, 0x0, 0x0,
    0x5f, 0xfe,

    /* U+0069 "i" */
    0x7, 0xed, 0x22, 0xff, 0xfb, 0x1f, 0xff, 0xb0,
    0x6d, 0xc2, 0x0, 0x0, 0x0, 0x0, 0x0, 0xd,
    0xff, 0x60, 0xdf, 0xf6, 0xd, 0xff, 0x60, 0xdf,
    0xf6, 0xd, 0xff, 0x60, 0xdf, 0xf6, 0xd, 0xff,
    0x60, 0xdf, 0xf6, 0xd, 0xff, 0x60, 0xdf, 0xf6,
    0xd, 0xff, 0x60, 0xdf, 0xf6, 0xd, 0xff, 0x60,
    0xdf, 0xf6, 0xd, 0xff, 0x60, 0xdf, 0xf6, 0xd,
    0xff, 0x60,

    /* U+006A "j" */
    0x0, 0x6, 0xdb, 0x20, 0x1, 0xff, 0xfa, 0x0,
    0x2f, 0xff, 0xb0, 0x0, 0x7f, 0xd2, 0x0, 0x0,
    0x0, 0x0, 0x0, 0x0, 0x0, 0x0, 0x0, 0x0,
    0x0, 0x0, 0xdf, 0xf6, 0x0, 0xd, 0xff, 0x60,
    0x0, 0xdf, 0xf6, 0x0, 0xd, 0xff, 0x60, 0x0,
    0xdf, 0xf6, 0x0, 0xd, 0xff, 0x60, 0x0, 0xdf,
    0xf6, 0x0, 0xd, 0xff, 0x60, 0x0, 0xdf, 0xf6,
    0x0, 0xd, 0xff, 0x60, 0x0, 0xdf, 0xf6, 0x0,
    0xd, 0xff, 0x60, 0x0, 0xdf, 0xf6, 0x0, 0xd,
    0xff, 0x60, 0x0, 0xdf, 0xf6, 0x0, 0xd, 0xff,
    0x60, 0x0, 0xdf, 0xf6, 0x0, 0xd, 0xff, 0x60,
    0x0, 0xef, 0xf5, 0x0, 0x6f, 0xff, 0x36, 0xef,
    0xff, 0xd0, 0x8f, 0xff, 0xf3, 0x8, 0xfe, 0x92,
    0x0,

    /* U+006B "k" */
    0xdf, 0xf6, 0x0, 0x0, 0x0, 0x0, 0x0, 0xd,
    0xff, 0x60, 0x0, 0x0, 0x0, 0x0, 0x0, 0xdf,
    0xf6, 0x0, 0x0, 0x0, 0x0, 0x0, 0xd, 0xff,
    0x60, 0x0, 0x0, 0x0, 0x0, 0x0, 0xdf, 0xf6,
    0x0, 0x0, 0x0, 0x0, 0x0, 0xd, 0xff, 0x60,
    0x0, 0x0, 0x5f, 0xff, 0x90, 0xdf, 0xf6, 0x0,
    0x0, 0x3f, 0xff, 0xa0, 0xd, 0xff, 0x60, 0x0,
    0x2e, 0xff, 0xb0, 0x0, 0xdf, 0xf6, 0x0, 0x1e,
    0xff, 0xc0, 0x0, 0xd, 0xff, 0x60, 0x1d, 0xff,
    0xd1, 0x0, 0x0, 0xdf, 0xf6, 0xc, 0xff, 0xe2,
    0x0, 0x0, 0xd, 0xff, 0x6b, 0xff, 0xf3, 0x0,
    0x0, 0x0, 0xdf, 0xfe, 0xff, 0xfa, 0x0, 0x0,
    0x0, 0xd, 0xff, 0xff, 0xff, 0xf4, 0x0, 0x0,
    0x0, 0xdf, 0xff, 0xce, 0xff, 0xe1, 0x0, 0x0,
    0xd, 0xff, 0xc1, 0x3f, 0xff, 0xb0, 0x0, 0x0,
    0xdf, 0xf6, 0x0, 0x8f, 0xff, 0x70, 0x0, 0xd,
    0xff, 0x60, 0x0, 0xcf, 0xff, 0x30, 0x0, 0xdf,
    0xf6, 0x0, 0x1, 0xef, 0xfd, 0x0, 0xd, 0xff,
    0x60, 0x0, 0x5, 0xff, 0xfa, 0x0, 0xdf, 0xf6,
    0x0, 0x0, 0x9, 0xff, 0xf5, 0xd, 0xff, 0x60,
    0x0, 0x0, 0xd, 0xff, 0xf2,

    /* U+006C "l" */
    0xdf, 0xf6, 0xdf, 0xf6, 0xdf, 0xf6, 0xdf, 0xf6,
    0xdf, 0xf6, 0xdf, 0xf6, 0xdf, 0xf6, 0xdf, 0xf6,
    0xdf, 0xf6, 0xdf, 0xf6, 0xdf, 0xf6, 0xdf, 0xf6,
    0xdf, 0xf6, 0xdf, 0xf6, 0xdf, 0xf6, 0xdf, 0xf6,
    0xdf, 0xf6, 0xdf, 0xf6, 0xdf, 0xf6, 0xdf, 0xf6,
    0xdf, 0xf6, 0xdf, 0xf6,

    /* U+006D "m" */
    0xdf, 0xf3, 0x4, 0xbe, 0xea, 0x20, 0x0, 0x4b,
    0xef, 0xd8, 0x0, 0xd, 0xff, 0x47, 0xff, 0xff,
    0xfe, 0x10, 0x8f, 0xff, 0xff, 0xfd, 0x10, 0xdf,
    0xf8, 0xff, 0xff, 0xff, 0xfa, 0x5f, 0xff, 0xff,
    0xff, 0xfb, 0xd, 0xff, 0xfc, 0x20, 0x7, 0xff,
    0xfe, 0xf5, 0x0, 0x3c, 0xff, 0xf2, 0xdf, 0xfe,
    0x10, 0x0, 0x9, 0xff, 0xf6, 0x0, 0x0, 0x2f,
    0xff, 0x5d, 0xff, 0x90, 0x0, 0x0, 0x5f, 0xff,
    0x0, 0x0, 0x0, 0xdf, 0xf7, 0xdf, 0xf6, 0x0,
    0x0, 0x4, 0xff, 0xe0, 0x0, 0x0, 0xc, 0xff,
    0x7d, 0xff, 0x60, 0x0, 0x0, 0x4f, 0xfe, 0x0,
    0x0, 0x0, 0xcf, 0xf7, 0xdf, 0xf6, 0x0, 0x0,
    0x4, 0xff, 0xe0, 0x0, 0x0, 0xc, 0xff, 0x7d,
    0xff, 0x60, 0x0, 0x0, 0x4f, 0xfe, 0x0, 0x0,
    0x0, 0xcf, 0xf7, 0xdf, 0xf6, 0x0, 0x0, 0x4,
    0xff, 0xe0, 0x0, 0x0, 0xc, 0xff, 0x7d, 0xff,
    0x60, 0x0, 0x0, 0x4f, 0xfe, 0x0, 0x0, 0x0,
    0xcf, 0xf7, 0xdf, 0xf6, 0x0, 0x0, 0x4, 0xff,
    0xe0, 0x0, 0x0, 0xc, 0xff, 0x7d, 0xff, 0x60,
    0x0, 0x0, 0x4f, 0xfe, 0x0, 0x0, 0x0, 0xcf,
    0xf7, 0xdf, 0xf6, 0x0, 0x0, 0x4, 0xff, 0xe0,
    0x0, 0x0, 0xc, 0xff, 0x7d, 0xff, 0x60, 0x0,
    0x0, 0x4f, 0xfe, 0x0, 0x0, 0x0, 0xcf, 0xf7,
    0xdf, 0xf6, 0x0, 0x0, 0x4, 0xff, 0xe0, 0x0,
    0x0, 0xc, 0xff, 0x70,

    /* U+006E "n" */
    0xdf, 0xf4, 0x4, 0xbe, 0xfd, 0x91, 0x0, 0xdf,
    0xf4, 0x8f, 0xff, 0xff, 0xff, 0x30, 0xdf, 0xf8,
    0xff, 0xcb, 0xef, 0xff, 0xe0, 0xdf, 0xff, 0xb1,
    0x0, 0x8, 0xff, 0xf6, 0xdf, 0xfe, 0x0, 0x0,
    0x0, 0xdf, 0xfb, 0xdf, 0xf9, 0x0, 0x0, 0x0,
    0x8f, 0xfd, 0xdf, 0xf6, 0x0, 0x0, 0x0, 0x5f,
    0xfd, 0xdf, 0xf6, 0x0, 0x0, 0x0, 0x5f, 0xfe,
    0xdf, 0xf6, 0x0, 0x0, 0x0, 0x5f, 0xfe, 0xdf,
    0xf6, 0x0, 0x0, 0x0, 0x5f, 0xfe, 0xdf, 0xf6,
    0x0, 0x0, 0x0, 0x5f, 0xfe, 0xdf, 0xf6, 0x0,
    0x0, 0x0, 0x5f, 0xfe, 0xdf, 0xf6, 0x0, 0x0,
    0x0, 0x5f, 0xfe, 0xdf, 0xf6, 0x0, 0x0, 0x0,
    0x5f, 0xfe, 0xdf, 0xf6, 0x0, 0x0, 0x0, 0x5f,
    0xfe, 0xdf, 0xf6, 0x0, 0x0, 0x0, 0x5f, 0xfe,
    0xdf, 0xf6, 0x0, 0x0, 0x0, 0x5f, 0xfe,

    /* U+006F "o" */
    0x0, 0x0, 0x29, 0xdf, 0xfd, 0xa3, 0x0, 0x0,
    0x0, 0x7, 0xff, 0xff, 0xff, 0xff, 0x90, 0x0,
    0x0, 0x9f, 0xff, 0xfe, 0xdf, 0xff, 0xfb, 0x0,
    0x4, 0xff, 0xfb, 0x20, 0x1, 0xaf, 0xff, 0x60,
    0xc, 0xff, 0xc0, 0x0, 0x0, 0xa, 0xff, 0xe0,
    0x2f, 0xff, 0x40, 0x0, 0x0, 0x2, 0xff, 0xf4,
    0x6f, 0xfe, 0x0, 0x0, 0x0, 0x0, 0xcf, 0xf8,
    0x7f, 0xfc, 0x0, 0x0, 0x0, 0x0, 0xaf, 0xf9,
    0x9f, 0xfb, 0x0, 0x0, 0x0, 0x0, 0x9f, 0xfb,
    0x7f, 0xfc, 0x0, 0x0, 0x0, 0x0, 0xaf, 0xf9,
    0x6f, 0xfe, 0x0, 0x0, 0x0, 0x0, 0xcf, 0xf8,
    0x2f, 0xff, 0x30, 0x0, 0x0, 0x2, 0xff, 0xf4,
    0xc, 0xff, 0xc0, 0x0, 0x0, 0xa, 0xff, 0xe0,
    0x4, 0xff, 0xfb, 0x20, 0x1, 0xaf, 0xff, 0x60,
    0x0, 0x9f, 0xff, 0xfd, 0xdf, 0xff, 0xfb, 0x0,
    0x0, 0x8, 0xff, 0xff, 0xff, 0xff, 0x90, 0x0,
    0x0, 0x0, 0x39, 0xdf, 0xfd, 0xa4, 0x0, 0x0,

    /* U+0070 "p" */
    0xdf, 0xf4, 0x4, 0xbe, 0xfd, 0x92, 0x0, 0x0,
    0xdf, 0xf4, 0x7f, 0xff, 0xff, 0xff, 0x60, 0x0,
    0xdf, 0xf9, 0xff, 0xca, 0xbf, 0xff, 0xf5, 0x0,
    0xdf, 0xff, 0xe3, 0x0, 0x2, 0xdf, 0xfe, 0x10,
    0xdf, 0xff, 0x30, 0x0, 0x0, 0x2f, 0xff, 0x70,
    0xdf, 0xfc, 0x0, 0x0, 0x0, 0xa, 0xff, 0xc0,
    0xdf, 0xf8, 0x0, 0x0, 0x0, 0x5, 0xff, 0xf0,
    0xdf, 0xf5, 0x0, 0x0, 0x0, 0x3, 0xff, 0xf0,
    0xdf, 0xf5, 0x0, 0x0, 0x0, 0x2, 0xff, 0xf1,
    0xdf, 0xf6, 0x0, 0x0, 0x0, 0x3, 0xff, 0xf0,
    0xdf, 0xf9, 0x0, 0x0, 0x0, 0x6, 0xff, 0xf0,
    0xdf, 0xfd, 0x0, 0x0, 0x0, 0xb, 0xff, 0xb0,
    0xdf, 0xff, 0x60, 0x0, 0x0, 0x4f, 0xff, 0x60,
    0xdf, 0xff, 0xf6, 0x0, 0x5, 0xff, 0xfe, 0x10,
    0xdf, 0xf8, 0xff, 0xfd, 0xff, 0xff, 0xf5, 0x0,
    0xdf, 0xf6, 0x6f, 0xff, 0xff, 0xff, 0x60, 0x0,
    0xdf, 0xf6, 0x3, 0xbe, 0xfe, 0x92, 0x0, 0x0,
    0xdf, 0xf6, 0x0, 0x0, 0x0, 0x0, 0x0, 0x0,
    0xdf, 0xf6, 0x0, 0x0, 0x0, 0x0, 0x0, 0x0,
    0xdf, 0xf6, 0x0, 0x0, 0x0, 0x0, 0x0, 0x0,
    0xdf, 0xf6, 0x0, 0x0, 0x0, 0x0, 0x0, 0x0,
    0xdf, 0xf6, 0x0, 0x0, 0x0, 0x0, 0x0, 0x0,
    0xdf, 0xf6, 0x0, 0x0, 0x0, 0x0, 0x0, 0x0,

    /* U+0071 "q" */
    0x0, 0x0, 0x5b, 0xef, 0xd8, 0x10, 0xcf, 0xf6,
    0x0, 0x1c, 0xff, 0xff, 0xff, 0xd1, 0xcf, 0xf6,
    0x0, 0xcf, 0xff, 0xfe, 0xdf, 0xfa, 0xcf, 0xf6,
    0x7, 0xff, 0xfb, 0x10, 0x1, 0xbf, 0xff, 0xf6,
    0xe, 0xff, 0xc0, 0x0, 0x0, 0xc, 0xff, 0xf6,
    0x3f, 0xff, 0x30, 0x0, 0x0, 0x4, 0xff, 0xf6,
    0x6f, 0xfe, 0x0, 0x0, 0x0, 0x0, 0xff, 0xf6,
    0x8f, 0xfc, 0x0, 0x0, 0x0, 0x0, 0xdf, 0xf6,
    0x9f, 0xfb, 0x0, 0x0, 0x0, 0x0, 0xcf, 0xf6,
    0x8f, 0xfc, 0x0, 0x0, 0x0, 0x0, 0xdf, 0xf6,
    0x6f, 0xff, 0x0, 0x0, 0x0, 0x0, 0xff, 0xf6,
    0x3f, 0xff, 0x40, 0x0, 0x0, 0x5, 0xff, 0xf6,
    0xe, 0xff, 0xc0, 0x0, 0x0, 0xd, 0xff, 0xf6,
    0x7, 0xff, 0xfb, 0x10, 0x1, 0xbf, 0xff, 0xf6,
    0x0, 0xcf, 0xff, 0xfe, 0xdf, 0xfa, 0xdf, 0xf6,
    0x0, 0x1c, 0xff, 0xff, 0xff, 0xd1, 0xdf, 0xf6,
    0x0, 0x0, 0x6c, 0xff, 0xd8, 0x0, 0xdf, 0xf6,
    0x0, 0x0, 0x0, 0x0, 0x0, 0x0, 0xdf, 0xf6,
    0x0, 0x0, 0x0, 0x0, 0x0, 0x0, 0xdf, 0xf6,
    0x0, 0x0, 0x0, 0x0, 0x0, 0x0, 0xdf, 0xf6,
    0x0, 0x0, 0x0, 0x0, 0x0, 0x0, 0xdf, 0xf6,
    0x0, 0x0, 0x0, 0x0, 0x0, 0x0, 0xdf, 0xf6,
    0x0, 0x0, 0x0, 0x0, 0x0, 0x0, 0xdf, 0xf6,

    /* U+0072 "r" */
    0xdf, 0xf4, 0x7, 0xdf, 0xed, 0xff, 0x4c, 0xff,
    0xff, 0xdf, 0xfb, 0xff, 0xed, 0xed, 0xff, 0xfd,
    0x30, 0x0, 0xdf, 0xfe, 0x10, 0x0, 0xd, 0xff,
    0x90, 0x0, 0x0, 0xdf, 0xf6, 0x0, 0x0, 0xd,
    0xff, 0x60, 0x0, 0x0, 0xdf, 0xf6, 0x0, 0x0,
    0xd, 0xff, 0x60, 0x0, 0x0, 0xdf, 0xf6, 0x0,
    0x0, 0xd, 0xff, 0x60, 0x0, 0x0, 0xdf, 0xf6,
    0x0, 0x0, 0xd, 0xff, 0x60, 0x0, 0x0, 0xdf,
    0xf6, 0x0, 0x0, 0xd, 0xff, 0x60, 0x0, 0x0,
    0xdf, 0xf6, 0x0, 0x0, 0x0,

    /* U+0073 "s" */
    0x0, 0x2, 0x8d, 0xef, 0xeb, 0x50, 0x0, 0x0,
    0x7f, 0xff, 0xff, 0xff, 0xfb, 0x0, 0x5, 0xff,
    0xff, 0xba, 0xcf, 0xff, 0xa0, 0xd, 0xff, 0xb1,
    0x0, 0x5, 0xff, 0xf2, 0xf, 0xff, 0x30, 0x0,
    0x0, 0x79, 0x51, 0xf, 0xff, 0x60, 0x0, 0x0,
    0x0, 0x0, 0xc, 0xff, 0xf8, 0x20, 0x0, 0x0,
    0x0, 0x3, 0xff, 0xff, 0xfe, 0xb7, 0x20, 0x0,
    0x0, 0x3c, 0xff, 0xff, 0xff, 0xfb, 0x20, 0x0,
    0x0, 0x26, 0xae, 0xff, 0xff, 0xe1, 0x0, 0x0,
    0x0, 0x0, 0x29, 0xff, 0xf8, 0x0, 0x1, 0x0,
    0x0, 0x0, 0xbf, 0xfc, 0x4c, 0xfc, 0x0, 0x0,
    0x0, 0xaf, 0xfb, 0x3f, 0xff, 0x80, 0x0, 0x5,
    0xff, 0xf7, 0xb, 0xff, 0xfe, 0xbb, 0xef, 0xff,
    0xd0, 0x0, 0xbf, 0xff, 0xff, 0xff, 0xfc, 0x10,
    0x0, 0x4, 0xae, 0xff, 0xea, 0x50, 0x0,

    /* U+0074 "t" */
    0x0, 0x5f, 0xfe, 0x0, 0x0, 0x0, 0x5f, 0xfe,
    0x0, 0x0, 0x0, 0x5f, 0xfe, 0x0, 0x0, 0x0,
    0x5f, 0xfe, 0x0, 0x0, 0xbf, 0xff, 0xff, 0xff,
    0xf2, 0xbf, 0xff, 0xff, 0xff, 0xf2, 0x7b, 0xcf,
    0xff, 0xbb, 0xb1, 0x0, 0x5f, 0xfe, 0x0, 0x0,
    0x0, 0x5f, 0xfe, 0x0, 0x0, 0x0, 0x5f, 0xfe,
    0x0, 0x0, 0x0, 0x5f, 0xfe, 0x0, 0x0, 0x0,
    0x5f, 0xfe, 0x0, 0x0, 0x0, 0x5f, 0xfe, 0x0,
    0x0, 0x0, 0x5f, 0xfe, 0x0, 0x0, 0x0, 0x5f,
    0xfe, 0x0, 0x0, 0x0, 0x5f, 0xfe, 0x0, 0x0,
    0x0, 0x4f, 0xff, 0x0, 0x0, 0x0, 0x3f, 0xff,
    0x30, 0x0, 0x0, 0xe, 0xff, 0xfd, 0xe2, 0x0,
    0x5, 0xff, 0xff, 0xf5, 0x0, 0x0, 0x4b, 0xef,
    0xe6,

    /* U+0075 "u" */
    0xdf, 0xf6, 0x0, 0x0, 0x0, 0x5f, 0xfe, 0xdf,
    0xf6, 0x0, 0x0, 0x0, 0x5f, 0xfe, 0xdf, 0xf6,
    0x0, 0x0, 0x0, 0x5f, 0xfe, 0xdf, 0xf6, 0x0,
    0x0, 0x0, 0x5f, 0xfe, 0xdf, 0xf6, 0x0, 0x0,
    0x0, 0x5f, 0xfe, 0xdf, 0xf6, 0x0, 0x0, 0x0,
    0x5f, 0xfe, 0xdf, 0xf6, 0x0, 0x0, 0x0, 0x5f,
    0xfe, 0xdf, 0xf6, 0x0, 0x0, 0x0, 0x5f, 0xfe,
    0xdf, 0xf6, 0x0, 0x0, 0x0, 0x5f, 0xfe, 0xdf,
    0xf6, 0x0, 0x0, 0x0, 0x5f, 0xfe, 0xdf, 0xf6,
    0x0, 0x0, 0x0, 0x6f, 0xfe, 0xcf, 0xf9, 0x0,
    0x0, 0x0, 0x9f, 0xfe, 0xaf, 0xfe, 0x0, 0x0,
    0x1, 0xff, 0xfe, 0x6f, 0xff, 0xb2, 0x0, 0x3d,
    0xff, 0xfe, 0xe, 0xff, 0xff, 0xef, 0xff, 0x7f,
    0xfe, 0x3, 0xef, 0xff, 0xff, 0xf8, 0x3f, 0xfe,
    0x0, 0x19, 0xdf, 0xeb, 0x40, 0x3f, 0xfe,

    /* U+0076 "v" */
    0x2f, 0xff, 0x50, 0x0, 0x0, 0x0, 0x1f, 0xff,
    0x50, 0xcf, 0xfa, 0x0, 0x0, 0x0, 0x6, 0xff,
    0xf0, 0x6, 0xff, 0xf0, 0x0, 0x0, 0x0, 0xbf,
    0xfa, 0x0, 0x1f, 0xff, 0x50, 0x0, 0x0, 0x1f,
    0xff, 0x40, 0x0, 0xbf, 0xfa, 0x0, 0x0, 0x6,
    0xff, 0xe0, 0x0, 0x5, 0xff, 0xf0, 0x0, 0x0,
    0xbf, 0xf8, 0x0, 0x0, 0xe, 0xff, 0x50, 0x0,
    0x1f, 0xff, 0x20, 0x0, 0x0, 0x9f, 0xfa, 0x0,
    0x6, 0xff, 0xd0, 0x0, 0x0, 0x3, 0xff, 0xf0,
    0x0, 0xcf, 0xf7, 0x0, 0x0, 0x0, 0xd, 0xff,
    0x50, 0x1f, 0xff, 0x10, 0x0, 0x0, 0x0, 0x8f,
    0xfa, 0x6, 0xff, 0xb0, 0x0, 0x0, 0x0, 0x2,
    0xff, 0xe0, 0xaf, 0xf5, 0x0, 0x0, 0x0, 0x0,
    0xc, 0xff, 0x3e, 0xff, 0x0, 0x0, 0x0, 0x0,
    0x0, 0x6f, 0xfa, 0xff, 0xa0, 0x0, 0x0, 0x0,
    0x0, 0x1, 0xff, 0xff, 0xf4, 0x0, 0x0, 0x0,
    0x0, 0x0, 0xb, 0xff, 0xfe, 0x0, 0x0, 0x0,
    0x0, 0x0, 0x0, 0x5f, 0xff, 0x80, 0x0, 0x0,
    0x0,

    /* U+0077 "w" */
    0xf, 0xff, 0x50, 0x0, 0x0, 0x4f, 0xff, 0x20,
    0x0, 0x0, 0x8f, 0xfe, 0x0, 0xbf, 0xf9, 0x0,
    0x0, 0x8, 0xff, 0xf7, 0x0, 0x0, 0xc, 0xff,
    0x90, 0x7, 0xff, 0xd0, 0x0, 0x0, 0xcf, 0xff,
    0xb0, 0x0, 0x0, 0xff, 0xf4, 0x0, 0x2f, 0xff,
    0x20, 0x0, 0x1f, 0xff, 0xfe, 0x0, 0x0, 0x4f,
    0xff, 0x0, 0x0, 0xdf, 0xf6, 0x0, 0x5, 0xff,
    0xaf, 0xf3, 0x0, 0x8, 0xff, 0xb0, 0x0, 0x9,
    0xff, 0xa0, 0x0, 0x9f, 0xf3, 0xff, 0x70, 0x0,
    0xcf, 0xf7, 0x0, 0x0, 0x4f, 0xfe, 0x0, 0xd,
    0xfc, 0xf, 0xfb, 0x0, 0x1f, 0xff, 0x20, 0x0,
    0x0, 0xff, 0xf2, 0x1, 0xff, 0x80, 0xbf, 0xf0,
    0x4, 0xff, 0xd0, 0x0, 0x0, 0xb, 0xff, 0x60,
    0x5f, 0xf4, 0x7, 0xff, 0x30, 0x8f, 0xf9, 0x0,
    0x0, 0x0, 0x6f, 0xfa, 0x9, 0xff, 0x10, 0x3f,
    0xf6, 0xc, 0xff, 0x40, 0x0, 0x0, 0x2, 0xff,
    0xd0, 0xcf, 0xc0, 0x0, 0xef, 0xa0, 0xff, 0xf0,
    0x0, 0x0, 0x0, 0xd, 0xff, 0x2f, 0xf8, 0x0,
    0xa, 0xfe, 0x3f, 0xfb, 0x0, 0x0, 0x0, 0x0,
    0x8f, 0xf8, 0xff, 0x30, 0x0, 0x6f, 0xf8, 0xff,
    0x60, 0x0, 0x0, 0x0, 0x4, 0xff, 0xef, 0xf0,
    0x0, 0x1, 0xff, 0xef, 0xf1, 0x0, 0x0, 0x0,
    0x0, 0xf, 0xff, 0xfb, 0x0, 0x0, 0xd, 0xff,
    0xfd, 0x0, 0x0, 0x0, 0x0, 0x0, 0xbf, 0xff,
    0x60, 0x0, 0x0, 0x8f, 0xff, 0x80, 0x0, 0x0,
    0x0, 0x0, 0x6, 0xff, 0xf2, 0x0, 0x0, 0x4,
    0xff, 0xf4, 0x0, 0x0, 0x0,

    /* U+0078 "x" */
    0x8, 0xff, 0xf2, 0x0, 0x0, 0x3, 0xff, 0xf4,
    0x0, 0xdf, 0xfb, 0x0, 0x0, 0xd, 0xff, 0xa0,
    0x0, 0x3f, 0xff, 0x40, 0x0, 0x7f, 0xff, 0x10,
    0x0, 0x9, 0xff, 0xd0, 0x1, 0xff, 0xf6, 0x0,
    0x0, 0x0, 0xef, 0xf6, 0x9, 0xff, 0xc0, 0x0,
    0x0, 0x0, 0x5f, 0xfe, 0x2f, 0xff, 0x20, 0x0,
    0x0, 0x0, 0xb, 0xff, 0xef, 0xf7, 0x0, 0x0,
    0x0, 0x0, 0x1, 0xff, 0xff, 0xd0, 0x0, 0x0,
    0x0, 0x0, 0x0, 0xcf, 0xff, 0x70, 0x0, 0x0,
    0x0, 0x0, 0x5, 0xff, 0xff, 0xe1, 0x0, 0x0,
    0x0, 0x0, 0x1e, 0xff, 0xaf, 0xfa, 0x0, 0x0,
    0x0, 0x0, 0xaf, 0xfa, 0x1e, 0xff, 0x40, 0x0,
    0x0, 0x4, 0xff, 0xf2, 0x7, 0xff, 0xe0, 0x0,
    0x0, 0xe, 0xff, 0x90, 0x0, 0xdf, 0xf9, 0x0,
    0x0, 0x9f, 0xfe, 0x0, 0x0, 0x4f, 0xff, 0x40,
    0x3, 0xff, 0xf5, 0x0, 0x0, 0xa, 0xff, 0xd0,
    0xd, 0xff, 0xb0, 0x0, 0x0, 0x1, 0xff, 0xf8,

    /* U+0079 "y" */
    0x2f, 0xff, 0x50, 0x0, 0x0, 0x0, 0x1f, 0xff,
    0x60, 0xcf, 0xfa, 0x0, 0x0, 0x0, 0x6, 0xff,
    0xf0, 0x6, 0xff, 0xf0, 0x0, 0x0, 0x0, 0xbf,
    0xfa, 0x0, 0xf, 0xff, 0x50, 0x0, 0x0, 0x1f,
    0xff, 0x40, 0x0, 0xaf, 0xfb, 0x0, 0x0, 0x7,
    0xff, 0xe0, 0x0, 0x4, 0xff, 0xf0, 0x0, 0x0,
    0xcf, 0xf8, 0x0, 0x0, 0xe, 0xff, 0x60, 0x0,
    0x2f, 0xff, 0x20, 0x0, 0x0, 0x8f, 0xfb, 0x0,
    0x7, 0xff, 0xc0, 0x0, 0x0, 0x2, 0xff, 0xf1,
    0x0, 0xdf, 0xf6, 0x0, 0x0, 0x0, 0xc, 0xff,
    0x60, 0x2f, 0xff, 0x0, 0x0, 0x0, 0x0, 0x6f,
    0xfb, 0x7, 0xff, 0xa0, 0x0, 0x0, 0x0, 0x1,
    0xff, 0xf0, 0xcf, 0xf4, 0x0, 0x0, 0x0, 0x0,
    0xa, 0xff, 0x5f, 0xfe, 0x0, 0x0, 0x0, 0x0,
    0x0, 0x4f, 0xfd, 0xff, 0x80, 0x0, 0x0, 0x0,
    0x0, 0x0, 0xef, 0xff, 0xf2, 0x0, 0x0, 0x0,
    0x0, 0x0, 0x8, 0xff, 0xfc, 0x0, 0x0, 0x0,
    0x0, 0x0, 0x0, 0x3f, 0xff, 0x60, 0x0, 0x0,
    0x0, 0x0, 0x0, 0x5, 0xff, 0xf0, 0x0, 0x0,
    0x0, 0x0, 0x0, 0x0, 0xaf, 0xfa, 0x0, 0x0,
    0x0, 0x0, 0x0, 0x0, 0x4f, 0xff, 0x30, 0x0,
    0x0, 0x0, 0x0, 0x6e, 0xdf, 0xff, 0xa0, 0x0,
    0x0, 0x0, 0x0, 0xb, 0xff, 0xff, 0xd0, 0x0,
    0x0, 0x0, 0x0, 0x0, 0xcf, 0xfd, 0x80, 0x0,
    0x0, 0x0, 0x0, 0x0,

    /* U+007A "z" */
    0xe, 0xff, 0xff, 0xff, 0xff, 0xff, 0xfa, 0xe,
    0xff, 0xff, 0xff, 0xff, 0xff, 0xfa, 0xe, 0xff,
    0xff, 0xff, 0xff, 0xff, 0xf8, 0x0, 0x0, 0x0,
    0x0, 0xb, 0xff, 0xd0, 0x0, 0x0, 0x0, 0x0,
    0x8f, 0xff, 0x20, 0x0, 0x0, 0x0, 0x4, 0xff,
    0xf6, 0x0, 0x0, 0x0, 0x0, 0x1e, 0xff, 0xb0,
    0x0, 0x0, 0x0, 0x0, 0xbf, 0xfe, 0x10, 0x0,
    0x0, 0x0, 0x8, 0xff, 0xf3, 0x0, 0x0, 0x0,
    0x0, 0x4f, 0xff, 0x80, 0x0, 0x0, 0x0, 0x1,
    0xef, 0xfc, 0x0, 0x0, 0x0, 0x0, 0xb, 0xff,
    0xe1, 0x0, 0x0, 0x0, 0x0, 0x8f, 0xff, 0x50,
    0x0, 0x0, 0x0, 0x4, 0xff, 0xf9, 0x0, 0x0,
    0x0, 0x0, 0x1e, 0xff, 0xff, 0xff, 0xff, 0xff,
    0xfe, 0x3f, 0xff, 0xff, 0xff, 0xff, 0xff, 0xff,
    0x3f, 0xff, 0xff, 0xff, 0xff, 0xff, 0xff,

    /* U+007B "{" */
    0x0, 0x0, 0x2, 0x8c, 0xf8, 0x0, 0x0, 0x5f,
    0xff, 0xf8, 0x0, 0x0, 0xff, 0xff, 0xb5, 0x0,
    0x6, 0xff, 0xe2, 0x0, 0x0, 0x9, 0xff, 0x80,
    0x0, 0x0, 0xa, 0xff, 0x50, 0x0, 0x0, 0xb,
    0xff, 0x40, 0x0, 0x0, 0xb, 0xff, 0x40, 0x0,
    0x0, 0xb, 0xff, 0x40, 0x0, 0x0, 0xb, 0xff,
    0x40, 0x0, 0x0, 0xd, 0xff, 0x40, 0x0, 0x0,
    0x2f, 0xff, 0x20, 0x0, 0x46, 0xef, 0xfc, 0x0,
    0x0, 0xef, 0xff, 0xb1, 0x0, 0x0, 0xef, 0xf8,
    0x0, 0x0, 0x0, 0xef, 0xff, 0xf4, 0x0, 0x0,
    0x2, 0xaf, 0xfe, 0x0, 0x0, 0x0, 0xe, 0xff,
    0x30, 0x0, 0x0, 0xc, 0xff, 0x40, 0x0, 0x0,
    0xb, 0xff, 0x40, 0x0, 0x0, 0xb, 0xff, 0x40,
    0x0, 0x0, 0xb, 0xff, 0x40, 0x0, 0x0, 0xa,
    0xff, 0x50, 0x0, 0x0, 0x9, 0xff, 0x80, 0x0,
    0x0, 0x6, 0xff, 0xe1, 0x0, 0x0, 0x1, 0xff,
    0xff, 0xb5, 0x0, 0x0, 0x6f, 0xff, 0xf8, 0x0,
    0x0, 0x2, 0x9d, 0xf8,

    /* U+007C "|" */
    0x4f, 0xfa, 0x4f, 0xfa, 0x4f, 0xfa, 0x4f, 0xfa,
    0x4f, 0xfa, 0x4f, 0xfa, 0x4f, 0xfa, 0x4f, 0xfa,
    0x4f, 0xfa, 0x4f, 0xfa, 0x4f, 0xfa, 0x4f, 0xfa,
    0x4f, 0xfa, 0x4f, 0xfa, 0x4f, 0xfa, 0x4f, 0xfa,
    0x4f, 0xfa, 0x4f, 0xfa, 0x4f, 0xfa, 0x4f, 0xfa,
    0x4f, 0xfa, 0x4f, 0xfa, 0x4f, 0xfa, 0x4f, 0xfa,
    0x4f, 0xfa, 0x4f, 0xfa, 0x4f, 0xfa, 0x4f, 0xfa,
    0x4f, 0xfa, 0x4f, 0xfa, 0x4f, 0xfa, 0x4f, 0xfa,
    0x4f, 0xfa, 0x4f, 0xfa, 0x4f, 0xfa, 0x4f, 0xfa,
    0x4f, 0xfa,

    /* U+007D "}" */
    0x4f, 0xd9, 0x30, 0x0, 0x0, 0x4, 0xff, 0xff,
    0x70, 0x0, 0x0, 0x3b, 0xef, 0xff, 0x30, 0x0,
    0x0, 0x0, 0xcf, 0xf9, 0x0, 0x0, 0x0, 0x5,
    0xff, 0xc0, 0x0, 0x0, 0x0, 0x2f, 0xfd, 0x0,
    0x0, 0x0, 0x1, 0xff, 0xe0, 0x0, 0x0, 0x0,
    0x1f, 0xfe, 0x0, 0x0, 0x0, 0x1, 0xff, 0xe0,
    0x0, 0x0, 0x0, 0x1f, 0xfe, 0x0, 0x0, 0x0,
    0x0, 0xff, 0xf0, 0x0, 0x0, 0x0, 0xe, 0xff,
    0x40, 0x0, 0x0, 0x0, 0x8f, 0xfe, 0x63, 0x0,
    0x0, 0x0, 0xaf, 0xff, 0xf2, 0x0, 0x0, 0x0,
    0x5f, 0xff, 0x20, 0x0, 0x2, 0xdf, 0xff, 0xf2,
    0x0, 0x0, 0xbf, 0xfd, 0x30, 0x0, 0x0, 0xf,
    0xff, 0x30, 0x0, 0x0, 0x0, 0xff, 0xf0, 0x0,
    0x0, 0x0, 0x1f, 0xfe, 0x0, 0x0, 0x0, 0x1,
    0xff, 0xe0, 0x0, 0x0, 0x0, 0x1f, 0xfe, 0x0,
    0x0, 0x0, 0x1, 0xff, 0xd0, 0x0, 0x0, 0x0,
    0x4f, 0xfc, 0x0, 0x0, 0x0, 0xc, 0xff, 0xa0,
    0x0, 0x3, 0xae, 0xff, 0xf4, 0x0, 0x0, 0x4f,
    0xff, 0xf9, 0x0, 0x0, 0x4, 0xfd, 0xa4, 0x0,
    0x0, 0x0,

    /* U+007E "~" */
    0x0, 0x5c, 0xfe, 0xa2, 0x0, 0x0, 0x17, 0x74,
    0x7, 0xff, 0xff, 0xff, 0x50, 0x0, 0x3f, 0xf8,
    0x1f, 0xff, 0xff, 0xff, 0xf8, 0x0, 0xbf, 0xf6,
    0x6f, 0xfb, 0x0, 0x8f, 0xff, 0xff, 0xff, 0xf1,
    0x8f, 0xf4, 0x0, 0x5, 0xff, 0xff, 0xff, 0x70,
    0x47, 0x71, 0x0, 0x0, 0x19, 0xef, 0xc5, 0x0,

    /* U+00A0 " " */

    /* U+00A1 "¡" */
    0xa, 0xfb, 0x17, 0xff, 0xf9, 0x8f, 0xff, 0xa2,
    0xff, 0xf4, 0x1, 0x52, 0x0, 0x0, 0x0, 0x0,
    0x0, 0x0, 0xff, 0xf2, 0xf, 0xff, 0x20, 0xff,
    0xf2, 0xf, 0xff, 0x30, 0xff, 0xf3, 0x1f, 0xff,
    0x31, 0xff, 0xf3, 0x1f, 0xff, 0x31, 0xff, 0xf4,
    0x2f, 0xff, 0x42, 0xff, 0xf4, 0x2f, 0xff, 0x42,
    0xff, 0xf5, 0x3f, 0xff, 0x53, 0xff, 0xf5, 0x3,
    0x33, 0x10,

    /* U+00A2 "¢" */
    0x0, 0x0, 0x0, 0xf, 0xc0, 0x0, 0x0, 0x0,
    0x0, 0x0, 0x0, 0xfc, 0x0, 0x0, 0x0, 0x0,
    0x0, 0x1, 0x5f, 0xe6, 0x20, 0x0, 0x0, 0x0,
    0x1a, 0xff, 0xff, 0xff, 0xc3, 0x0, 0x0, 0x2e,
    0xff, 0xff, 0xff, 0xff, 0xf4, 0x0, 0x1e, 0xff,
    0xf8, 0xfd, 0x7e, 0xff, 0xf2, 0x9, 0xff, 0xf2,
    0xf, 0xc0, 0x1e, 0xff, 0x90, 0xff, 0xf7, 0x0,
    0xfc, 0x0, 0x6e, 0xb6, 0x4f, 0xff, 0x10, 0xf,
    0xc0, 0x0, 0x0, 0x7, 0xff, 0xd0, 0x0, 0xfc,
    0x0, 0x0, 0x0, 0x8f, 0xfb, 0x0, 0xf, 0xc0,
    0x0, 0x0, 0x8, 0xff, 0xb0, 0x0, 0xfc, 0x0,
    0x0, 0x0, 0x7f, 0xfd, 0x0, 0xf, 0xc0, 0x0,
    0x0, 0x4, 0xff, 0xf1, 0x0, 0xfc, 0x0, 0x0,
    0x0, 0xf, 0xff, 0x70, 0xf, 0xc0, 0x5, 0xfc,
    0x80, 0x9f, 0xfe, 0x20, 0xfc, 0x1, 0xef, 0xf9,
    0x1, 0xef, 0xff, 0x8f, 0xd7, 0xef, 0xff, 0x20,
    0x3, 0xef, 0xff, 0xff, 0xff, 0xff, 0x40, 0x0,
    0x2, 0xaf, 0xff, 0xff, 0xfc, 0x30, 0x0, 0x0,
    0x0, 0x15, 0xfe, 0x62, 0x0, 0x0, 0x0, 0x0,
    0x0, 0xf, 0xc0, 0x0, 0x0, 0x0, 0x0, 0x0,
    0x0, 0xfc, 0x0, 0x0, 0x0,

    /* U+00A3 "£" */
    0x0, 0x0, 0x0, 0x6c, 0xef, 0xeb, 0x50, 0x0,
    0x0, 0x0, 0x3, 0xef, 0xff, 0xff, 0xff, 0xb0,
    0x0, 0x0, 0x2, 0xff, 0xff, 0xff, 0xff, 0xff,
    0xb0, 0x0, 0x0, 0xcf, 0xfe, 0x50, 0x1, 0x9f,
    0xff, 0x60, 0x0, 0x2f, 0xff, 0x50, 0x0, 0x0,
    0x9f, 0xfc, 0x0, 0x4, 0xff, 0xe0, 0x0, 0x0,
    0x2, 0xda, 0x80, 0x0, 0x5f, 0xfc, 0x0, 0x0,
    0x0, 0x0, 0x0, 0x0, 0x5, 0xff, 0xc0, 0x0,
    0x0, 0x0, 0x0, 0x0, 0x0, 0x5f, 0xfd, 0x0,
    0x0, 0x0, 0x0, 0x0, 0x3, 0x7a, 0xff, 0xe7,
    0x77, 0x77, 0x73, 0x0, 0x0, 0x7f, 0xff, 0xff,
    0xff, 0xff, 0xff, 0x70, 0x0, 0x7, 0xff, 0xff,
    0xff, 0xff, 0xff, 0xf7, 0x0, 0x0, 0x0, 0x3f,
    0xfe, 0x0, 0x0, 0x0, 0x0, 0x0, 0x0, 0x2,
    0xff, 0xf0, 0x0, 0x0, 0x0, 0x0, 0x0, 0x0,
    0x1f, 0xff, 0x0, 0x0, 0x0, 0x0, 0x0, 0x0,
    0x1, 0xff, 0xf0, 0x0, 0x0, 0x0, 0x0, 0x0,
    0x0, 0x1f, 0xff, 0x0, 0x0, 0x0, 0x0, 0x0,
    0x0, 0x3, 0xff, 0xb0, 0x0, 0x0, 0x0, 0xef,
    0xf1, 0x2, 0xcf, 0xc1, 0x0, 0x0, 0x0, 0x1f,
    0xff, 0x7, 0xff, 0xff, 0xff, 0xff, 0xff, 0xff,
    0xff, 0xd0, 0x7f, 0xff, 0xff, 0xff, 0xff, 0xff,
    0xff, 0xf5, 0x7, 0xff, 0xff, 0xff, 0xff, 0xff,
    0xff, 0xc5, 0x0,

    /* U+00A4 "¤" */
    0x0, 0x10, 0x0, 0x0, 0x0, 0x0, 0x0, 0x0,
    0x1, 0x0, 0x3, 0xf7, 0x0, 0x39, 0xdf, 0xfd,
    0x93, 0x0, 0x6f, 0x40, 0xe, 0xff, 0x8a, 0xff,
    0xff, 0xff, 0xff, 0xa6, 0xff, 0xf1, 0x5, 0xff,
    0xff, 0xff, 0xc9, 0x9c, 0xff, 0xff, 0xff, 0x70,
    0x0, 0x6f, 0xff, 0xb2, 0x0, 0x0, 0x2b, 0xff,
    0xf8, 0x0, 0x0, 0x7f, 0xfa, 0x0, 0x0, 0x0,
    0x0, 0xaf, 0xf8, 0x0, 0x0, 0xef, 0xd0, 0x0,
    0x0, 0x0, 0x0, 0xd, 0xff, 0x0, 0x5, 0xff,
    0x50, 0x0, 0x0, 0x0, 0x0, 0x5, 0xff, 0x50,
    0x9, 0xff, 0x0, 0x0, 0x0, 0x0, 0x0, 0x0,
    0xff, 0x90, 0xb, 0xfd, 0x0, 0x0, 0x0, 0x0,
    0x0, 0x0, 0xdf, 0xc0, 0xc, 0xfb, 0x0, 0x0,
    0x0, 0x0, 0x0, 0x0, 0xbf, 0xc0, 0xb, 0xfd,
    0x0, 0x0, 0x0, 0x0, 0x0, 0x0, 0xdf, 0xc0,
    0x9, 0xff, 0x0, 0x0, 0x0, 0x0, 0x0, 0x0,
    0xff, 0x90, 0x5, 0xff, 0x50, 0x0, 0x0, 0x0,
    0x0, 0x6, 0xff, 0x50, 0x0, 0xef, 0xd0, 0x0,
    0x0, 0x0, 0x0, 0xd, 0xff, 0x0, 0x0, 0x7f,
    0xfa, 0x0, 0x0, 0x0, 0x0, 0xaf, 0xf8, 0x0,
    0x0, 0xbf, 0xff, 0xb2, 0x0, 0x0, 0x2c, 0xff,
    0xfc, 0x0, 0xa, 0xff, 0xff, 0xff, 0xca, 0xac,
    0xff, 0xff, 0xff, 0xc0, 0xb, 0xfe, 0x3a, 0xff,
    0xff, 0xff, 0xff, 0xa2, 0xdf, 0xc0, 0x0, 0xa2,
    0x0, 0x39, 0xdf, 0xfd, 0x93, 0x0, 0x1b, 0x10,

    /* U+00A5 "¥" */
    0x5f, 0xff, 0x30, 0x0, 0x0, 0x0, 0x8f, 0xff,
    0x10, 0xdf, 0xfa, 0x0, 0x0, 0x0, 0xe, 0xff,
    0x80, 0x5, 0xff, 0xf2, 0x0, 0x0, 0x6, 0xff,
    0xf1, 0x0, 0xd, 0xff, 0x90, 0x0, 0x0, 0xdf,
    0xf9, 0x0, 0x0, 0x6f, 0xff, 0x0, 0x0, 0x4f,
    0xff, 0x10, 0x0, 0x0, 0xef, 0xf7, 0x0, 0xc,
    0xff, 0x90, 0x0, 0x0, 0x6, 0xff, 0xe0, 0x3,
    0xff, 0xf2, 0x0, 0x0, 0x0, 0xe, 0xff, 0x50,
    0xaf, 0xfa, 0x0, 0x0, 0x0, 0x0, 0x7f, 0xfc,
    0x1f, 0xff, 0x20, 0x0, 0x0, 0x0, 0x0, 0xef,
    0xfb, 0xff, 0xa0, 0x0, 0x0, 0x0, 0x44, 0x4a,
    0xff, 0xff, 0xf6, 0x44, 0x20, 0x0, 0x1f, 0xff,
    0xff, 0xff, 0xff, 0xff, 0xf9, 0x0, 0x1, 0xff,
    0xff, 0xff, 0xff, 0xff, 0xff, 0x90, 0x0, 0x0,
    0x0, 0x5, 0xff, 0xf0, 0x0, 0x0, 0x0, 0x0,
    0x0, 0x0, 0x5f, 0xff, 0x0, 0x0, 0x0, 0x0,
    0x1f, 0xff, 0xff, 0xff, 0xff, 0xff, 0xf9, 0x0,
    0x1, 0xff, 0xff, 0xff, 0xff, 0xff, 0xff, 0x90,
    0x0, 0x4, 0x44, 0x47, 0xff, 0xf4, 0x44, 0x42,
    0x0, 0x0, 0x0, 0x0, 0x5f, 0xff, 0x0, 0x0,
    0x0, 0x0, 0x0, 0x0, 0x5, 0xff, 0xf0, 0x0,
    0x0, 0x0, 0x0, 0x0, 0x0, 0x5f, 0xff, 0x0,
    0x0, 0x0, 0x0, 0x0, 0x0, 0x5, 0xff, 0xf0,
    0x0, 0x0, 0x0,

    /* U+00A6 "¦" */
    0x1f, 0xfe, 0x1f, 0xfe, 0x1f, 0xfe, 0x1f, 0xfe,
    0x1f, 0xfe, 0x1f, 0xfe, 0x1f, 0xfe, 0x1f, 0xfe,
    0x1f, 0xfe, 0x1f, 0xfe, 0x4, 0x43, 0x0, 0x0,
    0x0, 0x0, 0x0, 0x0, 0x0, 0x0, 0x0, 0x0,
    0x1f, 0xfe, 0x1f, 0xfe, 0x1f, 0xfe, 0x1f, 0xfe,
    0x1f, 0xfe, 0x1f, 0xfe, 0x1f, 0xfe, 0x1f, 0xfe,
    0x1f, 0xfe, 0x1f, 0xfe, 0x5, 0x54,

    /* U+00A7 "§" */
    0x0, 0x0, 0x5b, 0xef, 0xeb, 0x50, 0x0, 0x0,
    0x0, 0xbf, 0xff, 0xff, 0xff, 0xa0, 0x0, 0x0,
    0x8f, 0xff, 0xec, 0xdf, 0xff, 0x60, 0x0, 0xe,
    0xff, 0x70, 0x0, 0x6f, 0xfe, 0x0, 0x1, 0xff,
    0xf0, 0x0, 0x0, 0xbf, 0xf3, 0x0, 0xf, 0xff,
    0x0, 0x0, 0x2, 0x30, 0x0, 0x0, 0xcf, 0xf8,
    0x0, 0x0, 0x0, 0x0, 0x0, 0x4, 0xff, 0xfb,
    0x20, 0x0, 0x0, 0x0, 0x0, 0x5, 0xff, 0xff,
    0x91, 0x0, 0x0, 0x0, 0x1b, 0xf7, 0x4b, 0xff,
    0xf7, 0x0, 0x0, 0xb, 0xf9, 0x0, 0x4, 0xdf,
    0xfd, 0x30, 0x2, 0xff, 0x60, 0x0, 0x0, 0x6e,
    0xff, 0x30, 0x4f, 0xf8, 0x0, 0x0, 0x0, 0x1e,
    0xfd, 0x2, 0xff, 0xf3, 0x0, 0x0, 0x0, 0x7f,
    0xf3, 0xc, 0xff, 0xf8, 0x0, 0x0, 0x5, 0xff,
    0x50, 0x3f, 0xff, 0xfe, 0x70, 0x0, 0xaf, 0xf3,
    0x0, 0x3d, 0xff, 0xff, 0xe8, 0xbf, 0xfb, 0x0,
    0x0, 0x7, 0xff, 0xff, 0xff, 0xfb, 0x10, 0x0,
    0x0, 0x1, 0x9f, 0xff, 0xf6, 0x0, 0x0, 0x0,
    0x0, 0x0, 0x2b, 0xff, 0xf5, 0x0, 0x0, 0x0,
    0x0, 0x0, 0x8, 0xff, 0xd0, 0x0, 0x1, 0x40,
    0x0, 0x0, 0xf, 0xff, 0x10, 0x9, 0xff, 0x60,
    0x0, 0x0, 0xef, 0xf2, 0x0, 0x5f, 0xff, 0x30,
    0x0, 0x7f, 0xff, 0x0, 0x0, 0xdf, 0xff, 0xdc,
    0xef, 0xff, 0x80, 0x0, 0x2, 0xdf, 0xff, 0xff,
    0xff, 0xa0, 0x0, 0x0, 0x0, 0x7c, 0xff, 0xeb,
    0x50, 0x0, 0x0,

    /* U+00A8 "¨" */
    0x3b, 0xa1, 0x0, 0x1a, 0xc3, 0xd, 0xff, 0xa0,
    0x9, 0xff, 0xe0, 0xef, 0xfa, 0x0, 0xaf, 0xff,
    0x5, 0xed, 0x20, 0x2, 0xde, 0x50,

    /* U+00A9 "©" */
    0x0, 0x0, 0x0, 0x2, 0x7c, 0xef, 0xed, 0x94,
    0x0, 0x0, 0x0, 0x0, 0x0, 0x0, 0x19, 0xff,
    0xff, 0xff, 0xff, 0xfd, 0x40, 0x0, 0x0, 0x0,
    0x0, 0x4e, 0xff, 0xff, 0xff, 0xff, 0xff, 0xff,
    0x90, 0x0, 0x0, 0x0, 0x5f, 0xff, 0xf9, 0x40,
    0x0, 0x27, 0xef, 0xff, 0xb0, 0x0, 0x0, 0x3f,
    0xff, 0xc2, 0x0, 0x0, 0x0, 0x0, 0x8f, 0xff,
    0x80, 0x0, 0xd, 0xff, 0xb0, 0x1, 0x7d, 0xfe,
    0xb5, 0x0, 0x5f, 0xff, 0x40, 0x6, 0xff, 0xd1,
    0x3, 0xef, 0xff, 0xff, 0xfb, 0x0, 0x8f, 0xfc,
    0x0, 0xcf, 0xf5, 0x2, 0xff, 0xff, 0xcc, 0xff,
    0xfa, 0x0, 0xef, 0xf3, 0x1f, 0xfd, 0x0, 0xbf,
    0xf9, 0x0, 0x2, 0xef, 0xf3, 0x7, 0xff, 0x85,
    0xff, 0x90, 0x1f, 0xfc, 0x0, 0x0, 0x4, 0xff,
    0x90, 0x2f, 0xfc, 0x7f, 0xf6, 0x4, 0xff, 0x50,
    0x0, 0x0, 0x0, 0x0, 0x0, 0xff, 0xd8, 0xff,
    0x50, 0x6f, 0xf4, 0x0, 0x0, 0x0, 0x0, 0x0,
    0xe, 0xff, 0x7f, 0xf6, 0x4, 0xff, 0x60, 0x0,
    0x0, 0x15, 0x52, 0x0, 0xff, 0xd5, 0xff, 0x90,
    0xf, 0xfd, 0x10, 0x0, 0x9, 0xff, 0x50, 0x2f,
    0xfc, 0x1f, 0xfd, 0x0, 0x9f, 0xfd, 0x40, 0x18,
    0xff, 0xe0, 0x7, 0xff, 0x80, 0xdf, 0xf5, 0x0,
    0xdf, 0xff, 0xff, 0xff, 0xf5, 0x0, 0xef, 0xf3,
    0x6, 0xff, 0xd1, 0x1, 0xbf, 0xff, 0xff, 0xf5,
    0x0, 0x8f, 0xfc, 0x0, 0xd, 0xff, 0xb0, 0x0,
    0x38, 0xaa, 0x71, 0x0, 0x5f, 0xff, 0x40, 0x0,
    0x3f, 0xff, 0xc2, 0x0, 0x0, 0x0, 0x0, 0x8f,
    0xff, 0x90, 0x0, 0x0, 0x5f, 0xff, 0xf9, 0x40,
    0x0, 0x27, 0xdf, 0xff, 0xb0, 0x0, 0x0, 0x0,
    0x4f, 0xff, 0xff, 0xff, 0xff, 0xff, 0xff, 0x90,
    0x0, 0x0, 0x0, 0x0, 0x1a, 0xff, 0xff, 0xff,
    0xff, 0xfd, 0x50, 0x0, 0x0, 0x0, 0x0, 0x0,
    0x2, 0x7c, 0xef, 0xed, 0x94, 0x0, 0x0, 0x0,
    0x0,

    /* U+00AA "ª" */
    0x0, 0x3, 0x9d, 0xfe, 0xc7, 0x0, 0x0, 0x7,
    0xff, 0xff, 0xff, 0xfd, 0x10, 0x3, 0xff, 0xe7,
    0x45, 0xbf, 0xf9, 0x0, 0x38, 0xb2, 0x0, 0x0,
    0xef, 0xe0, 0x0, 0x0, 0x0, 0x0, 0xe, 0xff,
    0x0, 0x0, 0x15, 0x8a, 0xcf, 0xff, 0xf0, 0x0,
    0xaf, 0xff, 0xff, 0xff, 0xff, 0x0, 0xaf, 0xfd,
    0x74, 0x20, 0xcf, 0xf0, 0xf, 0xfd, 0x0, 0x0,
    0xd, 0xff, 0x0, 0xff, 0xb0, 0x0, 0x3, 0xff,
    0xf0, 0xd, 0xff, 0x83, 0x37, 0xff, 0xff, 0x0,
    0x5f, 0xff, 0xff, 0xfc, 0xbf, 0xf0, 0x0, 0x3a,
    0xef, 0xd8, 0xb, 0xff, 0x0,

    /* U+00AB "«" */
    0x0, 0x0, 0x2, 0xff, 0xf7, 0x0, 0xdf, 0xfb,
    0x0, 0x0, 0x1, 0xef, 0xfa, 0x0, 0xbf, 0xfd,
    0x0, 0x0, 0x0, 0xcf, 0xfc, 0x0, 0x8f, 0xfe,
    0x20, 0x0, 0x0, 0x9f, 0xfe, 0x10, 0x5f, 0xff,
    0x40, 0x0, 0x0, 0x7f, 0xff, 0x30, 0x3f, 0xff,
    0x70, 0x0, 0x0, 0x4f, 0xff, 0x60, 0x1e, 0xff,
    0xa0, 0x0, 0x0, 0x2f, 0xff, 0x80, 0xc, 0xff,
    0xc0, 0x0, 0x0, 0x4, 0xff, 0xf6, 0x1, 0xef,
    0xfa, 0x0, 0x0, 0x0, 0x6, 0xff, 0xf3, 0x3,
    0xff, 0xf7, 0x0, 0x0, 0x0, 0x9, 0xff, 0xe1,
    0x5, 0xff, 0xf4, 0x0, 0x0, 0x0, 0xc, 0xff,
    0xc0, 0x8, 0xff, 0xf2, 0x0, 0x0, 0x0, 0x1d,
    0xff, 0xa0, 0xb, 0xff, 0xd1, 0x0, 0x0, 0x0,
    0x2f, 0xff, 0x70, 0xd, 0xff, 0xb0, 0x0, 0x0,
    0x0, 0x4f, 0xff, 0x40, 0x1e, 0xff, 0x80, 0x0,
    0x0, 0x0, 0x23, 0x32, 0x0, 0x13, 0x32, 0x0,

    /* U+00AC "¬" */
    0x9c, 0xcc, 0xcc, 0xcc, 0xcc, 0xcc, 0xac, 0xff,
    0xff, 0xff, 0xff, 0xff, 0xfd, 0xcf, 0xff, 0xff,
    0xff, 0xff, 0xff, 0xd0, 0x0, 0x0, 0x0, 0x0,
    0x1f, 0xfd, 0x0, 0x0, 0x0, 0x0, 0x1, 0xff,
    0xd0, 0x0, 0x0, 0x0, 0x0, 0x1f, 0xfd, 0x0,
    0x0, 0x0, 0x0, 0x1, 0xff, 0xd0,

    /* U+00AE "®" */
    0x0, 0x0, 0x0, 0x0, 0x22, 0x0, 0x0, 0x0,
    0x0, 0x0, 0x0, 0x6, 0xcf, 0xff, 0xfc, 0x50,
    0x0, 0x0, 0x0, 0x2, 0xdf, 0xff, 0xff, 0xff,
    0xfc, 0x20, 0x0, 0x0, 0x3f, 0xff, 0x83, 0x1,
    0x39, 0xff, 0xe2, 0x0, 0x1, 0xef, 0xc2, 0x11,
    0x11, 0x0, 0x2d, 0xfd, 0x0, 0x9, 0xfe, 0x11,
    0xff, 0xff, 0xf6, 0x1, 0xef, 0x80, 0xf, 0xf4,
    0x1, 0xfd, 0x45, 0xef, 0x30, 0x5f, 0xf0, 0x5f,
    0xe0, 0x1, 0xfc, 0x0, 0x9f, 0x60, 0xe, 0xf4,
    0x7f, 0xb0, 0x1, 0xfd, 0x12, 0xdf, 0x30, 0xb,
    0xf6, 0x8f, 0x90, 0x1, 0xff, 0xff, 0xf8, 0x0,
    0xa, 0xf7, 0x7f, 0xb0, 0x1, 0xfd, 0x49, 0xf7,
    0x0, 0xc, 0xf6, 0x4f, 0xe0, 0x1, 0xfc, 0x1,
    0xfe, 0x0, 0xf, 0xf3, 0xe, 0xf6, 0x1, 0xfc,
    0x0, 0x9f, 0x60, 0x7f, 0xe0, 0x7, 0xff, 0x20,
    0x21, 0x0, 0x2, 0x12, 0xff, 0x60, 0x0, 0xdf,
    0xe3, 0x0, 0x0, 0x0, 0x4e, 0xfc, 0x0, 0x0,
    0x2d, 0xff, 0xb5, 0x33, 0x6b, 0xff, 0xd1, 0x0,
    0x0, 0x1, 0xbf, 0xff, 0xff, 0xff, 0xfa, 0x0,
    0x0, 0x0, 0x0, 0x3, 0x9d, 0xff, 0xd9, 0x30,
    0x0, 0x0,

    /* U+00AF "¯" */
    0x6, 0x66, 0x66, 0x66, 0x60, 0x2f, 0xff, 0xff,
    0xff, 0xf1, 0x2f, 0xff, 0xff, 0xff, 0xf1,

    /* U+00B0 "°" */
    0x0, 0x0, 0x47, 0x73, 0x0, 0x0, 0x2, 0xdf,
    0xff, 0xfa, 0x0, 0x2, 0xef, 0xff, 0xff, 0xfb,
    0x0, 0xaf, 0xf7, 0x12, 0xbf, 0xf5, 0xf, 0xfa,
    0x0, 0x0, 0xef, 0xb2, 0xff, 0x50, 0x0, 0xa,
    0xfd, 0x1f, 0xf6, 0x0, 0x0, 0xbf, 0xc0, 0xdf,
    0xe1, 0x0, 0x4f, 0xf8, 0x6, 0xff, 0xe9, 0xaf,
    0xff, 0x20, 0x9, 0xff, 0xff, 0xff, 0x50, 0x0,
    0x5, 0xcf, 0xea, 0x30, 0x0,

    /* U+00B1 "±" */
    0x0, 0x0, 0x0, 0x7f, 0xf7, 0x0, 0x0, 0x0,
    0x0, 0x0, 0x0, 0x7f, 0xf7, 0x0, 0x0, 0x0,
    0x0, 0x0, 0x0, 0x7f, 0xf7, 0x0, 0x0, 0x0,
    0x0, 0x0, 0x0, 0x7f, 0xf7, 0x0, 0x0, 0x0,
    0x1d, 0xdd, 0xdd, 0xef, 0xfe, 0xdd, 0xdd, 0xd1,
    0x1f, 0xff, 0xff, 0xff, 0xff, 0xff, 0xff, 0xf1,
    0x1f, 0xff, 0xff, 0xff, 0xff, 0xff, 0xff, 0xf1,
    0x0, 0x0, 0x0, 0x7f, 0xf7, 0x0, 0x0, 0x0,
    0x0, 0x0, 0x0, 0x7f, 0xf7, 0x0, 0x0, 0x0,
    0x0, 0x0, 0x0, 0x7f, 0xf7, 0x0, 0x0, 0x0,
    0x0, 0x0, 0x0, 0x7f, 0xf7, 0x0, 0x0, 0x0,
    0x0, 0x0, 0x0, 0x25, 0x52, 0x0, 0x0, 0x0,
    0x0, 0x0, 0x0, 0x0, 0x0, 0x0, 0x0, 0x0,
    0x1e, 0xee, 0xee, 0xee, 0xee, 0xee, 0xee, 0xe1,
    0x1f, 0xff, 0xff, 0xff, 0xff, 0xff, 0xff, 0xf1,
    0x1f, 0xff, 0xff, 0xff, 0xff, 0xff, 0xff, 0xf1,

    /* U+00B2 "²" */
    0x0, 0x4b, 0xef, 0xeb, 0x50, 0x0, 0x7f, 0xff,
    0xff, 0xff, 0x90, 0x2f, 0xfe, 0x64, 0x6e, 0xff,
    0x45, 0xff, 0x60, 0x0, 0x5f, 0xf8, 0x0, 0x0,
    0x0, 0x5, 0xff, 0x70, 0x0, 0x0, 0x1, 0xef,
    0xf2, 0x0, 0x0, 0x2, 0xef, 0xf8, 0x0, 0x0,
    0x4, 0xff, 0xf9, 0x0, 0x0, 0x6, 0xff, 0xf6,
    0x0, 0x0, 0x9, 0xff, 0xe3, 0x0, 0x0, 0xb,
    0xff, 0xf7, 0x66, 0x66, 0x54, 0xff, 0xff, 0xff,
    0xff, 0xfe, 0x4f, 0xff, 0xff, 0xff, 0xff, 0xe0,

    /* U+00B3 "³" */
    0x0, 0x18, 0xdf, 0xfc, 0x60, 0x0, 0x3, 0xef,
    0xff, 0xff, 0xfb, 0x0, 0xd, 0xff, 0x95, 0x6d,
    0xff, 0x60, 0x2f, 0xfa, 0x0, 0x2, 0xff, 0xa0,
    0x0, 0x0, 0x0, 0x2, 0xff, 0xa0, 0x0, 0x0,
    0x0, 0x2b, 0xff, 0x30, 0x0, 0x0, 0xbf, 0xff,
    0xa3, 0x0, 0x0, 0x0, 0x9e, 0xff, 0xfb, 0x20,
    0x0, 0x0, 0x0, 0x5, 0xff, 0xe0, 0x37, 0x73,
    0x0, 0x0, 0xdf, 0xf3, 0x4f, 0xff, 0x85, 0x6b,
    0xff, 0xf1, 0x8, 0xff, 0xff, 0xff, 0xff, 0x60,
    0x0, 0x4a, 0xef, 0xed, 0x82, 0x0,

    /* U+00B4 "´" */
    0x0, 0x48, 0x85, 0x0, 0xef, 0xf3, 0x6, 0xff,
    0x80, 0xd, 0xfd, 0x0, 0x4f, 0xf4, 0x0,

    /* U+00B5 "µ" */
    0xdf, 0xf6, 0x0, 0x0, 0x0, 0x5f, 0xfe, 0x0,
    0xdf, 0xf6, 0x0, 0x0, 0x0, 0x5f, 0xfe, 0x0,
    0xdf, 0xf6, 0x0, 0x0, 0x0, 0x5f, 0xfe, 0x0,
    0xdf, 0xf6, 0x0, 0x0, 0x0, 0x5f, 0xfe, 0x0,
    0xdf, 0xf6, 0x0, 0x0, 0x0, 0x5f, 0xfe, 0x0,
    0xdf, 0xf6, 0x0, 0x0, 0x0, 0x5f, 0xfe, 0x0,
    0xdf, 0xf6, 0x0, 0x0, 0x0, 0x5f, 0xfe, 0x0,
    0xdf, 0xf6, 0x0, 0x0, 0x0, 0x5f, 0xfe, 0x0,
    0xdf, 0xf6, 0x0, 0x0, 0x0, 0x5f, 0xfe, 0x0,
    0xdf, 0xf6, 0x0, 0x0, 0x0, 0x5f, 0xfe, 0x0,
    0xdf, 0xf6, 0x0, 0x0, 0x0, 0x5f, 0xfe, 0x0,
    0xdf, 0xf8, 0x0, 0x0, 0x0, 0x7f, 0xfe, 0x0,
    0xdf, 0xfd, 0x0, 0x0, 0x0, 0xbf, 0xfe, 0x0,
    0xdf, 0xff, 0x90, 0x0, 0x8, 0xff, 0xff, 0x0,
    0xdf, 0xff, 0xfe, 0xaa, 0xdf, 0xdf, 0xff, 0xc7,
    0xdf, 0xf8, 0xff, 0xff, 0xff, 0x48, 0xff, 0xfd,
    0xdf, 0xf6, 0x2a, 0xef, 0xb3, 0x0, 0x7d, 0xfd,
    0xdf, 0xf6, 0x0, 0x0, 0x0, 0x0, 0x0, 0x0,
    0xdf, 0xf6, 0x0, 0x0, 0x0, 0x0, 0x0, 0x0,
    0xdf, 0xf6, 0x0, 0x0, 0x0, 0x0, 0x0, 0x0,
    0xdf, 0xf6, 0x0, 0x0, 0x0, 0x0, 0x0, 0x0,
    0xdf, 0xf6, 0x0, 0x0, 0x0, 0x0, 0x0, 0x0,
    0xdf, 0xf6, 0x0, 0x0, 0x0, 0x0, 0x0, 0x0,

    /* U+00B6 "¶" */
    0x0, 0x0, 0x5b, 0xdf, 0xff, 0xff, 0xff, 0xa0,
    0x2, 0xdf, 0xff, 0xff, 0xff, 0xff, 0xfa, 0x1,
    0xef, 0xff, 0xff, 0xfd, 0xde, 0xff, 0xa0, 0xbf,
    0xff, 0xff, 0xff, 0x0, 0x6f, 0xfa, 0x2f, 0xff,
    0xff, 0xff, 0xf0, 0x6, 0xff, 0xa6, 0xff, 0xff,
    0xff, 0xff, 0x0, 0x6f, 0xfa, 0x7f, 0xff, 0xff,
    0xff, 0xf0, 0x6, 0xff, 0xa7, 0xff, 0xff, 0xff,
    0xff, 0x0, 0x6f, 0xfa, 0x5f, 0xff, 0xff, 0xff,
    0xf0, 0x6, 0xff, 0xa1, 0xff, 0xff, 0xff, 0xff,
    0x0, 0x6f, 0xfa, 0xa, 0xff, 0xff, 0xff, 0xf0,
    0x6, 0xff, 0xa0, 0x1e, 0xff, 0xff, 0xff, 0x0,
    0x6f, 0xfa, 0x0, 0x1c, 0xff, 0xff, 0xf0, 0x6,
    0xff, 0xa0, 0x0, 0x3, 0x9b, 0xdd, 0x0, 0x6f,
    0xfa, 0x0, 0x0, 0x0, 0x0, 0x0, 0x6, 0xff,
    0xa0, 0x0, 0x0, 0x0, 0x0, 0x0, 0x6f, 0xfa,
    0x0, 0x0, 0x0, 0x0, 0x0, 0x6, 0xff, 0xa0,
    0x0, 0x0, 0x0, 0x0, 0x0, 0x6f, 0xfa, 0x0,
    0x0, 0x0, 0x0, 0x0, 0x6, 0xff, 0xa0, 0x0,
    0x0, 0x0, 0x0, 0x0, 0x6f, 0xfa, 0x0, 0x0,
    0x0, 0x0, 0x0, 0x6, 0xff, 0xa0, 0x0, 0x0,
    0x0, 0x0, 0x0, 0x6f, 0xfa,

    /* U+00B7 "·" */
    0x2, 0x62, 0x2, 0xff, 0xf4, 0x8f, 0xff, 0xa7,
    0xff, 0xf8, 0xa, 0xfb, 0x10,

    /* U+00B8 "¸" */
    0x6, 0xf2, 0x0, 0x8, 0xf2, 0x0, 0xb, 0xfe,
    0xb2, 0x5, 0x6b, 0xfb, 0x0, 0x3, 0xfe, 0x3a,
    0xae, 0xfb, 0x5f, 0xfe, 0xa1,

    /* U+00B9 "¹" */
    0x0, 0x5e, 0xff, 0xa1, 0xaf, 0xff, 0xfa, 0x7f,
    0xfd, 0xff, 0xa7, 0xe5, 0x3f, 0xfa, 0x31, 0x3,
    0xff, 0xa0, 0x0, 0x3f, 0xfa, 0x0, 0x3, 0xff,
    0xa0, 0x0, 0x3f, 0xfa, 0x0, 0x3, 0xff, 0xa0,
    0x0, 0x3f, 0xfa, 0x0, 0x3, 0xff, 0xa0, 0x0,
    0x3f, 0xfa, 0x0, 0x3, 0xff, 0xa0,

    /* U+00BA "º" */
    0x0, 0x6, 0xce, 0xfd, 0x92, 0x0, 0x0, 0x1c,
    0xff, 0xff, 0xff, 0xf6, 0x0, 0xb, 0xff, 0xd7,
    0x59, 0xff, 0xf4, 0x4, 0xff, 0xd0, 0x0, 0x4,
    0xff, 0xd0, 0xaf, 0xf5, 0x0, 0x0, 0xc, 0xff,
    0x3d, 0xff, 0x10, 0x0, 0x0, 0x8f, 0xf5, 0xef,
    0xf0, 0x0, 0x0, 0x6, 0xff, 0x7d, 0xff, 0x10,
    0x0, 0x0, 0x8f, 0xf5, 0xaf, 0xf5, 0x0, 0x0,
    0xc, 0xff, 0x34, 0xff, 0xd0, 0x0, 0x5, 0xff,
    0xd0, 0xb, 0xff, 0xd7, 0x69, 0xff, 0xf4, 0x0,
    0x1c, 0xff, 0xff, 0xff, 0xf6, 0x0, 0x0, 0x6,
    0xce, 0xfd, 0x92, 0x0, 0x0,

    /* U+00BB "»" */
    0x7f, 0xff, 0x20, 0x3f, 0xff, 0x60, 0x0, 0x0,
    0xa, 0xff, 0xe1, 0x6, 0xff, 0xf3, 0x0, 0x0,
    0x0, 0xcf, 0xfc, 0x0, 0x9f, 0xfe, 0x10, 0x0,
    0x0, 0x1e, 0xff, 0x90, 0xb, 0xff, 0xd0, 0x0,
    0x0, 0x3, 0xff, 0xf7, 0x1, 0xdf, 0xfa, 0x0,
    0x0, 0x0, 0x6f, 0xff, 0x40, 0x2f, 0xff, 0x80,
    0x0, 0x0, 0x9, 0xff, 0xf2, 0x5, 0xff, 0xf5,
    0x0, 0x0, 0x6, 0xff, 0xf4, 0x3, 0xff, 0xf7,
    0x0, 0x0, 0x3f, 0xff, 0x60, 0x1e, 0xff, 0xa0,
    0x0, 0x1, 0xef, 0xf9, 0x0, 0xcf, 0xfc, 0x0,
    0x0, 0xd, 0xff, 0xc0, 0x9, 0xff, 0xe1, 0x0,
    0x0, 0xaf, 0xfd, 0x10, 0x6f, 0xff, 0x30, 0x0,
    0x7, 0xff, 0xf2, 0x4, 0xff, 0xf5, 0x0, 0x0,
    0x4f, 0xff, 0x40, 0x2e, 0xff, 0x80, 0x0, 0x0,
    0x23, 0x32, 0x0, 0x13, 0x32, 0x0, 0x0, 0x0,

    /* U+00BC "¼" */
    0x0, 0x24, 0x42, 0x0, 0x0, 0x0, 0x0, 0x0,
    0x4, 0x41, 0x0, 0x0, 0x7f, 0xff, 0x90, 0x0,
    0x0, 0x0, 0x0, 0xa, 0xfe, 0x10, 0x0, 0xaf,
    0xff, 0xf9, 0x0, 0x0, 0x0, 0x0, 0x4, 0xff,
    0x50, 0x0, 0xe, 0xe4, 0xff, 0x90, 0x0, 0x0,
    0x0, 0x1, 0xef, 0xa0, 0x0, 0x0, 0xa1, 0xf,
    0xf9, 0x0, 0x0, 0x0, 0x0, 0xaf, 0xe1, 0x0,
    0x0, 0x0, 0x0, 0xff, 0x90, 0x0, 0x0, 0x0,
    0x5f, 0xf5, 0x0, 0x0, 0x0, 0x0, 0xf, 0xf9,
    0x0, 0x0, 0x0, 0x1e, 0xfa, 0x0, 0x0, 0x0,
    0x0, 0x0, 0xff, 0x90, 0x0, 0x0, 0xa, 0xfe,
    0x10, 0x0, 0x0, 0x0, 0x0, 0xf, 0xf9, 0x0,
    0x0, 0x5, 0xff, 0x50, 0x0, 0x0, 0x0, 0x0,
    0x0, 0xff, 0x90, 0x0, 0x1, 0xef, 0xa0, 0x0,
    0x0, 0x0, 0x0, 0x0, 0xf, 0xf9, 0x0, 0x0,
    0xaf, 0xe1, 0x0, 0x0, 0x22, 0x20, 0x0, 0x0,
    0xff, 0x90, 0x0, 0x5f, 0xf4, 0x0, 0x0, 0xbf,
    0xfe, 0x0, 0x0, 0xf, 0xf9, 0x0, 0x1e, 0xf9,
    0x0, 0x0, 0x4f, 0xff, 0xe0, 0x0, 0x0, 0x0,
    0x0, 0xb, 0xfe, 0x0, 0x0, 0xd, 0xff, 0xfe,
    0x0, 0x0, 0x0, 0x0, 0x6, 0xff, 0x40, 0x0,
    0x7, 0xfe, 0x9f, 0xe0, 0x0, 0x0, 0x0, 0x1,
    0xff, 0x90, 0x0, 0x1, 0xff, 0x68, 0xfe, 0x0,
    0x0, 0x0, 0x0, 0xbf, 0xd0, 0x0, 0x0, 0xaf,
    0xd0, 0x8f, 0xe0, 0x0, 0x0, 0x0, 0x6f, 0xf4,
    0x0, 0x0, 0x3f, 0xf4, 0x8, 0xfe, 0x0, 0x0,
    0x0, 0x2f, 0xf9, 0x0, 0x0, 0xc, 0xfc, 0x22,
    0x9f, 0xe2, 0x0, 0x0, 0xb, 0xfd, 0x0, 0x0,
    0x0, 0xff, 0xff, 0xff, 0xff, 0xf5, 0x0, 0x6,
    0xff, 0x30, 0x0, 0x0, 0xf, 0xff, 0xff, 0xff,
    0xff, 0x50, 0x2, 0xff, 0x80, 0x0, 0x0, 0x0,
    0x0, 0x0, 0x9, 0xfe, 0x0, 0x0, 0xcf, 0xd0,
    0x0, 0x0, 0x0, 0x0, 0x0, 0x0, 0x9f, 0xe0,
    0x0,

    /* U+00BD "½" */
    0x0, 0x24, 0x42, 0x0, 0x0, 0x0, 0x0, 0x0,
    0x4, 0x41, 0x0, 0x0, 0x7, 0xff, 0xf9, 0x0,
    0x0, 0x0, 0x0, 0x0, 0xaf, 0xe1, 0x0, 0x0,
    0xaf, 0xff, 0xf9, 0x0, 0x0, 0x0, 0x0, 0x4,
    0xff, 0x50, 0x0, 0x0, 0xee, 0x4f, 0xf9, 0x0,
    0x0, 0x0, 0x0, 0x1e, 0xfa, 0x0, 0x0, 0x0,
    0xa1, 0xf, 0xf9, 0x0, 0x0, 0x0, 0x0, 0xaf,
    0xe1, 0x0, 0x0, 0x0, 0x0, 0xf, 0xf9, 0x0,
    0x0, 0x0, 0x5, 0xff, 0x50, 0x0, 0x0, 0x0,
    0x0, 0xf, 0xf9, 0x0, 0x0, 0x0, 0x1e, 0xfa,
    0x0, 0x0, 0x0, 0x0, 0x0, 0xf, 0xf9, 0x0,
    0x0, 0x0, 0xaf, 0xe1, 0x0, 0x0, 0x0, 0x0,
    0x0, 0xf, 0xf9, 0x0, 0x0, 0x5, 0xff, 0x50,
    0x0, 0x0, 0x0, 0x0, 0x0, 0xf, 0xf9, 0x0,
    0x0, 0x1e, 0xfa, 0x0, 0x0, 0x0, 0x0, 0x0,
    0x0, 0xf, 0xf9, 0x0, 0x0, 0xaf, 0xe1, 0x0,
    0x0, 0x33, 0x10, 0x0, 0x0, 0xf, 0xf9, 0x0,
    0x5, 0xff, 0x40, 0x0, 0x8f, 0xff, 0xfa, 0x10,
    0x0, 0xf, 0xf9, 0x0, 0x1e, 0xf9, 0x0, 0x8,
    0xff, 0xff, 0xff, 0xc0, 0x0, 0x0, 0x0, 0x0,
    0xbf, 0xe0, 0x0, 0xe, 0xfc, 0x11, 0xaf, 0xf3,
    0x0, 0x0, 0x0, 0x6, 0xff, 0x40, 0x0, 0x4,
    0x42, 0x0, 0x4f, 0xf3, 0x0, 0x0, 0x0, 0x1f,
    0xf9, 0x0, 0x0, 0x0, 0x0, 0x0, 0x8f, 0xe0,
    0x0, 0x0, 0x0, 0xbf, 0xd0, 0x0, 0x0, 0x0,
    0x0, 0x4, 0xff, 0x50, 0x0, 0x0, 0x6, 0xff,
    0x40, 0x0, 0x0, 0x0, 0x0, 0x4f, 0xf9, 0x0,
    0x0, 0x0, 0x2f, 0xf9, 0x0, 0x0, 0x0, 0x0,
    0x3, 0xff, 0xb0, 0x0, 0x0, 0x0, 0xbf, 0xd0,
    0x0, 0x0, 0x0, 0x0, 0x3f, 0xfc, 0x0, 0x0,
    0x0, 0x6, 0xff, 0x30, 0x0, 0x0, 0x0, 0x3,
    0xff, 0xf5, 0x44, 0x41, 0x0, 0x2f, 0xf8, 0x0,
    0x0, 0x0, 0x0, 0xd, 0xff, 0xff, 0xff, 0xf7,
    0x0, 0xcf, 0xd0, 0x0, 0x0, 0x0, 0x0, 0xd,
    0xff, 0xff, 0xff, 0xf7,

    /* U+00BE "¾" */
    0x0, 0x6c, 0xff, 0xc4, 0x0, 0x0, 0x0, 0x0,
    0x0, 0x2f, 0xf8, 0x0, 0x0, 0xbf, 0xff, 0xff,
    0xf4, 0x0, 0x0, 0x0, 0x0, 0xc, 0xfd, 0x0,
    0x0, 0x4f, 0xf9, 0x24, 0xef, 0xc0, 0x0, 0x0,
    0x0, 0x6, 0xff, 0x40, 0x0, 0x1, 0x22, 0x0,
    0xa, 0xfe, 0x0, 0x0, 0x0, 0x1, 0xff, 0x90,
    0x0, 0x0, 0x0, 0x0, 0x3, 0xef, 0x90, 0x0,
    0x0, 0x0, 0xbf, 0xe0, 0x0, 0x0, 0x0, 0x0,
    0x9f, 0xff, 0x90, 0x0, 0x0, 0x0, 0x5f, 0xf4,
    0x0, 0x0, 0x0, 0x0, 0x9, 0xff, 0xfc, 0x30,
    0x0, 0x0, 0x1e, 0xfa, 0x0, 0x0, 0x0, 0x0,
    0x0, 0x0, 0x2d, 0xff, 0x10, 0x0, 0xa, 0xfe,
    0x10, 0x0, 0x0, 0x0, 0x0, 0x0, 0x0, 0x5f,
    0xf5, 0x0, 0x5, 0xff, 0x50, 0x0, 0x0, 0x0,
    0x1, 0x32, 0x0, 0x6, 0xff, 0x60, 0x1, 0xef,
    0xa0, 0x0, 0x0, 0x0, 0x0, 0x8f, 0xf9, 0x45,
    0xef, 0xf2, 0x0, 0xaf, 0xe1, 0x0, 0x0, 0x33,
    0x30, 0x1, 0xef, 0xff, 0xff, 0xf7, 0x0, 0x4f,
    0xf5, 0x0, 0x0, 0x6f, 0xff, 0x30, 0x1, 0x8d,
    0xff, 0xc5, 0x0, 0xe, 0xfb, 0x0, 0x0, 0xe,
    0xff, 0xf3, 0x0, 0x0, 0x0, 0x0, 0x0, 0x9,
    0xff, 0x10, 0x0, 0x8, 0xff, 0xff, 0x30, 0x0,
    0x0, 0x0, 0x0, 0x3, 0xff, 0x60, 0x0, 0x2,
    0xff, 0x6f, 0xf3, 0x0, 0x0, 0x0, 0x0, 0x0,
    0xdf, 0xc0, 0x0, 0x0, 0xbf, 0xb2, 0xff, 0x30,
    0x0, 0x0, 0x0, 0x0, 0x8f, 0xf2, 0x0, 0x0,
    0x4f, 0xf2, 0x2f, 0xf3, 0x0, 0x0, 0x0, 0x0,
    0x3f, 0xf7, 0x0, 0x0, 0xd, 0xf9, 0x2, 0xff,
    0x30, 0x0, 0x0, 0x0, 0xd, 0xfc, 0x0, 0x0,
    0x7, 0xff, 0x42, 0x4f, 0xf5, 0x10, 0x0, 0x0,
    0x8, 0xff, 0x20, 0x0, 0x0, 0xbf, 0xff, 0xff,
    0xff, 0xfa, 0x0, 0x0, 0x2, 0xff, 0x80, 0x0,
    0x0, 0xb, 0xff, 0xff, 0xff, 0xff, 0xa0, 0x0,
    0x0, 0xcf, 0xd0, 0x0, 0x0, 0x0, 0x0, 0x0,
    0x3, 0xff, 0x30, 0x0, 0x0, 0x7f, 0xf3, 0x0,
    0x0, 0x0, 0x0, 0x0, 0x0, 0x3f, 0xf3, 0x0,

    /* U+00BF "¿" */
    0x0, 0x0, 0x0, 0xaf, 0xc1, 0x0, 0x0, 0x0,
    0x0, 0x6, 0xff, 0xfa, 0x0, 0x0, 0x0, 0x0,
    0x8, 0xff, 0xfb, 0x0, 0x0, 0x0, 0x0, 0x2,
    0xef, 0xf5, 0x0, 0x0, 0x0, 0x0, 0x0, 0x15,
    0x20, 0x0, 0x0, 0x0, 0x0, 0x0, 0x0, 0x0,
    0x0, 0x0, 0x0, 0x0, 0x0, 0x0, 0x0, 0x0,
    0x0, 0x0, 0x0, 0x0, 0xef, 0xf2, 0x0, 0x0,
    0x0, 0x0, 0x0, 0xff, 0xf1, 0x0, 0x0, 0x0,
    0x0, 0x4, 0xff, 0xf0, 0x0, 0x0, 0x0, 0x0,
    0x1d, 0xff, 0xb0, 0x0, 0x0, 0x0, 0x4, 0xef,
    0xff, 0x30, 0x0, 0x0, 0x0, 0x7f, 0xff, 0xf5,
    0x0, 0x0, 0x0, 0x6, 0xff, 0xfd, 0x20, 0x0,
    0x0, 0x0, 0xe, 0xff, 0xc0, 0x0, 0x0, 0x0,
    0x0, 0x5f, 0xff, 0x20, 0x0, 0x0, 0x0, 0x0,
    0x7f, 0xfd, 0x0, 0x0, 0x0, 0x11, 0x11, 0x7f,
    0xfd, 0x0, 0x0, 0x0, 0xcf, 0xf8, 0x5f, 0xff,
    0x20, 0x0, 0x2, 0xff, 0xf6, 0xf, 0xff, 0xd3,
    0x0, 0x2d, 0xff, 0xf0, 0x6, 0xff, 0xff, 0xee,
    0xff, 0xff, 0x60, 0x0, 0x7f, 0xff, 0xff, 0xff,
    0xf7, 0x0, 0x0, 0x2, 0x9d, 0xff, 0xd9, 0x20,
    0x0,

    /* U+00C0 "À" */
    0x0, 0x0, 0x0, 0x2f, 0xff, 0x10, 0x0, 0x0,
    0x0, 0x0, 0x0, 0x0, 0x0, 0x0, 0x8f, 0xf8,
    0x0, 0x0, 0x0, 0x0, 0x0, 0x0, 0x0, 0x0,
    0x0, 0xdf, 0xe0, 0x0, 0x0, 0x0, 0x0, 0x0,
    0x0, 0x0, 0x0, 0x3, 0xff, 0x70, 0x0, 0x0,
    0x0, 0x0, 0x0, 0x0, 0x0, 0x0, 0x5, 0x76,
    0x0, 0x0, 0x0, 0x0, 0x0, 0x0, 0x0, 0x0,
    0x0, 0x0, 0x0, 0x0, 0x0, 0x0, 0x0, 0x0,
    0x0, 0x0, 0x0, 0x0, 0x0, 0x0, 0x0, 0x0,
    0x0, 0x0, 0x0, 0x0, 0x0, 0xa, 0xff, 0xfc,
    0x0, 0x0, 0x0, 0x0, 0x0, 0x0, 0x0, 0x0,
    0xff, 0xff, 0xf2, 0x0, 0x0, 0x0, 0x0, 0x0,
    0x0, 0x0, 0x5f, 0xff, 0xff, 0x80, 0x0, 0x0,
    0x0, 0x0, 0x0, 0x0, 0xb, 0xff, 0x7f, 0xfd,
    0x0, 0x0, 0x0, 0x0, 0x0, 0x0, 0x1, 0xff,
    0xf0, 0xef, 0xf3, 0x0, 0x0, 0x0, 0x0, 0x0,
    0x0, 0x6f, 0xfb, 0x9, 0xff, 0x90, 0x0, 0x0,
    0x0, 0x0, 0x0, 0xc, 0xff, 0x60, 0x5f, 0xfe,
    0x0, 0x0, 0x0, 0x0, 0x0, 0x2, 0xff, 0xf2,
    0x0, 0xff, 0xf4, 0x0, 0x0, 0x0, 0x0, 0x0,
    0x7f, 0xfd, 0x0, 0xb, 0xff, 0xa0, 0x0, 0x0,
    0x0, 0x0, 0xd, 0xff, 0x80, 0x0, 0x5f, 0xff,
    0x0, 0x0, 0x0, 0x0, 0x3, 0xff, 0xf2, 0x0,
    0x0, 0xff, 0xf6, 0x0, 0x0, 0x0, 0x0, 0x8f,
    0xfd, 0x0, 0x0, 0xa, 0xff, 0xb0, 0x0, 0x0,
    0x0, 0xe, 0xff, 0x70, 0x0, 0x0, 0x5f, 0xff,
    0x10, 0x0, 0x0, 0x4, 0xff, 0xfe, 0xdd, 0xdd,
    0xdd, 0xff, 0xf7, 0x0, 0x0, 0x0, 0x9f, 0xff,
    0xff, 0xff, 0xff, 0xff, 0xff, 0xd0, 0x0, 0x0,
    0xe, 0xff, 0xff, 0xff, 0xff, 0xff, 0xff, 0xff,
    0x20, 0x0, 0x4, 0xff, 0xf2, 0x0, 0x0, 0x0,
    0x0, 0xef, 0xf8, 0x0, 0x0, 0xaf, 0xfd, 0x0,
    0x0, 0x0, 0x0, 0x9, 0xff, 0xe0, 0x0, 0xf,
    0xff, 0x70, 0x0, 0x0, 0x0, 0x0, 0x4f, 0xff,
    0x40, 0x5, 0xff, 0xf2, 0x0, 0x0, 0x0, 0x0,
    0x0, 0xef, 0xf9, 0x0, 0xbf, 0xfd, 0x0, 0x0,
    0x0, 0x0, 0x0, 0x9, 0xff, 0xf0, 0x1f, 0xff,
    0x80, 0x0, 0x0, 0x0, 0x0, 0x0, 0x4f, 0xff,
    0x50,

    /* U+00C1 "Á" */
    0x0, 0x0, 0x0, 0x0, 0x0, 0xd, 0xff, 0x50,
    0x0, 0x0, 0x0, 0x0, 0x0, 0x0, 0x0, 0x5,
    0xff, 0xb0, 0x0, 0x0, 0x0, 0x0, 0x0, 0x0,
    0x0, 0x0, 0xcf, 0xf1, 0x0, 0x0, 0x0, 0x0,
    0x0, 0x0, 0x0, 0x0, 0x4f, 0xf6, 0x0, 0x0,
    0x0, 0x0, 0x0, 0x0, 0x0, 0x0, 0x4, 0x77,
    0x0, 0x0, 0x0, 0x0, 0x0, 0x0, 0x0, 0x0,
    0x0, 0x0, 0x0, 0x0, 0x0, 0x0, 0x0, 0x0,
    0x0, 0x0, 0x0, 0x0, 0x0, 0x0, 0x0, 0x0,
    0x0, 0x0, 0x0, 0x0, 0x0, 0xa, 0xff, 0xfc,
    0x0, 0x0, 0x0, 0x0, 0x0, 0x0, 0x0, 0x0,
    0xff, 0xff, 0xf2, 0x0, 0x0, 0x0, 0x0, 0x0,
    0x0, 0x0, 0x5f, 0xff, 0xff, 0x80, 0x0, 0x0,
    0x0, 0x0, 0x0, 0x0, 0xb, 0xff, 0x7f, 0xfd,
    0x0, 0x0, 0x0, 0x0, 0x0, 0x0, 0x1, 0xff,
    0xf0, 0xef, 0xf3, 0x0, 0x0, 0x0, 0x0, 0x0,
    0x0, 0x6f, 0xfb, 0x9, 0xff, 0x90, 0x0, 0x0,
    0x0, 0x0, 0x0, 0xc, 0xff, 0x60, 0x5f, 0xfe,
    0x0, 0x0, 0x0, 0x0, 0x0, 0x2, 0xff, 0xf2,
    0x0, 0xff, 0xf4, 0x0, 0x0, 0x0, 0x0, 0x0,
    0x7f, 0xfd, 0x0, 0xb, 0xff, 0xa0, 0x0, 0x0,
    0x0, 0x0, 0xd, 0xff, 0x80, 0x0, 0x5f, 0xff,
    0x0, 0x0, 0x0, 0x0, 0x3, 0xff, 0xf2, 0x0,
    0x0, 0xff, 0xf6, 0x0, 0x0, 0x0, 0x0, 0x8f,
    0xfd, 0x0, 0x0, 0xa, 0xff, 0xb0, 0x0, 0x0,
    0x0, 0xe, 0xff, 0x70, 0x0, 0x0, 0x5f, 0xff,
    0x10, 0x0, 0x0, 0x4, 0xff, 0xfe, 0xdd, 0xdd,
    0xdd, 0xff, 0xf7, 0x0, 0x0, 0x0, 0x9f, 0xff,
    0xff, 0xff, 0xff, 0xff, 0xff, 0xd0, 0x0, 0x0,
    0xe, 0xff, 0xff, 0xff, 0xff, 0xff, 0xff, 0xff,
    0x20, 0x0, 0x4, 0xff, 0xf2, 0x0, 0x0, 0x0,
    0x0, 0xef, 0xf8, 0x0, 0x0, 0xaf, 0xfd, 0x0,
    0x0, 0x0, 0x0, 0x9, 0xff, 0xe0, 0x0, 0xf,
    0xff, 0x70, 0x0, 0x0, 0x0, 0x0, 0x4f, 0xff,
    0x40, 0x5, 0xff, 0xf2, 0x0, 0x0, 0x0, 0x0,
    0x0, 0xef, 0xf9, 0x0, 0xbf, 0xfd, 0x0, 0x0,
    0x0, 0x0, 0x0, 0x9, 0xff, 0xf0, 0x1f, 0xff,
    0x80, 0x0, 0x0, 0x0, 0x0, 0x0, 0x4f, 0xff,
    0x50,

    /* U+00C2 "Â" */
    0x0, 0x0, 0x0, 0x0, 0x4f, 0xff, 0x70, 0x0,
    0x0, 0x0, 0x0, 0x0, 0x0, 0x0, 0x4f, 0xfd,
    0xff, 0x60, 0x0, 0x0, 0x0, 0x0, 0x0, 0x0,
    0x3f, 0xfc, 0x9, 0xff, 0x50, 0x0, 0x0, 0x0,
    0x0, 0x0, 0x2e, 0xfd, 0x10, 0xb, 0xff, 0x40,
    0x0, 0x0, 0x0, 0x0, 0x0, 0x0, 0x0, 0x0,
    0x0, 0x0, 0x0, 0x0, 0x0, 0x0, 0x0, 0x0,
    0x0, 0x0, 0x0, 0x0, 0x0, 0x0, 0x0, 0x0,
    0x0, 0x0, 0x0, 0x0, 0x0, 0x0, 0x0, 0x0,
    0x0, 0x0, 0x0, 0x0, 0x0, 0xa, 0xff, 0xfc,
    0x0, 0x0, 0x0, 0x0, 0x0, 0x0, 0x0, 0x0,
    0xff, 0xff, 0xf2, 0x0, 0x0, 0x0, 0x0, 0x0,
    0x0, 0x0, 0x5f, 0xff, 0xff, 0x80, 0x0, 0x0,
    0x0, 0x0, 0x0, 0x0, 0xb, 0xff, 0x7f, 0xfd,
    0x0, 0x0, 0x0, 0x0, 0x0, 0x0, 0x1, 0xff,
    0xf0, 0xef, 0xf3, 0x0, 0x0, 0x0, 0x0, 0x0,
    0x0, 0x6f, 0xfb, 0x9, 0xff, 0x90, 0x0, 0x0,
    0x0, 0x0, 0x0, 0xc, 0xff, 0x60, 0x5f, 0xfe,
    0x0, 0x0, 0x0, 0x0, 0x0, 0x2, 0xff, 0xf2,
    0x0, 0xff, 0xf4, 0x0, 0x0, 0x0, 0x0, 0x0,
    0x7f, 0xfd, 0x0, 0xb, 0xff, 0xa0, 0x0, 0x0,
    0x0, 0x0, 0xd, 0xff, 0x80, 0x0, 0x5f, 0xff,
    0x0, 0x0, 0x0, 0x0, 0x3, 0xff, 0xf2, 0x0,
    0x0, 0xff, 0xf6, 0x0, 0x0, 0x0, 0x0, 0x8f,
    0xfd, 0x0, 0x0, 0xa, 0xff, 0xb0, 0x0, 0x0,
    0x0, 0xe, 0xff, 0x70, 0x0, 0x0, 0x5f, 0xff,
    0x10, 0x0, 0x0, 0x4, 0xff, 0xfe, 0xdd, 0xdd,
    0xdd, 0xff, 0xf7, 0x0, 0x0, 0x0, 0x9f, 0xff,
    0xff, 0xff, 0xff, 0xff, 0xff, 0xd0, 0x0, 0x0,
    0xe, 0xff, 0xff, 0xff, 0xff, 0xff, 0xff, 0xff,
    0x20, 0x0, 0x4, 0xff, 0xf2, 0x0, 0x0, 0x0,
    0x0, 0xef, 0xf8, 0x0, 0x0, 0xaf, 0xfd, 0x0,
    0x0, 0x0, 0x0, 0x9, 0xff, 0xe0, 0x0, 0xf,
    0xff, 0x70, 0x0, 0x0, 0x0, 0x0, 0x4f, 0xff,
    0x40, 0x5, 0xff, 0xf2, 0x0, 0x0, 0x0, 0x0,
    0x0, 0xef, 0xf9, 0x0, 0xbf, 0xfd, 0x0, 0x0,
    0x0, 0x0, 0x0, 0x9, 0xff, 0xf0, 0x1f, 0xff,
    0x80, 0x0, 0x0, 0x0, 0x0, 0x0, 0x4f, 0xff,
    0x50,

    /* U+00C3 "Ã" */
    0x0, 0x0, 0x0, 0x9, 0xfd, 0x30, 0xe, 0xf1,
    0x0, 0x0, 0x0, 0x0, 0x0, 0x6, 0xff, 0xff,
    0x74, 0xff, 0x0, 0x0, 0x0, 0x0, 0x0, 0x0,
    0xbf, 0x85, 0xef, 0xff, 0x90, 0x0, 0x0, 0x0,
    0x0, 0x0, 0xd, 0xf3, 0x2, 0xbf, 0xc1, 0x0,
    0x0, 0x0, 0x0, 0x0, 0x0, 0x0, 0x0, 0x0,
    0x0, 0x0, 0x0, 0x0, 0x0, 0x0, 0x0, 0x0,
    0x0, 0x0, 0x0, 0x0, 0x0, 0x0, 0x0, 0x0,
    0x0, 0x0, 0x0, 0x0, 0x0, 0x0, 0x0, 0x0,
    0x0, 0x0, 0x0, 0x0, 0x0, 0xa, 0xff, 0xfc,
    0x0, 0x0, 0x0, 0x0, 0x0, 0x0, 0x0, 0x0,
    0xff, 0xff, 0xf2, 0x0, 0x0, 0x0, 0x0, 0x0,
    0x0, 0x0, 0x5f, 0xff, 0xff, 0x80, 0x0, 0x0,
    0x0, 0x0, 0x0, 0x0, 0xb, 0xff, 0x7f, 0xfd,
    0x0, 0x0, 0x0, 0x0, 0x0, 0x0, 0x1, 0xff,
    0xf0, 0xef, 0xf3, 0x0, 0x0, 0x0, 0x0, 0x0,
    0x0, 0x6f, 0xfb, 0x9, 0xff, 0x90, 0x0, 0x0,
    0x0, 0x0, 0x0, 0xc, 0xff, 0x60, 0x5f, 0xfe,
    0x0, 0x0, 0x0, 0x0, 0x0, 0x2, 0xff, 0xf2,
    0x0, 0xff, 0xf4, 0x0, 0x0, 0x0, 0x0, 0x0,
    0x7f, 0xfd, 0x0, 0xb, 0xff, 0xa0, 0x0, 0x0,
    0x0, 0x0, 0xd, 0xff, 0x80, 0x0, 0x5f, 0xff,
    0x0, 0x0, 0x0, 0x0, 0x3, 0xff, 0xf2, 0x0,
    0x0, 0xff, 0xf6, 0x0, 0x0, 0x0, 0x0, 0x8f,
    0xfd, 0x0, 0x0, 0xa, 0xff, 0xb0, 0x0, 0x0,
    0x0, 0xe, 0xff, 0x70, 0x0, 0x0, 0x5f, 0xff,
    0x10, 0x0, 0x0, 0x4, 0xff, 0xfe, 0xdd, 0xdd,
    0xdd, 0xff, 0xf7, 0x0, 0x0, 0x0, 0x9f, 0xff,
    0xff, 0xff, 0xff, 0xff, 0xff, 0xd0, 0x0, 0x0,
    0xe, 0xff, 0xff, 0xff, 0xff, 0xff, 0xff, 0xff,
    0x20, 0x0, 0x4, 0xff, 0xf2, 0x0, 0x0, 0x0,
    0x0, 0xef, 0xf8, 0x0, 0x0, 0xaf, 0xfd, 0x0,
    0x0, 0x0, 0x0, 0x9, 0xff, 0xe0, 0x0, 0xf,
    0xff, 0x70, 0x0, 0x0, 0x0, 0x0, 0x4f, 0xff,
    0x40, 0x5, 0xff, 0xf2, 0x0, 0x0, 0x0, 0x0,
    0x0, 0xef, 0xf9, 0x0, 0xbf, 0xfd, 0x0, 0x0,
    0x0, 0x0, 0x0, 0x9, 0xff, 0xf0, 0x1f, 0xff,
    0x80, 0x0, 0x0, 0x0, 0x0, 0x0, 0x4f, 0xff,
    0x50,

    /* U+00C4 "Ä" */
    0x0, 0x0, 0x0, 0x7c, 0x70, 0x0, 0x4c, 0x90,
    0x0, 0x0, 0x0, 0x0, 0x0, 0x4f, 0xff, 0x30,
    0xf, 0xff, 0x80, 0x0, 0x0, 0x0, 0x0, 0x5,
    0xff, 0xf4, 0x0, 0xff, 0xf8, 0x0, 0x0, 0x0,
    0x0, 0x0, 0xa, 0xfa, 0x0, 0x6, 0xfc, 0x10,
    0x0, 0x0, 0x0, 0x0, 0x0, 0x0, 0x0, 0x0,
    0x0, 0x0, 0x0, 0x0, 0x0, 0x0, 0x0, 0x0,
    0x0, 0x0, 0x0, 0x0, 0x0, 0x0, 0x0, 0x0,
    0x0, 0x0, 0x0, 0x0, 0x0, 0x0, 0x0, 0x0,
    0x0, 0x0, 0x0, 0x0, 0x0, 0xa, 0xff, 0xfc,
    0x0, 0x0, 0x0, 0x0, 0x0, 0x0, 0x0, 0x0,
    0xff, 0xff, 0xf2, 0x0, 0x0, 0x0, 0x0, 0x0,
    0x0, 0x0, 0x5f, 0xff, 0xff, 0x80, 0x0, 0x0,
    0x0, 0x0, 0x0, 0x0, 0xb, 0xff, 0x7f, 0xfd,
    0x0, 0x0, 0x0, 0x0, 0x0, 0x0, 0x1, 0xff,
    0xf0, 0xef, 0xf3, 0x0, 0x0, 0x0, 0x0, 0x0,
    0x0, 0x6f, 0xfb, 0x9, 0xff, 0x90, 0x0, 0x0,
    0x0, 0x0, 0x0, 0xc, 0xff, 0x60, 0x5f, 0xfe,
    0x0, 0x0, 0x0, 0x0, 0x0, 0x2, 0xff, 0xf2,
    0x0, 0xff, 0xf4, 0x0, 0x0, 0x0, 0x0, 0x0,
    0x7f, 0xfd, 0x0, 0xb, 0xff, 0xa0, 0x0, 0x0,
    0x0, 0x0, 0xd, 0xff, 0x80, 0x0, 0x5f, 0xff,
    0x0, 0x0, 0x0, 0x0, 0x3, 0xff, 0xf2, 0x0,
    0x0, 0xff, 0xf6, 0x0, 0x0, 0x0, 0x0, 0x8f,
    0xfd, 0x0, 0x0, 0xa, 0xff, 0xb0, 0x0, 0x0,
    0x0, 0xe, 0xff, 0x70, 0x0, 0x0, 0x5f, 0xff,
    0x10, 0x0, 0x0, 0x4, 0xff, 0xfe, 0xdd, 0xdd,
    0xdd, 0xff, 0xf7, 0x0, 0x0, 0x0, 0x9f, 0xff,
    0xff, 0xff, 0xff, 0xff, 0xff, 0xd0, 0x0, 0x0,
    0xe, 0xff, 0xff, 0xff, 0xff, 0xff, 0xff, 0xff,
    0x20, 0x0, 0x4, 0xff, 0xf2, 0x0, 0x0, 0x0,
    0x0, 0xef, 0xf8, 0x0, 0x0, 0xaf, 0xfd, 0x0,
    0x0, 0x0, 0x0, 0x9, 0xff, 0xe0, 0x0, 0xf,
    0xff, 0x70, 0x0, 0x0, 0x0, 0x0, 0x4f, 0xff,
    0x40, 0x5, 0xff, 0xf2, 0x0, 0x0, 0x0, 0x0,
    0x0, 0xef, 0xf9, 0x0, 0xbf, 0xfd, 0x0, 0x0,
    0x0, 0x0, 0x0, 0x9, 0xff, 0xf0, 0x1f, 0xff,
    0x80, 0x0, 0x0, 0x0, 0x0, 0x0, 0x4f, 0xff,
    0x50,

    /* U+00C5 "Å" */
    0x0, 0x0, 0x0, 0x0, 0x4b, 0xdc, 0x60, 0x0,
    0x0, 0x0, 0x0, 0x0, 0x0, 0x0, 0x6f, 0xff,
    0xff, 0x90, 0x0, 0x0, 0x0, 0x0, 0x0, 0x0,
    0xf, 0xf7, 0x5, 0xff, 0x30, 0x0, 0x0, 0x0,
    0x0, 0x0, 0x3, 0xfe, 0x0, 0xa, 0xf7, 0x0,
    0x0, 0x0, 0x0, 0x0, 0x0, 0x3f, 0xe0, 0x0,
    0xaf, 0x70, 0x0, 0x0, 0x0, 0x0, 0x0, 0x0,
    0xff, 0x70, 0x5f, 0xf3, 0x0, 0x0, 0x0, 0x0,
    0x0, 0x0, 0x6, 0xff, 0xff, 0xf9, 0x0, 0x0,
    0x0, 0x0, 0x0, 0x0, 0x0, 0x4, 0xbe, 0xc6,
    0x0, 0x0, 0x0, 0x0, 0x0, 0x0, 0x0, 0x0,
    0x0, 0x0, 0x0, 0x0, 0x0, 0x0, 0x0, 0x0,
    0x0, 0x0, 0xa, 0xff, 0xfc, 0x0, 0x0, 0x0,
    0x0, 0x0, 0x0, 0x0, 0x0, 0xff, 0xff, 0xf2,
    0x0, 0x0, 0x0, 0x0, 0x0, 0x0, 0x0, 0x5f,
    0xff, 0xff, 0x80, 0x0, 0x0, 0x0, 0x0, 0x0,
    0x0, 0xb, 0xff, 0x7f, 0xfd, 0x0, 0x0, 0x0,
    0x0, 0x0, 0x0, 0x1, 0xff, 0xf0, 0xef, 0xf3,
    0x0, 0x0, 0x0, 0x0, 0x0, 0x0, 0x6f, 0xfb,
    0x9, 0xff, 0x90, 0x0, 0x0, 0x0, 0x0, 0x0,
    0xc, 0xff, 0x60, 0x5f, 0xfe, 0x0, 0x0, 0x0,
    0x0, 0x0, 0x2, 0xff, 0xf2, 0x0, 0xff, 0xf4,
    0x0, 0x0, 0x0, 0x0, 0x0, 0x7f, 0xfd, 0x0,
    0xb, 0xff, 0xa0, 0x0, 0x0, 0x0, 0x0, 0xd,
    0xff, 0x80, 0x0, 0x5f, 0xff, 0x0, 0x0, 0x0,
    0x0, 0x3, 0xff, 0xf2, 0x0, 0x0, 0xff, 0xf6,
    0x0, 0x0, 0x0, 0x0, 0x8f, 0xfd, 0x0, 0x0,
    0xa, 0xff, 0xb0, 0x0, 0x0, 0x0, 0xe, 0xff,
    0x70, 0x0, 0x0, 0x5f, 0xff, 0x10, 0x0, 0x0,
    0x4, 0xff, 0xfe, 0xdd, 0xdd, 0xdd, 0xff, 0xf7,
    0x0, 0x0, 0x0, 0x9f, 0xff, 0xff, 0xff, 0xff,
    0xff, 0xff, 0xd0, 0x0, 0x0, 0xe, 0xff, 0xff,
    0xff, 0xff, 0xff, 0xff, 0xff, 0x20, 0x0, 0x4,
    0xff, 0xf2, 0x0, 0x0, 0x0, 0x0, 0xef, 0xf8,
    0x0, 0x0, 0xaf, 0xfd, 0x0, 0x0, 0x0, 0x0,
    0x9, 0xff, 0xe0, 0x0, 0xf, 0xff, 0x70, 0x0,
    0x0, 0x0, 0x0, 0x4f, 0xff, 0x40, 0x5, 0xff,
    0xf2, 0x0, 0x0, 0x0, 0x0, 0x0, 0xef, 0xf9,
    0x0, 0xbf, 0xfd, 0x0, 0x0, 0x0, 0x0, 0x0,
    0x9, 0xff, 0xf0, 0x1f, 0xff, 0x80, 0x0, 0x0,
    0x0, 0x0, 0x0, 0x4f, 0xff, 0x50,

    /* U+00C6 "Æ" */
    0x0, 0x0, 0x0, 0x0, 0x0, 0x5f, 0xff, 0xff,
    0xff, 0xff, 0xff, 0xff, 0xff, 0xff, 0x20, 0x0,
    0x0, 0x0, 0x0, 0xc, 0xff, 0xff, 0xff, 0xff,
    0xff, 0xff, 0xff, 0xff, 0xf2, 0x0, 0x0, 0x0,
    0x0, 0x4, 0xff, 0xf4, 0x8f, 0xff, 0xff, 0xff,
    0xff, 0xff, 0xff, 0x20, 0x0, 0x0, 0x0, 0x0,
    0xbf, 0xfa, 0x7, 0xff, 0xc0, 0x0, 0x0, 0x0,
    0x0, 0x0, 0x0, 0x0, 0x0, 0x0, 0x2f, 0xff,
    0x30, 0x7f, 0xfc, 0x0, 0x0, 0x0, 0x0, 0x0,
    0x0, 0x0, 0x0, 0x0, 0xa, 0xff, 0xc0, 0x7,
    0xff, 0xc0, 0x0, 0x0, 0x0, 0x0, 0x0, 0x0,
    0x0, 0x0, 0x1, 0xff, 0xf5, 0x0, 0x7f, 0xfc,
    0x0, 0x0, 0x0, 0x0, 0x0, 0x0, 0x0, 0x0,
    0x0, 0x9f, 0xfd, 0x0, 0x7, 0xff, 0xc0, 0x0,
    0x0, 0x0, 0x0, 0x0, 0x0, 0x0, 0x0, 0x1f,
    0xff, 0x60, 0x0, 0x7f, 0xfc, 0x0, 0x0, 0x0,
    0x0, 0x0, 0x0, 0x0, 0x0, 0x7, 0xff, 0xe0,
    0x0, 0x7, 0xff, 0xfe, 0xee, 0xee, 0xee, 0xee,
    0x60, 0x0, 0x0, 0x0, 0xef, 0xf7, 0x0, 0x0,
    0x7f, 0xff, 0xff, 0xff, 0xff, 0xff, 0xf7, 0x0,
    0x0, 0x0, 0x6f, 0xff, 0x10, 0x0, 0x7, 0xff,
    0xff, 0xff, 0xff, 0xff, 0xff, 0x70, 0x0, 0x0,
    0xd, 0xff, 0x90, 0x0, 0x0, 0x7f, 0xfc, 0x0,
    0x0, 0x0, 0x0, 0x0, 0x0, 0x0, 0x5, 0xff,
    0xfc, 0xbb, 0xbb, 0xbd, 0xff, 0xc0, 0x0, 0x0,
    0x0, 0x0, 0x0, 0x0, 0x0, 0xcf, 0xff, 0xff,
    0xff, 0xff, 0xff, 0xfc, 0x0, 0x0, 0x0, 0x0,
    0x0, 0x0, 0x0, 0x4f, 0xff, 0xff, 0xff, 0xff,
    0xff, 0xff, 0xc0, 0x0, 0x0, 0x0, 0x0, 0x0,
    0x0, 0xb, 0xff, 0xd0, 0x0, 0x0, 0x0, 0x7f,
    0xfc, 0x0, 0x0, 0x0, 0x0, 0x0, 0x0, 0x2,
    0xff, 0xf6, 0x0, 0x0, 0x0, 0x7, 0xff, 0xc0,
    0x0, 0x0, 0x0, 0x0, 0x0, 0x0, 0xaf, 0xfe,
    0x0, 0x0, 0x0, 0x0, 0x7f, 0xfc, 0x0, 0x0,
    0x0, 0x0, 0x0, 0x0, 0x1f, 0xff, 0x80, 0x0,
    0x0, 0x0, 0x7, 0xff, 0xff, 0xff, 0xff, 0xff,
    0xff, 0xf3, 0x9, 0xff, 0xf1, 0x0, 0x0, 0x0,
    0x0, 0x7f, 0xff, 0xff, 0xff, 0xff, 0xff, 0xff,
    0x41, 0xff, 0xfa, 0x0, 0x0, 0x0, 0x0, 0x7,
    0xff, 0xff, 0xff, 0xff, 0xff, 0xff, 0xf4,

    /* U+00C7 "Ç" */
    0x0, 0x0, 0x0, 0x38, 0xce, 0xfe, 0xc8, 0x20,
    0x0, 0x0, 0x0, 0x0, 0x1a, 0xff, 0xff, 0xff,
    0xff, 0xfa, 0x10, 0x0, 0x0, 0x2, 0xef, 0xff,
    0xff, 0xff, 0xff, 0xff, 0xd1, 0x0, 0x0, 0x1e,
    0xff, 0xfe, 0x74, 0x23, 0x6d, 0xff, 0xfd, 0x0,
    0x0, 0xbf, 0xff, 0x90, 0x0, 0x0, 0x0, 0x8f,
    0xff, 0x80, 0x3, 0xff, 0xfa, 0x0, 0x0, 0x0,
    0x0, 0x9, 0xff, 0xf0, 0xa, 0xff, 0xe1, 0x0,
    0x0, 0x0, 0x0, 0x1, 0xff, 0xf4, 0xe, 0xff,
    0x90, 0x0, 0x0, 0x0, 0x0, 0x0, 0x44, 0x41,
    0x2f, 0xff, 0x40, 0x0, 0x0, 0x0, 0x0, 0x0,
    0x0, 0x0, 0x4f, 0xff, 0x10, 0x0, 0x0, 0x0,
    0x0, 0x0, 0x0, 0x0, 0x5f, 0xff, 0x0, 0x0,
    0x0, 0x0, 0x0, 0x0, 0x0, 0x0, 0x5f, 0xff,
    0x0, 0x0, 0x0, 0x0, 0x0, 0x0, 0x0, 0x0,
    0x4f, 0xff, 0x10, 0x0, 0x0, 0x0, 0x0, 0x0,
    0x0, 0x0, 0x2f, 0xff, 0x30, 0x0, 0x0, 0x0,
    0x0, 0x0, 0x0, 0x0, 0xe, 0xff, 0x80, 0x0,
    0x0, 0x0, 0x0, 0x0, 0x44, 0x42, 0xa, 0xff,
    0xe0, 0x0, 0x0, 0x0, 0x0, 0x1, 0xff, 0xf4,
    0x4, 0xff, 0xf9, 0x0, 0x0, 0x0, 0x0, 0x9,
    0xff, 0xf0, 0x0, 0xbf, 0xff, 0x90, 0x0, 0x0,
    0x0, 0x8f, 0xff, 0x70, 0x0, 0x1e, 0xff, 0xfd,
    0x74, 0x23, 0x6d, 0xff, 0xfd, 0x0, 0x0, 0x3,
    0xef, 0xff, 0xff, 0xff, 0xff, 0xff, 0xd1, 0x0,
    0x0, 0x0, 0x1b, 0xff, 0xff, 0xff, 0xff, 0xf9,
    0x10, 0x0, 0x0, 0x0, 0x0, 0x39, 0xcf, 0xff,
    0xc8, 0x20, 0x0, 0x0, 0x0, 0x0, 0x0, 0x0,
    0x7, 0xf3, 0x0, 0x0, 0x0, 0x0, 0x0, 0x0,
    0x0, 0x0, 0x9, 0xfd, 0xa2, 0x0, 0x0, 0x0,
    0x0, 0x0, 0x0, 0x0, 0x5, 0x7b, 0xfc, 0x0,
    0x0, 0x0, 0x0, 0x0, 0x0, 0x0, 0x0, 0x2,
    0xff, 0x0, 0x0, 0x0, 0x0, 0x0, 0x0, 0x0,
    0x2a, 0xad, 0xfc, 0x0, 0x0, 0x0, 0x0, 0x0,
    0x0, 0x0, 0x4f, 0xfe, 0xb2, 0x0, 0x0, 0x0,

    /* U+00C8 "È" */
    0x0, 0x6, 0xff, 0xc0, 0x0, 0x0, 0x0, 0x0,
    0x0, 0xc, 0xff, 0x40, 0x0, 0x0, 0x0, 0x0,
    0x0, 0x2f, 0xfb, 0x0, 0x0, 0x0, 0x0, 0x0,
    0x0, 0x7f, 0xf2, 0x0, 0x0, 0x0, 0x0, 0x0,
    0x0, 0x77, 0x30, 0x0, 0x0, 0x0, 0x0, 0x0,
    0x0, 0x0, 0x0, 0x0, 0x0, 0x0, 0x0, 0x0,
    0x0, 0x0, 0x0, 0x0, 0x9, 0xff, 0xff, 0xff,
    0xff, 0xff, 0xff, 0xf2, 0x9f, 0xff, 0xff, 0xff,
    0xff, 0xff, 0xff, 0x29, 0xff, 0xff, 0xff, 0xff,
    0xff, 0xff, 0xf2, 0x9f, 0xfc, 0x0, 0x0, 0x0,
    0x0, 0x0, 0x9, 0xff, 0xc0, 0x0, 0x0, 0x0,
    0x0, 0x0, 0x9f, 0xfc, 0x0, 0x0, 0x0, 0x0,
    0x0, 0x9, 0xff, 0xc0, 0x0, 0x0, 0x0, 0x0,
    0x0, 0x9f, 0xfc, 0x0, 0x0, 0x0, 0x0, 0x0,
    0x9, 0xff, 0xc0, 0x0, 0x0, 0x0, 0x0, 0x0,
    0x9f, 0xff, 0xee, 0xee, 0xee, 0xee, 0xe6, 0x9,
    0xff, 0xff, 0xff, 0xff, 0xff, 0xff, 0x60, 0x9f,
    0xff, 0xff, 0xff, 0xff, 0xff, 0xf6, 0x9, 0xff,
    0xc0, 0x0, 0x0, 0x0, 0x0, 0x0, 0x9f, 0xfc,
    0x0, 0x0, 0x0, 0x0, 0x0, 0x9, 0xff, 0xc0,
    0x0, 0x0, 0x0, 0x0, 0x0, 0x9f, 0xfc, 0x0,
    0x0, 0x0, 0x0, 0x0, 0x9, 0xff, 0xc0, 0x0,
    0x0, 0x0, 0x0, 0x0, 0x9f, 0xfc, 0x0, 0x0,
    0x0, 0x0, 0x0, 0x9, 0xff, 0xc0, 0x0, 0x0,
    0x0, 0x0, 0x0, 0x9f, 0xff, 0xff, 0xff, 0xff,
    0xff, 0xff, 0x39, 0xff, 0xff, 0xff, 0xff, 0xff,
    0xff, 0xf4, 0x9f, 0xff, 0xff, 0xff, 0xff, 0xff,
    0xff, 0x40,

    /* U+00C9 "É" */
    0x0, 0x0, 0x0, 0x2, 0xff, 0xf2, 0x0, 0x0,
    0x0, 0x0, 0x0, 0x9f, 0xf7, 0x0, 0x0, 0x0,
    0x0, 0x0, 0x1f, 0xfc, 0x0, 0x0, 0x0, 0x0,
    0x0, 0x8, 0xff, 0x20, 0x0, 0x0, 0x0, 0x0,
    0x0, 0x67, 0x50, 0x0, 0x0, 0x0, 0x0, 0x0,
    0x0, 0x0, 0x0, 0x0, 0x0, 0x0, 0x0, 0x0,
    0x0, 0x0, 0x0, 0x0, 0x9, 0xff, 0xff, 0xff,
    0xff, 0xff, 0xff, 0xf2, 0x9f, 0xff, 0xff, 0xff,
    0xff, 0xff, 0xff, 0x29, 0xff, 0xff, 0xff, 0xff,
    0xff, 0xff, 0xf2, 0x9f, 0xfc, 0x0, 0x0, 0x0,
    0x0, 0x0, 0x9, 0xff, 0xc0, 0x0, 0x0, 0x0,
    0x0, 0x0, 0x9f, 0xfc, 0x0, 0x0, 0x0, 0x0,
    0x0, 0x9, 0xff, 0xc0, 0x0, 0x0, 0x0, 0x0,
    0x0, 0x9f, 0xfc, 0x0, 0x0, 0x0, 0x0, 0x0,
    0x9, 0xff, 0xc0, 0x0, 0x0, 0x0, 0x0, 0x0,
    0x9f, 0xff, 0xee, 0xee, 0xee, 0xee, 0xe6, 0x9,
    0xff, 0xff, 0xff, 0xff, 0xff, 0xff, 0x60, 0x9f,
    0xff, 0xff, 0xff, 0xff, 0xff, 0xf6, 0x9, 0xff,
    0xc0, 0x0, 0x0, 0x0, 0x0, 0x0, 0x9f, 0xfc,
    0x0, 0x0, 0x0, 0x0, 0x0, 0x9, 0xff, 0xc0,
    0x0, 0x0, 0x0, 0x0, 0x0, 0x9f, 0xfc, 0x0,
    0x0, 0x0, 0x0, 0x0, 0x9, 0xff, 0xc0, 0x0,
    0x0, 0x0, 0x0, 0x0, 0x9f, 0xfc, 0x0, 0x0,
    0x0, 0x0, 0x0, 0x9, 0xff, 0xc0, 0x0, 0x0,
    0x0, 0x0, 0x0, 0x9f, 0xff, 0xff, 0xff, 0xff,
    0xff, 0xff, 0x39, 0xff, 0xff, 0xff, 0xff, 0xff,
    0xff, 0xf4, 0x9f, 0xff, 0xff, 0xff, 0xff, 0xff,
    0xff, 0x40,

    /* U+00CA "Ê" */
    0x0, 0x0, 0x8, 0xff, 0xf3, 0x0, 0x0, 0x0,
    0x0, 0x7, 0xff, 0xdf, 0xf3, 0x0, 0x0, 0x0,
    0x7, 0xff, 0x80, 0xcf, 0xe2, 0x0, 0x0, 0x6,
    0xff, 0xa0, 0x1, 0xef, 0xe1, 0x0, 0x0, 0x0,
    0x0, 0x0, 0x0, 0x0, 0x0, 0x0, 0x0, 0x0,
    0x0, 0x0, 0x0, 0x0, 0x0, 0x0, 0x0, 0x0,
    0x0, 0x0, 0x0, 0x0, 0x9, 0xff, 0xff, 0xff,
    0xff, 0xff, 0xff, 0xf2, 0x9f, 0xff, 0xff, 0xff,
    0xff, 0xff, 0xff, 0x29, 0xff, 0xff, 0xff, 0xff,
    0xff, 0xff, 0xf2, 0x9f, 0xfc, 0x0, 0x0, 0x0,
    0x0, 0x0, 0x9, 0xff, 0xc0, 0x0, 0x0, 0x0,
    0x0, 0x0, 0x9f, 0xfc, 0x0, 0x0, 0x0, 0x0,
    0x0, 0x9, 0xff, 0xc0, 0x0, 0x0, 0x0, 0x0,
    0x0, 0x9f, 0xfc, 0x0, 0x0, 0x0, 0x0, 0x0,
    0x9, 0xff, 0xc0, 0x0, 0x0, 0x0, 0x0, 0x0,
    0x9f, 0xff, 0xee, 0xee, 0xee, 0xee, 0xe6, 0x9,
    0xff, 0xff, 0xff, 0xff, 0xff, 0xff, 0x60, 0x9f,
    0xff, 0xff, 0xff, 0xff, 0xff, 0xf6, 0x9, 0xff,
    0xc0, 0x0, 0x0, 0x0, 0x0, 0x0, 0x9f, 0xfc,
    0x0, 0x0, 0x0, 0x0, 0x0, 0x9, 0xff, 0xc0,
    0x0, 0x0, 0x0, 0x0, 0x0, 0x9f, 0xfc, 0x0,
    0x0, 0x0, 0x0, 0x0, 0x9, 0xff, 0xc0, 0x0,
    0x0, 0x0, 0x0, 0x0, 0x9f, 0xfc, 0x0, 0x0,
    0x0, 0x0, 0x0, 0x9, 0xff, 0xc0, 0x0, 0x0,
    0x0, 0x0, 0x0, 0x9f, 0xff, 0xff, 0xff, 0xff,
    0xff, 0xff, 0x39, 0xff, 0xff, 0xff, 0xff, 0xff,
    0xff, 0xf4, 0x9f, 0xff, 0xff, 0xff, 0xff, 0xff,
    0xff, 0x40,

    /* U+00CB "Ë" */
    0x0, 0xa, 0xc4, 0x0, 0x7, 0xc7, 0x0, 0x0,
    0x8, 0xff, 0xe0, 0x4, 0xff, 0xf3, 0x0, 0x0,
    0x9f, 0xff, 0x0, 0x5f, 0xff, 0x40, 0x0, 0x1,
    0xce, 0x60, 0x0, 0xaf, 0xa0, 0x0, 0x0, 0x0,
    0x0, 0x0, 0x0, 0x0, 0x0, 0x0, 0x0, 0x0,
    0x0, 0x0, 0x0, 0x0, 0x0, 0x0, 0x0, 0x0,
    0x0, 0x0, 0x0, 0x0, 0x9, 0xff, 0xff, 0xff,
    0xff, 0xff, 0xff, 0xf2, 0x9f, 0xff, 0xff, 0xff,
    0xff, 0xff, 0xff, 0x29, 0xff, 0xff, 0xff, 0xff,
    0xff, 0xff, 0xf2, 0x9f, 0xfc, 0x0, 0x0, 0x0,
    0x0, 0x0, 0x9, 0xff, 0xc0, 0x0, 0x0, 0x0,
    0x0, 0x0, 0x9f, 0xfc, 0x0, 0x0, 0x0, 0x0,
    0x0, 0x9, 0xff, 0xc0, 0x0, 0x0, 0x0, 0x0,
    0x0, 0x9f, 0xfc, 0x0, 0x0, 0x0, 0x0, 0x0,
    0x9, 0xff, 0xc0, 0x0, 0x0, 0x0, 0x0, 0x0,
    0x9f, 0xff, 0xee, 0xee, 0xee, 0xee, 0xe6, 0x9,
    0xff, 0xff, 0xff, 0xff, 0xff, 0xff, 0x60, 0x9f,
    0xff, 0xff, 0xff, 0xff, 0xff, 0xf6, 0x9, 0xff,
    0xc0, 0x0, 0x0, 0x0, 0x0, 0x0, 0x9f, 0xfc,
    0x0, 0x0, 0x0, 0x0, 0x0, 0x9, 0xff, 0xc0,
    0x0, 0x0, 0x0, 0x0, 0x0, 0x9f, 0xfc, 0x0,
    0x0, 0x0, 0x0, 0x0, 0x9, 0xff, 0xc0, 0x0,
    0x0, 0x0, 0x0, 0x0, 0x9f, 0xfc, 0x0, 0x0,
    0x0, 0x0, 0x0, 0x9, 0xff, 0xc0, 0x0, 0x0,
    0x0, 0x0, 0x0, 0x9f, 0xff, 0xff, 0xff, 0xff,
    0xff, 0xff, 0x39, 0xff, 0xff, 0xff, 0xff, 0xff,
    0xff, 0xf4, 0x9f, 0xff, 0xff, 0xff, 0xff, 0xff,
    0xff, 0x40,

    /* U+00CC "Ì" */
    0xaf, 0xf8, 0x0, 0x1e, 0xff, 0x10, 0x5, 0xff,
    0x70, 0x0, 0xbf, 0xe0, 0x0, 0x17, 0x72, 0x0,
    0x0, 0x0, 0x0, 0x0, 0x0, 0x0, 0x9f, 0xfc,
    0x0, 0x9f, 0xfc, 0x0, 0x9f, 0xfc, 0x0, 0x9f,
    0xfc, 0x0, 0x9f, 0xfc, 0x0, 0x9f, 0xfc, 0x0,
    0x9f, 0xfc, 0x0, 0x9f, 0xfc, 0x0, 0x9f, 0xfc,
    0x0, 0x9f, 0xfc, 0x0, 0x9f, 0xfc, 0x0, 0x9f,
    0xfc, 0x0, 0x9f, 0xfc, 0x0, 0x9f, 0xfc, 0x0,
    0x9f, 0xfc, 0x0, 0x9f, 0xfc, 0x0, 0x9f, 0xfc,
    0x0, 0x9f, 0xfc, 0x0, 0x9f, 0xfc, 0x0, 0x9f,
    0xfc, 0x0, 0x9f, 0xfc, 0x0, 0x9f, 0xfc,

    /* U+00CD "Í" */
    0x0, 0x6f, 0xfd, 0x0, 0xd, 0xff, 0x30, 0x5,
    0xff, 0x80, 0x0, 0xcf, 0xd0, 0x0, 0x7, 0x73,
    0x0, 0x0, 0x0, 0x0, 0x0, 0x0, 0x0, 0x0,
    0x9, 0xff, 0xc0, 0x0, 0x9f, 0xfc, 0x0, 0x9,
    0xff, 0xc0, 0x0, 0x9f, 0xfc, 0x0, 0x9, 0xff,
    0xc0, 0x0, 0x9f, 0xfc, 0x0, 0x9, 0xff, 0xc0,
    0x0, 0x9f, 0xfc, 0x0, 0x9, 0xff, 0xc0, 0x0,
    0x9f, 0xfc, 0x0, 0x9, 0xff, 0xc0, 0x0, 0x9f,
    0xfc, 0x0, 0x9, 0xff, 0xc0, 0x0, 0x9f, 0xfc,
    0x0, 0x9, 0xff, 0xc0, 0x0, 0x9f, 0xfc, 0x0,
    0x9, 0xff, 0xc0, 0x0, 0x9f, 0xfc, 0x0, 0x9,
    0xff, 0xc0, 0x0, 0x9f, 0xfc, 0x0, 0x9, 0xff,
    0xc0, 0x0, 0x9f, 0xfc, 0x0, 0x0,

    /* U+00CE "Î" */
    0x0, 0x0, 0xcf, 0xfd, 0x10, 0x0, 0x0, 0xb,
    0xff, 0xef, 0xd0, 0x0, 0x0, 0xbf, 0xf4, 0x2f,
    0xfc, 0x0, 0xa, 0xff, 0x60, 0x4, 0xff, 0xb0,
    0x0, 0x0, 0x0, 0x0, 0x0, 0x0, 0x0, 0x0,
    0x0, 0x0, 0x0, 0x0, 0x0, 0x0, 0x0, 0x0,
    0x0, 0x0, 0x0, 0x0, 0x9f, 0xfc, 0x0, 0x0,
    0x0, 0x0, 0x9f, 0xfc, 0x0, 0x0, 0x0, 0x0,
    0x9f, 0xfc, 0x0, 0x0, 0x0, 0x0, 0x9f, 0xfc,
    0x0, 0x0, 0x0, 0x0, 0x9f, 0xfc, 0x0, 0x0,
    0x0, 0x0, 0x9f, 0xfc, 0x0, 0x0, 0x0, 0x0,
    0x9f, 0xfc, 0x0, 0x0, 0x0, 0x0, 0x9f, 0xfc,
    0x0, 0x0, 0x0, 0x0, 0x9f, 0xfc, 0x0, 0x0,
    0x0, 0x0, 0x9f, 0xfc, 0x0, 0x0, 0x0, 0x0,
    0x9f, 0xfc, 0x0, 0x0, 0x0, 0x0, 0x9f, 0xfc,
    0x0, 0x0, 0x0, 0x0, 0x9f, 0xfc, 0x0, 0x0,
    0x0, 0x0, 0x9f, 0xfc, 0x0, 0x0, 0x0, 0x0,
    0x9f, 0xfc, 0x0, 0x0, 0x0, 0x0, 0x9f, 0xfc,
    0x0, 0x0, 0x0, 0x0, 0x9f, 0xfc, 0x0, 0x0,
    0x0, 0x0, 0x9f, 0xfc, 0x0, 0x0, 0x0, 0x0,
    0x9f, 0xfc, 0x0, 0x0, 0x0, 0x0, 0x9f, 0xfc,
    0x0, 0x0, 0x0, 0x0, 0x9f, 0xfc, 0x0, 0x0,
    0x0, 0x0, 0x9f, 0xfc, 0x0, 0x0,

    /* U+00CF "Ï" */
    0x2b, 0xb2, 0x0, 0x9, 0xc4, 0xc, 0xff, 0xb0,
    0x8, 0xff, 0xf0, 0xdf, 0xfc, 0x0, 0x9f, 0xff,
    0x4, 0xed, 0x30, 0x1, 0xcf, 0x60, 0x0, 0x0,
    0x0, 0x0, 0x0, 0x0, 0x0, 0x0, 0x0, 0x0,
    0x0, 0x0, 0x0, 0x0, 0x0, 0x0, 0x0, 0x0,
    0x9f, 0xfc, 0x0, 0x0, 0x0, 0x9, 0xff, 0xc0,
    0x0, 0x0, 0x0, 0x9f, 0xfc, 0x0, 0x0, 0x0,
    0x9, 0xff, 0xc0, 0x0, 0x0, 0x0, 0x9f, 0xfc,
    0x0, 0x0, 0x0, 0x9, 0xff, 0xc0, 0x0, 0x0,
    0x0, 0x9f, 0xfc, 0x0, 0x0, 0x0, 0x9, 0xff,
    0xc0, 0x0, 0x0, 0x0, 0x9f, 0xfc, 0x0, 0x0,
    0x0, 0x9, 0xff, 0xc0, 0x0, 0x0, 0x0, 0x9f,
    0xfc, 0x0, 0x0, 0x0, 0x9, 0xff, 0xc0, 0x0,
    0x0, 0x0, 0x9f, 0xfc, 0x0, 0x0, 0x0, 0x9,
    0xff, 0xc0, 0x0, 0x0, 0x0, 0x9f, 0xfc, 0x0,
    0x0, 0x0, 0x9, 0xff, 0xc0, 0x0, 0x0, 0x0,
    0x9f, 0xfc, 0x0, 0x0, 0x0, 0x9, 0xff, 0xc0,
    0x0, 0x0, 0x0, 0x9f, 0xfc, 0x0, 0x0, 0x0,
    0x9, 0xff, 0xc0, 0x0, 0x0, 0x0, 0x9f, 0xfc,
    0x0, 0x0, 0x0, 0x9, 0xff, 0xc0, 0x0, 0x0,

    /* U+00D0 "Ð" */
    0x0, 0xf, 0xff, 0xff, 0xff, 0xfe, 0xd9, 0x40,
    0x0, 0x0, 0x0, 0x0, 0xff, 0xff, 0xff, 0xff,
    0xff, 0xff, 0xd4, 0x0, 0x0, 0x0, 0xf, 0xff,
    0xff, 0xff, 0xff, 0xff, 0xff, 0xf7, 0x0, 0x0,
    0x0, 0xff, 0xf6, 0x0, 0x0, 0x14, 0xaf, 0xff,
    0xf6, 0x0, 0x0, 0xf, 0xff, 0x60, 0x0, 0x0,
    0x0, 0x3e, 0xff, 0xf1, 0x0, 0x0, 0xff, 0xf6,
    0x0, 0x0, 0x0, 0x0, 0x2f, 0xff, 0x90, 0x0,
    0xf, 0xff, 0x60, 0x0, 0x0, 0x0, 0x0, 0x8f,
    0xff, 0x0, 0x0, 0xff, 0xf6, 0x0, 0x0, 0x0,
    0x0, 0x2, 0xff, 0xf4, 0x0, 0xf, 0xff, 0x60,
    0x0, 0x0, 0x0, 0x0, 0xe, 0xff, 0x76, 0x88,
    0xff, 0xff, 0x88, 0x88, 0x70, 0x0, 0x0, 0xbf,
    0xf9, 0xbf, 0xff, 0xff, 0xff, 0xff, 0xfd, 0x0,
    0x0, 0xa, 0xff, 0xab, 0xff, 0xff, 0xff, 0xff,
    0xff, 0xd0, 0x0, 0x0, 0xaf, 0xfa, 0x0, 0xf,
    0xff, 0x60, 0x0, 0x0, 0x0, 0x0, 0xb, 0xff,
    0x90, 0x0, 0xff, 0xf6, 0x0, 0x0, 0x0, 0x0,
    0x0, 0xef, 0xf7, 0x0, 0xf, 0xff, 0x60, 0x0,
    0x0, 0x0, 0x0, 0x2f, 0xff, 0x30, 0x0, 0xff,
    0xf6, 0x0, 0x0, 0x0, 0x0, 0x8, 0xff, 0xf0,
    0x0, 0xf, 0xff, 0x60, 0x0, 0x0, 0x0, 0x3,
    0xff, 0xf8, 0x0, 0x0, 0xff, 0xf6, 0x0, 0x0,
    0x0, 0x3, 0xef, 0xff, 0x10, 0x0, 0xf, 0xff,
    0x60, 0x0, 0x1, 0x5a, 0xff, 0xff, 0x50, 0x0,
    0x0, 0xff, 0xff, 0xff, 0xff, 0xff, 0xff, 0xff,
    0x60, 0x0, 0x0, 0xf, 0xff, 0xff, 0xff, 0xff,
    0xff, 0xfd, 0x30, 0x0, 0x0, 0x0, 0xff, 0xff,
    0xff, 0xff, 0xec, 0x94, 0x0, 0x0, 0x0,

    /* U+00D1 "Ñ" */
    0x0, 0x0, 0x1, 0xcf, 0xb1, 0x2, 0xfd, 0x0,
    0x0, 0x0, 0x0, 0x0, 0xaf, 0xff, 0xe4, 0x8f,
    0xa0, 0x0, 0x0, 0x0, 0x0, 0xf, 0xf4, 0x8f,
    0xff, 0xf5, 0x0, 0x0, 0x0, 0x0, 0x2, 0xfe,
    0x0, 0x4d, 0xf9, 0x0, 0x0, 0x0, 0x0, 0x0,
    0x0, 0x0, 0x0, 0x0, 0x0, 0x0, 0x0, 0x0,
    0x0, 0x0, 0x0, 0x0, 0x0, 0x0, 0x0, 0x0,
    0x0, 0x0, 0x0, 0x0, 0x0, 0x0, 0x0, 0x0,
    0x0, 0x0, 0x9, 0xff, 0xf9, 0x0, 0x0, 0x0,
    0x0, 0x1, 0xff, 0xf4, 0x9f, 0xff, 0xf3, 0x0,
    0x0, 0x0, 0x0, 0x1f, 0xff, 0x49, 0xff, 0xff,
    0xd0, 0x0, 0x0, 0x0, 0x1, 0xff, 0xf4, 0x9f,
    0xff, 0xff, 0x70, 0x0, 0x0, 0x0, 0x1f, 0xff,
    0x49, 0xff, 0xcf, 0xff, 0x20, 0x0, 0x0, 0x1,
    0xff, 0xf4, 0x9f, 0xf9, 0xbf, 0xfb, 0x0, 0x0,
    0x0, 0x1f, 0xff, 0x49, 0xff, 0xa2, 0xff, 0xf5,
    0x0, 0x0, 0x1, 0xff, 0xf4, 0x9f, 0xfb, 0x9,
    0xff, 0xe1, 0x0, 0x0, 0x1f, 0xff, 0x49, 0xff,
    0xb0, 0x1f, 0xff, 0x90, 0x0, 0x1, 0xff, 0xf4,
    0x9f, 0xfc, 0x0, 0x7f, 0xff, 0x30, 0x0, 0x1f,
    0xff, 0x49, 0xff, 0xc0, 0x0, 0xdf, 0xfd, 0x0,
    0x1, 0xff, 0xf4, 0x9f, 0xfc, 0x0, 0x3, 0xff,
    0xf7, 0x0, 0x1f, 0xff, 0x49, 0xff, 0xc0, 0x0,
    0x9, 0xff, 0xf2, 0x1, 0xff, 0xf4, 0x9f, 0xfc,
    0x0, 0x0, 0xe, 0xff, 0xb0, 0x1f, 0xff, 0x49,
    0xff, 0xc0, 0x0, 0x0, 0x5f, 0xff, 0x51, 0xff,
    0xf4, 0x9f, 0xfc, 0x0, 0x0, 0x0, 0xbf, 0xfd,
    0xf, 0xff, 0x49, 0xff, 0xc0, 0x0, 0x0, 0x1,
    0xff, 0xf6, 0xff, 0xf4, 0x9f, 0xfc, 0x0, 0x0,
    0x0, 0x6, 0xff, 0xde, 0xff, 0x49, 0xff, 0xc0,
    0x0, 0x0, 0x0, 0xc, 0xff, 0xff, 0xf4, 0x9f,
    0xfc, 0x0, 0x0, 0x0, 0x0, 0x2f, 0xff, 0xff,
    0x49, 0xff, 0xc0, 0x0, 0x0, 0x0, 0x0, 0x8f,
    0xff, 0xf4, 0x9f, 0xfc, 0x0, 0x0, 0x0, 0x0,
    0x0, 0xdf, 0xff, 0x40,

    /* U+00D2 "Ò" */
    0x0, 0x0, 0x0, 0x37, 0x76, 0x0, 0x0, 0x0,
    0x0, 0x0, 0x0, 0x0, 0x0, 0x0, 0xef, 0xf2,
    0x0, 0x0, 0x0, 0x0, 0x0, 0x0, 0x0, 0x0,
    0x4, 0xff, 0xa0, 0x0, 0x0, 0x0, 0x0, 0x0,
    0x0, 0x0, 0x0, 0xa, 0xff, 0x10, 0x0, 0x0,
    0x0, 0x0, 0x0, 0x0, 0x0, 0x0, 0x1e, 0xf8,
    0x0, 0x0, 0x0, 0x0, 0x0, 0x0, 0x0, 0x0,
    0x0, 0x0, 0x0, 0x0, 0x0, 0x0, 0x0, 0x0,
    0x0, 0x0, 0x0, 0x0, 0x0, 0x0, 0x0, 0x0,
    0x0, 0x0, 0x0, 0x0, 0x0, 0x0, 0x0, 0x0,
    0x0, 0x0, 0x0, 0x0, 0x0, 0x0, 0x0, 0x28,
    0xce, 0xfe, 0xc8, 0x30, 0x0, 0x0, 0x0, 0x0,
    0x1, 0xaf, 0xff, 0xff, 0xff, 0xff, 0xa1, 0x0,
    0x0, 0x0, 0x2, 0xef, 0xff, 0xff, 0xff, 0xff,
    0xff, 0xe2, 0x0, 0x0, 0x1, 0xef, 0xff, 0xd7,
    0x42, 0x47, 0xdf, 0xff, 0xe1, 0x0, 0x0, 0xbf,
    0xff, 0x90, 0x0, 0x0, 0x0, 0x9f, 0xff, 0xb0,
    0x0, 0x3f, 0xff, 0x90, 0x0, 0x0, 0x0, 0x0,
    0x9f, 0xff, 0x30, 0xa, 0xff, 0xe1, 0x0, 0x0,
    0x0, 0x0, 0x1, 0xef, 0xfa, 0x0, 0xef, 0xf9,
    0x0, 0x0, 0x0, 0x0, 0x0, 0x9, 0xff, 0xe0,
    0x2f, 0xff, 0x30, 0x0, 0x0, 0x0, 0x0, 0x0,
    0x4f, 0xff, 0x24, 0xff, 0xf1, 0x0, 0x0, 0x0,
    0x0, 0x0, 0x1, 0xff, 0xf4, 0x5f, 0xff, 0x0,
    0x0, 0x0, 0x0, 0x0, 0x0, 0xf, 0xff, 0x55,
    0xff, 0xf0, 0x0, 0x0, 0x0, 0x0, 0x0, 0x0,
    0xff, 0xf5, 0x4f, 0xff, 0x10, 0x0, 0x0, 0x0,
    0x0, 0x0, 0x1f, 0xff, 0x42, 0xff, 0xf3, 0x0,
    0x0, 0x0, 0x0, 0x0, 0x3, 0xff, 0xf2, 0xe,
    0xff, 0x80, 0x0, 0x0, 0x0, 0x0, 0x0, 0x8f,
    0xfe, 0x0, 0xaf, 0xfe, 0x0, 0x0, 0x0, 0x0,
    0x0, 0xe, 0xff, 0xa0, 0x3, 0xff, 0xf9, 0x0,
    0x0, 0x0, 0x0, 0x9, 0xff, 0xf3, 0x0, 0xb,
    0xff, 0xf9, 0x0, 0x0, 0x0, 0x9, 0xff, 0xfb,
    0x0, 0x0, 0x1e, 0xff, 0xfd, 0x74, 0x23, 0x7d,
    0xff, 0xfe, 0x10, 0x0, 0x0, 0x2e, 0xff, 0xff,
    0xff, 0xff, 0xff, 0xfe, 0x30, 0x0, 0x0, 0x0,
    0x1b, 0xff, 0xff, 0xff, 0xff, 0xfb, 0x10, 0x0,
    0x0, 0x0, 0x0, 0x3, 0x8c, 0xff, 0xfc, 0x93,
    0x0, 0x0, 0x0,

    /* U+00D3 "Ó" */
    0x0, 0x0, 0x0, 0x0, 0x0, 0x6, 0x77, 0x30,
    0x0, 0x0, 0x0, 0x0, 0x0, 0x0, 0x0, 0x3,
    0xff, 0xe0, 0x0, 0x0, 0x0, 0x0, 0x0, 0x0,
    0x0, 0x0, 0xaf, 0xf4, 0x0, 0x0, 0x0, 0x0,
    0x0, 0x0, 0x0, 0x0, 0x1f, 0xfa, 0x0, 0x0,
    0x0, 0x0, 0x0, 0x0, 0x0, 0x0, 0x9, 0xfe,
    0x10, 0x0, 0x0, 0x0, 0x0, 0x0, 0x0, 0x0,
    0x0, 0x0, 0x0, 0x0, 0x0, 0x0, 0x0, 0x0,
    0x0, 0x0, 0x0, 0x0, 0x0, 0x0, 0x0, 0x0,
    0x0, 0x0, 0x0, 0x0, 0x0, 0x0, 0x0, 0x0,
    0x0, 0x0, 0x0, 0x0, 0x0, 0x0, 0x0, 0x28,
    0xce, 0xfe, 0xc8, 0x30, 0x0, 0x0, 0x0, 0x0,
    0x1, 0xaf, 0xff, 0xff, 0xff, 0xff, 0xa1, 0x0,
    0x0, 0x0, 0x2, 0xef, 0xff, 0xff, 0xff, 0xff,
    0xff, 0xe2, 0x0, 0x0, 0x1, 0xef, 0xff, 0xd7,
    0x42, 0x47, 0xdf, 0xff, 0xe1, 0x0, 0x0, 0xbf,
    0xff, 0x90, 0x0, 0x0, 0x0, 0x9f, 0xff, 0xb0,
    0x0, 0x3f, 0xff, 0x90, 0x0, 0x0, 0x0, 0x0,
    0x9f, 0xff, 0x30, 0xa, 0xff, 0xe1, 0x0, 0x0,
    0x0, 0x0, 0x1, 0xef, 0xfa, 0x0, 0xef, 0xf9,
    0x0, 0x0, 0x0, 0x0, 0x0, 0x9, 0xff, 0xe0,
    0x2f, 0xff, 0x30, 0x0, 0x0, 0x0, 0x0, 0x0,
    0x4f, 0xff, 0x24, 0xff, 0xf1, 0x0, 0x0, 0x0,
    0x0, 0x0, 0x1, 0xff, 0xf4, 0x5f, 0xff, 0x0,
    0x0, 0x0, 0x0, 0x0, 0x0, 0xf, 0xff, 0x55,
    0xff, 0xf0, 0x0, 0x0, 0x0, 0x0, 0x0, 0x0,
    0xff, 0xf5, 0x4f, 0xff, 0x10, 0x0, 0x0, 0x0,
    0x0, 0x0, 0x1f, 0xff, 0x42, 0xff, 0xf3, 0x0,
    0x0, 0x0, 0x0, 0x0, 0x3, 0xff, 0xf2, 0xe,
    0xff, 0x80, 0x0, 0x0, 0x0, 0x0, 0x0, 0x8f,
    0xfe, 0x0, 0xaf, 0xfe, 0x0, 0x0, 0x0, 0x0,
    0x0, 0xe, 0xff, 0xa0, 0x3, 0xff, 0xf9, 0x0,
    0x0, 0x0, 0x0, 0x9, 0xff, 0xf3, 0x0, 0xb,
    0xff, 0xf9, 0x0, 0x0, 0x0, 0x9, 0xff, 0xfb,
    0x0, 0x0, 0x1e, 0xff, 0xfd, 0x74, 0x23, 0x7d,
    0xff, 0xfe, 0x10, 0x0, 0x0, 0x2e, 0xff, 0xff,
    0xff, 0xff, 0xff, 0xfe, 0x30, 0x0, 0x0, 0x0,
    0x1b, 0xff, 0xff, 0xff, 0xff, 0xfb, 0x10, 0x0,
    0x0, 0x0, 0x0, 0x3, 0x8c, 0xff, 0xfc, 0x93,
    0x0, 0x0, 0x0,

    /* U+00D4 "Ô" */
    0x0, 0x0, 0x0, 0x0, 0x7, 0x87, 0x0, 0x0,
    0x0, 0x0, 0x0, 0x0, 0x0, 0x0, 0xb, 0xff,
    0xfb, 0x0, 0x0, 0x0, 0x0, 0x0, 0x0, 0x0,
    0x9, 0xff, 0x9f, 0xf8, 0x0, 0x0, 0x0, 0x0,
    0x0, 0x0, 0x7, 0xff, 0x80, 0x8f, 0xf6, 0x0,
    0x0, 0x0, 0x0, 0x0, 0x4, 0xff, 0xc0, 0x0,
    0xcf, 0xf3, 0x0, 0x0, 0x0, 0x0, 0x0, 0x0,
    0x0, 0x0, 0x0, 0x0, 0x0, 0x0, 0x0, 0x0,
    0x0, 0x0, 0x0, 0x0, 0x0, 0x0, 0x0, 0x0,
    0x0, 0x0, 0x0, 0x0, 0x0, 0x0, 0x0, 0x0,
    0x0, 0x0, 0x0, 0x0, 0x0, 0x0, 0x0, 0x28,
    0xce, 0xfe, 0xc8, 0x30, 0x0, 0x0, 0x0, 0x0,
    0x1, 0xaf, 0xff, 0xff, 0xff, 0xff, 0xa1, 0x0,
    0x0, 0x0, 0x2, 0xef, 0xff, 0xff, 0xff, 0xff,
    0xff, 0xe2, 0x0, 0x0, 0x1, 0xef, 0xff, 0xd7,
    0x42, 0x47, 0xdf, 0xff, 0xe1, 0x0, 0x0, 0xbf,
    0xff, 0x90, 0x0, 0x0, 0x0, 0x9f, 0xff, 0xb0,
    0x0, 0x3f, 0xff, 0x90, 0x0, 0x0, 0x0, 0x0,
    0x9f, 0xff, 0x30, 0xa, 0xff, 0xe1, 0x0, 0x0,
    0x0, 0x0, 0x1, 0xef, 0xfa, 0x0, 0xef, 0xf9,
    0x0, 0x0, 0x0, 0x0, 0x0, 0x9, 0xff, 0xe0,
    0x2f, 0xff, 0x30, 0x0, 0x0, 0x0, 0x0, 0x0,
    0x4f, 0xff, 0x24, 0xff, 0xf1, 0x0, 0x0, 0x0,
    0x0, 0x0, 0x1, 0xff, 0xf4, 0x5f, 0xff, 0x0,
    0x0, 0x0, 0x0, 0x0, 0x0, 0xf, 0xff, 0x55,
    0xff, 0xf0, 0x0, 0x0, 0x0, 0x0, 0x0, 0x0,
    0xff, 0xf5, 0x4f, 0xff, 0x10, 0x0, 0x0, 0x0,
    0x0, 0x0, 0x1f, 0xff, 0x42, 0xff, 0xf3, 0x0,
    0x0, 0x0, 0x0, 0x0, 0x3, 0xff, 0xf2, 0xe,
    0xff, 0x80, 0x0, 0x0, 0x0, 0x0, 0x0, 0x8f,
    0xfe, 0x0, 0xaf, 0xfe, 0x0, 0x0, 0x0, 0x0,
    0x0, 0xe, 0xff, 0xa0, 0x3, 0xff, 0xf9, 0x0,
    0x0, 0x0, 0x0, 0x9, 0xff, 0xf3, 0x0, 0xb,
    0xff, 0xf9, 0x0, 0x0, 0x0, 0x9, 0xff, 0xfb,
    0x0, 0x0, 0x1e, 0xff, 0xfd, 0x74, 0x23, 0x7d,
    0xff, 0xfe, 0x10, 0x0, 0x0, 0x2e, 0xff, 0xff,
    0xff, 0xff, 0xff, 0xfe, 0x30, 0x0, 0x0, 0x0,
    0x1b, 0xff, 0xff, 0xff, 0xff, 0xfb, 0x10, 0x0,
    0x0, 0x0, 0x0, 0x3, 0x8c, 0xff, 0xfc, 0x93,
    0x0, 0x0, 0x0,

    /* U+00D5 "Õ" */
    0x0, 0x0, 0x0, 0x1b, 0xfd, 0x82, 0x3f, 0xf0,
    0x0, 0x0, 0x0, 0x0, 0x0, 0xa, 0xff, 0xff,
    0xff, 0xfb, 0x0, 0x0, 0x0, 0x0, 0x0, 0x0,
    0xef, 0x54, 0xaf, 0xfd, 0x20, 0x0, 0x0, 0x0,
    0x0, 0x0, 0x1, 0x10, 0x0, 0x1, 0x0, 0x0,
    0x0, 0x0, 0x0, 0x0, 0x0, 0x0, 0x0, 0x0,
    0x0, 0x0, 0x0, 0x0, 0x0, 0x0, 0x0, 0x0,
    0x0, 0x0, 0x0, 0x0, 0x0, 0x0, 0x0, 0x0,
    0x0, 0x0, 0x0, 0x0, 0x0, 0x0, 0x0, 0x0,
    0x0, 0x0, 0x0, 0x0, 0x2, 0x8c, 0xef, 0xec,
    0x83, 0x0, 0x0, 0x0, 0x0, 0x0, 0x1a, 0xff,
    0xff, 0xff, 0xff, 0xfa, 0x10, 0x0, 0x0, 0x0,
    0x2e, 0xff, 0xff, 0xff, 0xff, 0xff, 0xfe, 0x20,
    0x0, 0x0, 0x1e, 0xff, 0xfd, 0x74, 0x24, 0x7d,
    0xff, 0xfe, 0x10, 0x0, 0xb, 0xff, 0xf9, 0x0,
    0x0, 0x0, 0x9, 0xff, 0xfb, 0x0, 0x3, 0xff,
    0xf9, 0x0, 0x0, 0x0, 0x0, 0x9, 0xff, 0xf3,
    0x0, 0xaf, 0xfe, 0x10, 0x0, 0x0, 0x0, 0x0,
    0x1e, 0xff, 0xa0, 0xe, 0xff, 0x90, 0x0, 0x0,
    0x0, 0x0, 0x0, 0x9f, 0xfe, 0x2, 0xff, 0xf3,
    0x0, 0x0, 0x0, 0x0, 0x0, 0x4, 0xff, 0xf2,
    0x4f, 0xff, 0x10, 0x0, 0x0, 0x0, 0x0, 0x0,
    0x1f, 0xff, 0x45, 0xff, 0xf0, 0x0, 0x0, 0x0,
    0x0, 0x0, 0x0, 0xff, 0xf5, 0x5f, 0xff, 0x0,
    0x0, 0x0, 0x0, 0x0, 0x0, 0xf, 0xff, 0x54,
    0xff, 0xf1, 0x0, 0x0, 0x0, 0x0, 0x0, 0x1,
    0xff, 0xf4, 0x2f, 0xff, 0x30, 0x0, 0x0, 0x0,
    0x0, 0x0, 0x3f, 0xff, 0x20, 0xef, 0xf8, 0x0,
    0x0, 0x0, 0x0, 0x0, 0x8, 0xff, 0xe0, 0xa,
    0xff, 0xe0, 0x0, 0x0, 0x0, 0x0, 0x0, 0xef,
    0xfa, 0x0, 0x3f, 0xff, 0x90, 0x0, 0x0, 0x0,
    0x0, 0x9f, 0xff, 0x30, 0x0, 0xbf, 0xff, 0x90,
    0x0, 0x0, 0x0, 0x9f, 0xff, 0xb0, 0x0, 0x1,
    0xef, 0xff, 0xd7, 0x42, 0x37, 0xdf, 0xff, 0xe1,
    0x0, 0x0, 0x2, 0xef, 0xff, 0xff, 0xff, 0xff,
    0xff, 0xe3, 0x0, 0x0, 0x0, 0x1, 0xbf, 0xff,
    0xff, 0xff, 0xff, 0xb1, 0x0, 0x0, 0x0, 0x0,
    0x0, 0x38, 0xcf, 0xff, 0xc9, 0x30, 0x0, 0x0,
    0x0,

    /* U+00D6 "Ö" */
    0x0, 0x0, 0x0, 0xbf, 0x80, 0x0, 0x8f, 0xb0,
    0x0, 0x0, 0x0, 0x0, 0x0, 0x6f, 0xff, 0x20,
    0x2f, 0xff, 0x70, 0x0, 0x0, 0x0, 0x0, 0x5,
    0xff, 0xf1, 0x1, 0xff, 0xf6, 0x0, 0x0, 0x0,
    0x0, 0x0, 0x8, 0xc6, 0x0, 0x5, 0xc8, 0x0,
    0x0, 0x0, 0x0, 0x0, 0x0, 0x0, 0x0, 0x0,
    0x0, 0x0, 0x0, 0x0, 0x0, 0x0, 0x0, 0x0,
    0x0, 0x0, 0x0, 0x0, 0x0, 0x0, 0x0, 0x0,
    0x0, 0x0, 0x0, 0x0, 0x0, 0x0, 0x0, 0x0,
    0x0, 0x0, 0x0, 0x0, 0x2, 0x8c, 0xef, 0xec,
    0x83, 0x0, 0x0, 0x0, 0x0, 0x0, 0x1a, 0xff,
    0xff, 0xff, 0xff, 0xfa, 0x10, 0x0, 0x0, 0x0,
    0x2e, 0xff, 0xff, 0xff, 0xff, 0xff, 0xfe, 0x20,
    0x0, 0x0, 0x1e, 0xff, 0xfd, 0x74, 0x24, 0x7d,
    0xff, 0xfe, 0x10, 0x0, 0xb, 0xff, 0xf9, 0x0,
    0x0, 0x0, 0x9, 0xff, 0xfb, 0x0, 0x3, 0xff,
    0xf9, 0x0, 0x0, 0x0, 0x0, 0x9, 0xff, 0xf3,
    0x0, 0xaf, 0xfe, 0x10, 0x0, 0x0, 0x0, 0x0,
    0x1e, 0xff, 0xa0, 0xe, 0xff, 0x90, 0x0, 0x0,
    0x0, 0x0, 0x0, 0x9f, 0xfe, 0x2, 0xff, 0xf3,
    0x0, 0x0, 0x0, 0x0, 0x0, 0x4, 0xff, 0xf2,
    0x4f, 0xff, 0x10, 0x0, 0x0, 0x0, 0x0, 0x0,
    0x1f, 0xff, 0x45, 0xff, 0xf0, 0x0, 0x0, 0x0,
    0x0, 0x0, 0x0, 0xff, 0xf5, 0x5f, 0xff, 0x0,
    0x0, 0x0, 0x0, 0x0, 0x0, 0xf, 0xff, 0x54,
    0xff, 0xf1, 0x0, 0x0, 0x0, 0x0, 0x0, 0x1,
    0xff, 0xf4, 0x2f, 0xff, 0x30, 0x0, 0x0, 0x0,
    0x0, 0x0, 0x3f, 0xff, 0x20, 0xef, 0xf8, 0x0,
    0x0, 0x0, 0x0, 0x0, 0x8, 0xff, 0xe0, 0xa,
    0xff, 0xe0, 0x0, 0x0, 0x0, 0x0, 0x0, 0xef,
    0xfa, 0x0, 0x3f, 0xff, 0x90, 0x0, 0x0, 0x0,
    0x0, 0x9f, 0xff, 0x30, 0x0, 0xbf, 0xff, 0x90,
    0x0, 0x0, 0x0, 0x9f, 0xff, 0xb0, 0x0, 0x1,
    0xef, 0xff, 0xd7, 0x42, 0x37, 0xdf, 0xff, 0xe1,
    0x0, 0x0, 0x2, 0xef, 0xff, 0xff, 0xff, 0xff,
    0xff, 0xe3, 0x0, 0x0, 0x0, 0x1, 0xbf, 0xff,
    0xff, 0xff, 0xff, 0xb1, 0x0, 0x0, 0x0, 0x0,
    0x0, 0x38, 0xcf, 0xff, 0xc9, 0x30, 0x0, 0x0,
    0x0,

    /* U+00D7 "×" */
    0x0, 0x0, 0x0, 0x0, 0x0, 0x0, 0x0, 0x0,
    0x0, 0xb8, 0x0, 0x0, 0x0, 0x0, 0x7c, 0x0,
    0xa, 0xff, 0x80, 0x0, 0x0, 0x7, 0xff, 0xb0,
    0x9, 0xff, 0xf8, 0x0, 0x0, 0x6f, 0xff, 0xa0,
    0x0, 0x9f, 0xff, 0x70, 0x6, 0xff, 0xfa, 0x0,
    0x0, 0x9, 0xff, 0xf7, 0x6f, 0xff, 0xb0, 0x0,
    0x0, 0x0, 0xaf, 0xff, 0xff, 0xfb, 0x0, 0x0,
    0x0, 0x0, 0xa, 0xff, 0xff, 0xb0, 0x0, 0x0,
    0x0, 0x0, 0x5, 0xff, 0xff, 0x60, 0x0, 0x0,
    0x0, 0x0, 0x4f, 0xff, 0xff, 0xf5, 0x0, 0x0,
    0x0, 0x4, 0xff, 0xfc, 0xbf, 0xff, 0x50, 0x0,
    0x0, 0x4f, 0xff, 0xc0, 0xb, 0xff, 0xf5, 0x0,
    0x3, 0xff, 0xfc, 0x10, 0x0, 0xcf, 0xff, 0x40,
    0xd, 0xff, 0xd1, 0x0, 0x0, 0xc, 0xff, 0xe0,
    0x2, 0xed, 0x10, 0x0, 0x0, 0x0, 0xcf, 0x30,
    0x0, 0x21, 0x0, 0x0, 0x0, 0x0, 0x13, 0x0,

    /* U+00D8 "Ø" */
    0x0, 0x0, 0x0, 0x0, 0x0, 0x0, 0x0, 0x0,
    0x3, 0x0, 0x0, 0x0, 0x0, 0x2, 0x8c, 0xef,
    0xec, 0x83, 0x8, 0xf8, 0x0, 0x0, 0x0, 0x1a,
    0xff, 0xff, 0xff, 0xff, 0xfe, 0xff, 0xc0, 0x0,
    0x0, 0x2e, 0xff, 0xff, 0xff, 0xff, 0xff, 0xff,
    0xf2, 0x0, 0x0, 0x1e, 0xff, 0xfd, 0x74, 0x24,
    0x7d, 0xff, 0xff, 0x10, 0x0, 0xb, 0xff, 0xf9,
    0x0, 0x0, 0x0, 0x6f, 0xff, 0xfb, 0x0, 0x3,
    0xff, 0xf9, 0x0, 0x0, 0x0, 0x2f, 0xff, 0xff,
    0xf3, 0x0, 0xaf, 0xfe, 0x10, 0x0, 0x0, 0xc,
    0xff, 0x4e, 0xff, 0xa0, 0xe, 0xff, 0x90, 0x0,
    0x0, 0x7, 0xff, 0x80, 0x9f, 0xfe, 0x2, 0xff,
    0xf3, 0x0, 0x0, 0x3, 0xff, 0xc0, 0x4, 0xff,
    0xf2, 0x4f, 0xff, 0x10, 0x0, 0x0, 0xdf, 0xf2,
    0x0, 0x1f, 0xff, 0x45, 0xff, 0xf0, 0x0, 0x0,
    0xaf, 0xf5, 0x0, 0x0, 0xff, 0xf5, 0x5f, 0xff,
    0x0, 0x0, 0x5f, 0xfa, 0x0, 0x0, 0xf, 0xff,
    0x54, 0xff, 0xf1, 0x0, 0x1e, 0xfe, 0x0, 0x0,
    0x1, 0xff, 0xf4, 0x2f, 0xff, 0x30, 0xc, 0xff,
    0x30, 0x0, 0x0, 0x3f, 0xff, 0x20, 0xef, 0xf8,
    0x7, 0xff, 0x80, 0x0, 0x0, 0x8, 0xff, 0xe0,
    0xa, 0xff, 0xe4, 0xff, 0xc0, 0x0, 0x0, 0x0,
    0xef, 0xfa, 0x0, 0x3f, 0xff, 0xff, 0xf2, 0x0,
    0x0, 0x0, 0x9f, 0xff, 0x30, 0x0, 0xbf, 0xff,
    0xf6, 0x0, 0x0, 0x0, 0x9f, 0xff, 0xb0, 0x0,
    0x1, 0xff, 0xff, 0xd7, 0x42, 0x37, 0xdf, 0xff,
    0xe1, 0x0, 0x0, 0x1f, 0xff, 0xff, 0xff, 0xff,
    0xff, 0xff, 0xe3, 0x0, 0x0, 0xb, 0xff, 0xef,
    0xff, 0xff, 0xff, 0xff, 0xb1, 0x0, 0x0, 0x0,
    0x8f, 0x80, 0x38, 0xcf, 0xff, 0xc9, 0x30, 0x0,
    0x0, 0x0, 0x0, 0x30, 0x0, 0x0, 0x0, 0x0,
    0x0, 0x0, 0x0, 0x0,

    /* U+00D9 "Ù" */
    0x0, 0x0, 0x6, 0x77, 0x30, 0x0, 0x0, 0x0,
    0x0, 0x0, 0x0, 0x5, 0xff, 0xc0, 0x0, 0x0,
    0x0, 0x0, 0x0, 0x0, 0x0, 0xbf, 0xf3, 0x0,
    0x0, 0x0, 0x0, 0x0, 0x0, 0x0, 0x1f, 0xfb,
    0x0, 0x0, 0x0, 0x0, 0x0, 0x0, 0x0, 0x6,
    0xff, 0x20, 0x0, 0x0, 0x0, 0x0, 0x0, 0x0,
    0x0, 0x0, 0x0, 0x0, 0x0, 0x0, 0x0, 0x0,
    0x0, 0x0, 0x0, 0x0, 0x0, 0x0, 0x0, 0x0,
    0x0, 0x0, 0x0, 0x0, 0x0, 0x0, 0x0, 0x0,
    0x9f, 0xfc, 0x0, 0x0, 0x0, 0x0, 0x0, 0x9f,
    0xfc, 0x9f, 0xfc, 0x0, 0x0, 0x0, 0x0, 0x0,
    0x9f, 0xfc, 0x9f, 0xfc, 0x0, 0x0, 0x0, 0x0,
    0x0, 0x9f, 0xfc, 0x9f, 0xfc, 0x0, 0x0, 0x0,
    0x0, 0x0, 0x9f, 0xfc, 0x9f, 0xfc, 0x0, 0x0,
    0x0, 0x0, 0x0, 0x9f, 0xfc, 0x9f, 0xfc, 0x0,
    0x0, 0x0, 0x0, 0x0, 0x9f, 0xfc, 0x9f, 0xfc,
    0x0, 0x0, 0x0, 0x0, 0x0, 0x9f, 0xfc, 0x9f,
    0xfc, 0x0, 0x0, 0x0, 0x0, 0x0, 0x9f, 0xfc,
    0x9f, 0xfc, 0x0, 0x0, 0x0, 0x0, 0x0, 0x9f,
    0xfc, 0x9f, 0xfc, 0x0, 0x0, 0x0, 0x0, 0x0,
    0x9f, 0xfc, 0x9f, 0xfc, 0x0, 0x0, 0x0, 0x0,
    0x0, 0x9f, 0xfc, 0x9f, 0xfc, 0x0, 0x0, 0x0,
    0x0, 0x0, 0x9f, 0xfc, 0x9f, 0xfc, 0x0, 0x0,
    0x0, 0x0, 0x0, 0x9f, 0xfc, 0x9f, 0xfc, 0x0,
    0x0, 0x0, 0x0, 0x0, 0x9f, 0xfc, 0x8f, 0xfc,
    0x0, 0x0, 0x0, 0x0, 0x0, 0x9f, 0xfc, 0x7f,
    0xff, 0x0, 0x0, 0x0, 0x0, 0x0, 0xdf, 0xfa,
    0x4f, 0xff, 0x70, 0x0, 0x0, 0x0, 0x4, 0xff,
    0xf7, 0xd, 0xff, 0xf4, 0x0, 0x0, 0x0, 0x2e,
    0xff, 0xf1, 0x4, 0xff, 0xff, 0xa4, 0x22, 0x48,
    0xff, 0xff, 0x70, 0x0, 0x7f, 0xff, 0xff, 0xff,
    0xff, 0xff, 0xfa, 0x0, 0x0, 0x4, 0xef, 0xff,
    0xff, 0xff, 0xff, 0x60, 0x0, 0x0, 0x0, 0x5,
    0xad, 0xff, 0xdb, 0x61, 0x0, 0x0,

    /* U+00DA "Ú" */
    0x0, 0x0, 0x0, 0x0, 0x2, 0x77, 0x70, 0x0,
    0x0, 0x0, 0x0, 0x0, 0x0, 0x9, 0xff, 0x80,
    0x0, 0x0, 0x0, 0x0, 0x0, 0x0, 0x1f, 0xfd,
    0x0, 0x0, 0x0, 0x0, 0x0, 0x0, 0x0, 0x8f,
    0xf3, 0x0, 0x0, 0x0, 0x0, 0x0, 0x0, 0x0,
    0xef, 0x90, 0x0, 0x0, 0x0, 0x0, 0x0, 0x0,
    0x0, 0x0, 0x0, 0x0, 0x0, 0x0, 0x0, 0x0,
    0x0, 0x0, 0x0, 0x0, 0x0, 0x0, 0x0, 0x0,
    0x0, 0x0, 0x0, 0x0, 0x0, 0x0, 0x0, 0x0,
    0x9f, 0xfc, 0x0, 0x0, 0x0, 0x0, 0x0, 0x9f,
    0xfc, 0x9f, 0xfc, 0x0, 0x0, 0x0, 0x0, 0x0,
    0x9f, 0xfc, 0x9f, 0xfc, 0x0, 0x0, 0x0, 0x0,
    0x0, 0x9f, 0xfc, 0x9f, 0xfc, 0x0, 0x0, 0x0,
    0x0, 0x0, 0x9f, 0xfc, 0x9f, 0xfc, 0x0, 0x0,
    0x0, 0x0, 0x0, 0x9f, 0xfc, 0x9f, 0xfc, 0x0,
    0x0, 0x0, 0x0, 0x0, 0x9f, 0xfc, 0x9f, 0xfc,
    0x0, 0x0, 0x0, 0x0, 0x0, 0x9f, 0xfc, 0x9f,
    0xfc, 0x0, 0x0, 0x0, 0x0, 0x0, 0x9f, 0xfc,
    0x9f, 0xfc, 0x0, 0x0, 0x0, 0x0, 0x0, 0x9f,
    0xfc, 0x9f, 0xfc, 0x0, 0x0, 0x0, 0x0, 0x0,
    0x9f, 0xfc, 0x9f, 0xfc, 0x0, 0x0, 0x0, 0x0,
    0x0, 0x9f, 0xfc, 0x9f, 0xfc, 0x0, 0x0, 0x0,
    0x0, 0x0, 0x9f, 0xfc, 0x9f, 0xfc, 0x0, 0x0,
    0x0, 0x0, 0x0, 0x9f, 0xfc, 0x9f, 0xfc, 0x0,
    0x0, 0x0, 0x0, 0x0, 0x9f, 0xfc, 0x8f, 0xfc,
    0x0, 0x0, 0x0, 0x0, 0x0, 0x9f, 0xfc, 0x7f,
    0xff, 0x0, 0x0, 0x0, 0x0, 0x0, 0xdf, 0xfa,
    0x4f, 0xff, 0x70, 0x0, 0x0, 0x0, 0x4, 0xff,
    0xf7, 0xd, 0xff, 0xf4, 0x0, 0x0, 0x0, 0x2e,
    0xff, 0xf1, 0x4, 0xff, 0xff, 0xa4, 0x22, 0x48,
    0xff, 0xff, 0x70, 0x0, 0x7f, 0xff, 0xff, 0xff,
    0xff, 0xff, 0xfa, 0x0, 0x0, 0x4, 0xef, 0xff,
    0xff, 0xff, 0xff, 0x60, 0x0, 0x0, 0x0, 0x5,
    0xad, 0xff, 0xdb, 0x61, 0x0, 0x0,

    /* U+00DB "Û" */
    0x0, 0x0, 0x0, 0x4, 0x88, 0x50, 0x0, 0x0,
    0x0, 0x0, 0x0, 0x0, 0x3f, 0xff, 0xf5, 0x0,
    0x0, 0x0, 0x0, 0x0, 0x1, 0xef, 0xdb, 0xff,
    0x30, 0x0, 0x0, 0x0, 0x0, 0xc, 0xff, 0x21,
    0xef, 0xe1, 0x0, 0x0, 0x0, 0x0, 0xbf, 0xf6,
    0x0, 0x3f, 0xfc, 0x0, 0x0, 0x0, 0x0, 0x0,
    0x0, 0x0, 0x0, 0x0, 0x0, 0x0, 0x0, 0x0,
    0x0, 0x0, 0x0, 0x0, 0x0, 0x0, 0x0, 0x0,
    0x0, 0x0, 0x0, 0x0, 0x0, 0x0, 0x0, 0x0,
    0x9f, 0xfc, 0x0, 0x0, 0x0, 0x0, 0x0, 0x9f,
    0xfc, 0x9f, 0xfc, 0x0, 0x0, 0x0, 0x0, 0x0,
    0x9f, 0xfc, 0x9f, 0xfc, 0x0, 0x0, 0x0, 0x0,
    0x0, 0x9f, 0xfc, 0x9f, 0xfc, 0x0, 0x0, 0x0,
    0x0, 0x0, 0x9f, 0xfc, 0x9f, 0xfc, 0x0, 0x0,
    0x0, 0x0, 0x0, 0x9f, 0xfc, 0x9f, 0xfc, 0x0,
    0x0, 0x0, 0x0, 0x0, 0x9f, 0xfc, 0x9f, 0xfc,
    0x0, 0x0, 0x0, 0x0, 0x0, 0x9f, 0xfc, 0x9f,
    0xfc, 0x0, 0x0, 0x0, 0x0, 0x0, 0x9f, 0xfc,
    0x9f, 0xfc, 0x0, 0x0, 0x0, 0x0, 0x0, 0x9f,
    0xfc, 0x9f, 0xfc, 0x0, 0x0, 0x0, 0x0, 0x0,
    0x9f, 0xfc, 0x9f, 0xfc, 0x0, 0x0, 0x0, 0x0,
    0x0, 0x9f, 0xfc, 0x9f, 0xfc, 0x0, 0x0, 0x0,
    0x0, 0x0, 0x9f, 0xfc, 0x9f, 0xfc, 0x0, 0x0,
    0x0, 0x0, 0x0, 0x9f, 0xfc, 0x9f, 0xfc, 0x0,
    0x0, 0x0, 0x0, 0x0, 0x9f, 0xfc, 0x8f, 0xfc,
    0x0, 0x0, 0x0, 0x0, 0x0, 0x9f, 0xfc, 0x7f,
    0xff, 0x0, 0x0, 0x0, 0x0, 0x0, 0xdf, 0xfa,
    0x4f, 0xff, 0x70, 0x0, 0x0, 0x0, 0x4, 0xff,
    0xf7, 0xd, 0xff, 0xf4, 0x0, 0x0, 0x0, 0x2e,
    0xff, 0xf1, 0x4, 0xff, 0xff, 0xa4, 0x22, 0x48,
    0xff, 0xff, 0x70, 0x0, 0x7f, 0xff, 0xff, 0xff,
    0xff, 0xff, 0xfa, 0x0, 0x0, 0x4, 0xef, 0xff,
    0xff, 0xff, 0xff, 0x60, 0x0, 0x0, 0x0, 0x5,
    0xad, 0xff, 0xdb, 0x61, 0x0, 0x0,

    /* U+00DC "Ü" */
    0x0, 0x0, 0x4e, 0xe3, 0x0, 0x1c, 0xf6, 0x0,
    0x0, 0x0, 0x0, 0xdf, 0xfc, 0x0, 0x8f, 0xff,
    0x10, 0x0, 0x0, 0x0, 0xcf, 0xfb, 0x0, 0x7f,
    0xff, 0x0, 0x0, 0x0, 0x0, 0x2b, 0xb2, 0x0,
    0x9, 0xc4, 0x0, 0x0, 0x0, 0x0, 0x0, 0x0,
    0x0, 0x0, 0x0, 0x0, 0x0, 0x0, 0x0, 0x0,
    0x0, 0x0, 0x0, 0x0, 0x0, 0x0, 0x0, 0x0,
    0x0, 0x0, 0x0, 0x0, 0x0, 0x0, 0x0, 0x9f,
    0xfc, 0x0, 0x0, 0x0, 0x0, 0x0, 0x9f, 0xfc,
    0x9f, 0xfc, 0x0, 0x0, 0x0, 0x0, 0x0, 0x9f,
    0xfc, 0x9f, 0xfc, 0x0, 0x0, 0x0, 0x0, 0x0,
    0x9f, 0xfc, 0x9f, 0xfc, 0x0, 0x0, 0x0, 0x0,
    0x0, 0x9f, 0xfc, 0x9f, 0xfc, 0x0, 0x0, 0x0,
    0x0, 0x0, 0x9f, 0xfc, 0x9f, 0xfc, 0x0, 0x0,
    0x0, 0x0, 0x0, 0x9f, 0xfc, 0x9f, 0xfc, 0x0,
    0x0, 0x0, 0x0, 0x0, 0x9f, 0xfc, 0x9f, 0xfc,
    0x0, 0x0, 0x0, 0x0, 0x0, 0x9f, 0xfc, 0x9f,
    0xfc, 0x0, 0x0, 0x0, 0x0, 0x0, 0x9f, 0xfc,
    0x9f, 0xfc, 0x0, 0x0, 0x0, 0x0, 0x0, 0x9f,
    0xfc, 0x9f, 0xfc, 0x0, 0x0, 0x0, 0x0, 0x0,
    0x9f, 0xfc, 0x9f, 0xfc, 0x0, 0x0, 0x0, 0x0,
    0x0, 0x9f, 0xfc, 0x9f, 0xfc, 0x0, 0x0, 0x0,
    0x0, 0x0, 0x9f, 0xfc, 0x9f, 0xfc, 0x0, 0x0,
    0x0, 0x0, 0x0, 0x9f, 0xfc, 0x8f, 0xfc, 0x0,
    0x0, 0x0, 0x0, 0x0, 0x9f, 0xfc, 0x7f, 0xff,
    0x0, 0x0, 0x0, 0x0, 0x0, 0xdf, 0xfa, 0x4f,
    0xff, 0x70, 0x0, 0x0, 0x0, 0x4, 0xff, 0xf7,
    0xd, 0xff, 0xf4, 0x0, 0x0, 0x0, 0x2e, 0xff,
    0xf1, 0x4, 0xff, 0xff, 0xa4, 0x22, 0x48, 0xff,
    0xff, 0x70, 0x0, 0x7f, 0xff, 0xff, 0xff, 0xff,
    0xff, 0xfa, 0x0, 0x0, 0x4, 0xef, 0xff, 0xff,
    0xff, 0xff, 0x60, 0x0, 0x0, 0x0, 0x5, 0xad,
    0xff, 0xdb, 0x61, 0x0, 0x0,

    /* U+00DD "Ý" */
    0x0, 0x0, 0x0, 0x0, 0x0, 0x1f, 0xff, 0x30,
    0x0, 0x0, 0x0, 0x0, 0x0, 0x0, 0x0, 0x7,
    0xff, 0x80, 0x0, 0x0, 0x0, 0x0, 0x0, 0x0,
    0x0, 0x0, 0xef, 0xd0, 0x0, 0x0, 0x0, 0x0,
    0x0, 0x0, 0x0, 0x0, 0x6f, 0xf4, 0x0, 0x0,
    0x0, 0x0, 0x0, 0x0, 0x0, 0x0, 0x5, 0x75,
    0x0, 0x0, 0x0, 0x0, 0x0, 0x0, 0x0, 0x0,
    0x0, 0x0, 0x0, 0x0, 0x0, 0x0, 0x0, 0x0,
    0x0, 0x0, 0x0, 0x0, 0x0, 0x0, 0x0, 0x0,
    0x0, 0x0, 0xef, 0xfe, 0x0, 0x0, 0x0, 0x0,
    0x0, 0x1f, 0xff, 0xd0, 0x5, 0xff, 0xf8, 0x0,
    0x0, 0x0, 0x0, 0x9, 0xff, 0xf3, 0x0, 0xb,
    0xff, 0xf2, 0x0, 0x0, 0x0, 0x3, 0xff, 0xfa,
    0x0, 0x0, 0x2f, 0xff, 0xb0, 0x0, 0x0, 0x0,
    0xcf, 0xfe, 0x10, 0x0, 0x0, 0x8f, 0xff, 0x40,
    0x0, 0x0, 0x5f, 0xff, 0x60, 0x0, 0x0, 0x0,
    0xdf, 0xfd, 0x0, 0x0, 0xe, 0xff, 0xc0, 0x0,
    0x0, 0x0, 0x4, 0xff, 0xf7, 0x0, 0x8, 0xff,
    0xf3, 0x0, 0x0, 0x0, 0x0, 0xb, 0xff, 0xf1,
    0x1, 0xff, 0xf9, 0x0, 0x0, 0x0, 0x0, 0x0,
    0x2f, 0xff, 0x90, 0x9f, 0xfe, 0x10, 0x0, 0x0,
    0x0, 0x0, 0x0, 0x7f, 0xff, 0x3f, 0xff, 0x60,
    0x0, 0x0, 0x0, 0x0, 0x0, 0x0, 0xdf, 0xfe,
    0xff, 0xc0, 0x0, 0x0, 0x0, 0x0, 0x0, 0x0,
    0x4, 0xff, 0xff, 0xf3, 0x0, 0x0, 0x0, 0x0,
    0x0, 0x0, 0x0, 0xa, 0xff, 0xf9, 0x0, 0x0,
    0x0, 0x0, 0x0, 0x0, 0x0, 0x0, 0x3f, 0xff,
    0x20, 0x0, 0x0, 0x0, 0x0, 0x0, 0x0, 0x0,
    0x3, 0xff, 0xf2, 0x0, 0x0, 0x0, 0x0, 0x0,
    0x0, 0x0, 0x0, 0x3f, 0xff, 0x20, 0x0, 0x0,
    0x0, 0x0, 0x0, 0x0, 0x0, 0x3, 0xff, 0xf2,
    0x0, 0x0, 0x0, 0x0, 0x0, 0x0, 0x0, 0x0,
    0x3f, 0xff, 0x20, 0x0, 0x0, 0x0, 0x0, 0x0,
    0x0, 0x0, 0x3, 0xff, 0xf2, 0x0, 0x0, 0x0,
    0x0, 0x0, 0x0, 0x0, 0x0, 0x3f, 0xff, 0x20,
    0x0, 0x0, 0x0, 0x0, 0x0, 0x0, 0x0, 0x3,
    0xff, 0xf2, 0x0, 0x0, 0x0, 0x0, 0x0, 0x0,
    0x0, 0x0, 0x3f, 0xff, 0x20, 0x0, 0x0, 0x0,
    0x0,

    /* U+00DE "Þ" */
    0xbf, 0xfa, 0x0, 0x0, 0x0, 0x0, 0x0, 0x0,
    0xbf, 0xfa, 0x0, 0x0, 0x0, 0x0, 0x0, 0x0,
    0xbf, 0xfa, 0x0, 0x0, 0x0, 0x0, 0x0, 0x0,
    0xbf, 0xfa, 0x0, 0x0, 0x0, 0x0, 0x0, 0x0,
    0xbf, 0xff, 0xff, 0xff, 0xec, 0x82, 0x0, 0x0,
    0xbf, 0xff, 0xff, 0xff, 0xff, 0xff, 0x80, 0x0,
    0xbf, 0xff, 0xdd, 0xdd, 0xff, 0xff, 0xf9, 0x0,
    0xbf, 0xfa, 0x0, 0x0, 0x2, 0xbf, 0xff, 0x40,
    0xbf, 0xfa, 0x0, 0x0, 0x0, 0xc, 0xff, 0xa0,
    0xbf, 0xfa, 0x0, 0x0, 0x0, 0x4, 0xff, 0xe0,
    0xbf, 0xfa, 0x0, 0x0, 0x0, 0x2, 0xff, 0xf0,
    0xbf, 0xfa, 0x0, 0x0, 0x0, 0x4, 0xff, 0xe0,
    0xbf, 0xfa, 0x0, 0x0, 0x0, 0xb, 0xff, 0xa0,
    0xbf, 0xfa, 0x0, 0x0, 0x2, 0xaf, 0xff, 0x40,
    0xbf, 0xff, 0xdd, 0xdd, 0xef, 0xff, 0xf9, 0x0,
    0xbf, 0xff, 0xff, 0xff, 0xff, 0xff, 0x80, 0x0,
    0xbf, 0xff, 0xff, 0xff, 0xec, 0x82, 0x0, 0x0,
    0xbf, 0xfa, 0x0, 0x0, 0x0, 0x0, 0x0, 0x0,
    0xbf, 0xfa, 0x0, 0x0, 0x0, 0x0, 0x0, 0x0,
    0xbf, 0xfa, 0x0, 0x0, 0x0, 0x0, 0x0, 0x0,
    0xbf, 0xfa, 0x0, 0x0, 0x0, 0x0, 0x0, 0x0,
    0xbf, 0xfa, 0x0, 0x0, 0x0, 0x0, 0x0, 0x0,

    /* U+00DF "ß" */
    0x0, 0x3, 0x9d, 0xef, 0xea, 0x50, 0x0, 0x0,
    0x0, 0x8f, 0xff, 0xff, 0xff, 0xfd, 0x20, 0x0,
    0x7, 0xff, 0xff, 0xff, 0xff, 0xff, 0xe1, 0x0,
    0x1f, 0xff, 0xe5, 0x10, 0x2a, 0xff, 0xf9, 0x0,
    0x6f, 0xff, 0x30, 0x0, 0x0, 0xbf, 0xfe, 0x0,
    0x8f, 0xfc, 0x0, 0x0, 0x0, 0x5f, 0xff, 0x0,
    0x9f, 0xfa, 0x0, 0x0, 0x0, 0x5f, 0xfe, 0x0,
    0x9f, 0xfa, 0x0, 0x0, 0x0, 0xbf, 0xf8, 0x0,
    0x9f, 0xfa, 0x0, 0x0, 0x8, 0xff, 0xd1, 0x0,
    0x9f, 0xfa, 0x0, 0x9e, 0xff, 0xf9, 0x10, 0x0,
    0x9f, 0xfa, 0x0, 0xaf, 0xff, 0xe9, 0x40, 0x0,
    0x9f, 0xfa, 0x0, 0xaf, 0xff, 0xff, 0xf9, 0x0,
    0x9f, 0xfa, 0x0, 0x0, 0x3, 0xaf, 0xff, 0x70,
    0x9f, 0xfa, 0x0, 0x0, 0x0, 0x9, 0xff, 0xe0,
    0x9f, 0xfa, 0x0, 0x0, 0x0, 0x1, 0xff, 0xf3,
    0x9f, 0xfa, 0x0, 0x0, 0x0, 0x0, 0xef, 0xf5,
    0x9f, 0xfa, 0x0, 0x0, 0x0, 0x0, 0xff, 0xf4,
    0x9f, 0xfa, 0x0, 0x0, 0x0, 0x6, 0xff, 0xf2,
    0x9f, 0xfa, 0x0, 0x0, 0x1, 0x7f, 0xff, 0xc0,
    0x9f, 0xfa, 0x0, 0xbe, 0xef, 0xff, 0xff, 0x30,
    0x9f, 0xfa, 0x0, 0xcf, 0xff, 0xff, 0xe4, 0x0,
    0x9f, 0xfa, 0x0, 0xcf, 0xfe, 0xc7, 0x10, 0x0,

    /* U+00E0 "à" */
    0x0, 0x6, 0xff, 0xc0, 0x0, 0x0, 0x0, 0x0,
    0x0, 0xcf, 0xf3, 0x0, 0x0, 0x0, 0x0, 0x0,
    0x2f, 0xfb, 0x0, 0x0, 0x0, 0x0, 0x0, 0x8,
    0xff, 0x20, 0x0, 0x0, 0x0, 0x0, 0x0, 0x78,
    0x30, 0x0, 0x0, 0x0, 0x0, 0x0, 0x0, 0x0,
    0x0, 0x0, 0x0, 0x0, 0x0, 0x0, 0x0, 0x0,
    0x0, 0x0, 0x1, 0x8c, 0xef, 0xec, 0x70, 0x0,
    0x0, 0x6f, 0xff, 0xff, 0xff, 0xfe, 0x30, 0x6,
    0xff, 0xff, 0xdb, 0xdf, 0xff, 0xe1, 0xe, 0xff,
    0xc2, 0x0, 0x4, 0xff, 0xf7, 0x5, 0x9c, 0x0,
    0x0, 0x0, 0x8f, 0xfb, 0x0, 0x0, 0x0, 0x0,
    0x0, 0x6f, 0xfd, 0x0, 0x0, 0x0, 0x0, 0x14,
    0xcf, 0xfe, 0x0, 0x4, 0x8b, 0xdf, 0xff, 0xff,
    0xfe, 0x3, 0xdf, 0xff, 0xff, 0xff, 0xdf, 0xfe,
    0x1e, 0xff, 0xfb, 0x85, 0x30, 0x5f, 0xfe, 0x8f,
    0xfe, 0x20, 0x0, 0x0, 0x5f, 0xfe, 0xbf, 0xf7,
    0x0, 0x0, 0x0, 0x7f, 0xfe, 0xbf, 0xf7, 0x0,
    0x0, 0x0, 0xdf, 0xfe, 0x8f, 0xfe, 0x20, 0x0,
    0x1b, 0xff, 0xfe, 0x2f, 0xff, 0xfc, 0xac, 0xff,
    0xbf, 0xfe, 0x5, 0xff, 0xff, 0xff, 0xfa, 0x4f,
    0xfe, 0x0, 0x29, 0xdf, 0xec, 0x50, 0x4f, 0xfe,

    /* U+00E1 "á" */
    0x0, 0x0, 0x0, 0x2, 0xff, 0xf1, 0x0, 0x0,
    0x0, 0x0, 0x9, 0xff, 0x60, 0x0, 0x0, 0x0,
    0x0, 0x1f, 0xfc, 0x0, 0x0, 0x0, 0x0, 0x0,
    0x8f, 0xf2, 0x0, 0x0, 0x0, 0x0, 0x0, 0x68,
    0x50, 0x0, 0x0, 0x0, 0x0, 0x0, 0x0, 0x0,
    0x0, 0x0, 0x0, 0x0, 0x0, 0x0, 0x0, 0x0,
    0x0, 0x0, 0x1, 0x8c, 0xef, 0xec, 0x70, 0x0,
    0x0, 0x6f, 0xff, 0xff, 0xff, 0xfe, 0x30, 0x6,
    0xff, 0xff, 0xdb, 0xdf, 0xff, 0xe1, 0xe, 0xff,
    0xc2, 0x0, 0x4, 0xff, 0xf7, 0x5, 0x9c, 0x0,
    0x0, 0x0, 0x8f, 0xfb, 0x0, 0x0, 0x0, 0x0,
    0x0, 0x6f, 0xfd, 0x0, 0x0, 0x0, 0x0, 0x14,
    0xcf, 0xfe, 0x0, 0x4, 0x8b, 0xdf, 0xff, 0xff,
    0xfe, 0x3, 0xdf, 0xff, 0xff, 0xff, 0xdf, 0xfe,
    0x1e, 0xff, 0xfb, 0x85, 0x30, 0x5f, 0xfe, 0x8f,
    0xfe, 0x20, 0x0, 0x0, 0x5f, 0xfe, 0xbf, 0xf7,
    0x0, 0x0, 0x0, 0x7f, 0xfe, 0xbf, 0xf7, 0x0,
    0x0, 0x0, 0xdf, 0xfe, 0x8f, 0xfe, 0x20, 0x0,
    0x1b, 0xff, 0xfe, 0x2f, 0xff, 0xfc, 0xac, 0xff,
    0xbf, 0xfe, 0x5, 0xff, 0xff, 0xff, 0xfa, 0x4f,
    0xfe, 0x0, 0x29, 0xdf, 0xec, 0x50, 0x4f, 0xfe,

    /* U+00E2 "â" */
    0x0, 0x0, 0x8, 0xff, 0xf2, 0x0, 0x0, 0x0,
    0x0, 0x5f, 0xff, 0xfd, 0x10, 0x0, 0x0, 0x3,
    0xff, 0xb2, 0xff, 0xc0, 0x0, 0x0, 0x2e, 0xfe,
    0x10, 0x5f, 0xf9, 0x0, 0x0, 0x58, 0x83, 0x0,
    0x6, 0x88, 0x10, 0x0, 0x0, 0x0, 0x0, 0x0,
    0x0, 0x0, 0x0, 0x0, 0x0, 0x0, 0x0, 0x0,
    0x0, 0x0, 0x1, 0x8c, 0xef, 0xec, 0x70, 0x0,
    0x0, 0x6f, 0xff, 0xff, 0xff, 0xfe, 0x30, 0x6,
    0xff, 0xff, 0xdb, 0xdf, 0xff, 0xe1, 0xe, 0xff,
    0xc2, 0x0, 0x4, 0xff, 0xf7, 0x5, 0x9c, 0x0,
    0x0, 0x0, 0x8f, 0xfb, 0x0, 0x0, 0x0, 0x0,
    0x0, 0x6f, 0xfd, 0x0, 0x0, 0x0, 0x0, 0x14,
    0xcf, 0xfe, 0x0, 0x4, 0x8b, 0xdf, 0xff, 0xff,
    0xfe, 0x3, 0xdf, 0xff, 0xff, 0xff, 0xdf, 0xfe,
    0x1e, 0xff, 0xfb, 0x85, 0x30, 0x5f, 0xfe, 0x8f,
    0xfe, 0x20, 0x0, 0x0, 0x5f, 0xfe, 0xbf, 0xf7,
    0x0, 0x0, 0x0, 0x7f, 0xfe, 0xbf, 0xf7, 0x0,
    0x0, 0x0, 0xdf, 0xfe, 0x8f, 0xfe, 0x20, 0x0,
    0x1b, 0xff, 0xfe, 0x2f, 0xff, 0xfc, 0xac, 0xff,
    0xbf, 0xfe, 0x5, 0xff, 0xff, 0xff, 0xfa, 0x4f,
    0xfe, 0x0, 0x29, 0xdf, 0xec, 0x50, 0x4f, 0xfe,

    /* U+00E3 "ã" */
    0x0, 0x5, 0xdf, 0xff, 0xff, 0xfb, 0x0, 0x0,
    0x1f, 0xff, 0xff, 0xff, 0xd2, 0x0, 0x0, 0x1,
    0x12, 0x21, 0x10, 0x0, 0x0, 0x0, 0x0, 0x0,
    0x0, 0x0, 0x0, 0x0, 0x0, 0x0, 0x0, 0x0,
    0x0, 0x0, 0x0, 0x0, 0x1, 0x8c, 0xef, 0xec,
    0x70, 0x0, 0x0, 0x6f, 0xff, 0xff, 0xff, 0xfe,
    0x30, 0x6, 0xff, 0xff, 0xdb, 0xdf, 0xff, 0xe1,
    0xe, 0xff, 0xc2, 0x0, 0x4, 0xff, 0xf7, 0x5,
    0x9c, 0x0, 0x0, 0x0, 0x8f, 0xfb, 0x0, 0x0,
    0x0, 0x0, 0x0, 0x6f, 0xfd, 0x0, 0x0, 0x0,
    0x0, 0x14, 0xcf, 0xfe, 0x0, 0x4, 0x8b, 0xdf,
    0xff, 0xff, 0xfe, 0x3, 0xdf, 0xff, 0xff, 0xff,
    0xdf, 0xfe, 0x1e, 0xff, 0xfb, 0x85, 0x30, 0x5f,
    0xfe, 0x8f, 0xfe, 0x20, 0x0, 0x0, 0x5f, 0xfe,
    0xbf, 0xf7, 0x0, 0x0, 0x0, 0x7f, 0xfe, 0xbf,
    0xf7, 0x0, 0x0, 0x0, 0xdf, 0xfe, 0x8f, 0xfe,
    0x20, 0x0, 0x1b, 0xff, 0xfe, 0x2f, 0xff, 0xfc,
    0xac, 0xff, 0xbf, 0xfe, 0x5, 0xff, 0xff, 0xff,
    0xfa, 0x4f, 0xfe, 0x0, 0x29, 0xdf, 0xec, 0x50,
    0x4f, 0xfe,

    /* U+00E4 "ä" */
    0x0, 0x1a, 0xc4, 0x0, 0x7, 0xc7, 0x0, 0x0,
    0x8f, 0xfe, 0x0, 0x4f, 0xff, 0x30, 0x0, 0x9f,
    0xff, 0x0, 0x5f, 0xff, 0x40, 0x0, 0x2c, 0xe6,
    0x0, 0xa, 0xf9, 0x0, 0x0, 0x0, 0x0, 0x0,
    0x0, 0x0, 0x0, 0x0, 0x0, 0x0, 0x0, 0x0,
    0x0, 0x0, 0x0, 0x0, 0x0, 0x0, 0x0, 0x0,
    0x0, 0x0, 0x1, 0x8c, 0xef, 0xec, 0x70, 0x0,
    0x0, 0x6f, 0xff, 0xff, 0xff, 0xfe, 0x30, 0x6,
    0xff, 0xff, 0xdb, 0xdf, 0xff, 0xe1, 0xe, 0xff,
    0xc2, 0x0, 0x4, 0xff, 0xf7, 0x5, 0x9c, 0x0,
    0x0, 0x0, 0x8f, 0xfb, 0x0, 0x0, 0x0, 0x0,
    0x0, 0x6f, 0xfd, 0x0, 0x0, 0x0, 0x0, 0x14,
    0xcf, 0xfe, 0x0, 0x4, 0x8b, 0xdf, 0xff, 0xff,
    0xfe, 0x3, 0xdf, 0xff, 0xff, 0xff, 0xdf, 0xfe,
    0x1e, 0xff, 0xfb, 0x85, 0x30, 0x5f, 0xfe, 0x8f,
    0xfe, 0x20, 0x0, 0x0, 0x5f, 0xfe, 0xbf, 0xf7,
    0x0, 0x0, 0x0, 0x7f, 0xfe, 0xbf, 0xf7, 0x0,
    0x0, 0x0, 0xdf, 0xfe, 0x8f, 0xfe, 0x20, 0x0,
    0x1b, 0xff, 0xfe, 0x2f, 0xff, 0xfc, 0xac, 0xff,
    0xbf, 0xfe, 0x5, 0xff, 0xff, 0xff, 0xfa, 0x4f,
    0xfe, 0x0, 0x29, 0xdf, 0xec, 0x50, 0x4f, 0xfe,

    /* U+00E5 "å" */
    0x0, 0x0, 0x7, 0xde, 0xb3, 0x0, 0x0, 0x0,
    0x0, 0xaf, 0xff, 0xff, 0x50, 0x0, 0x0, 0x4,
    0xff, 0x40, 0x8f, 0xe0, 0x0, 0x0, 0x8, 0xfa,
    0x0, 0xe, 0xf2, 0x0, 0x0, 0x8, 0xfa, 0x0,
    0xe, 0xf2, 0x0, 0x0, 0x4, 0xff, 0x40, 0x8f,
    0xe0, 0x0, 0x0, 0x0, 0xaf, 0xff, 0xff, 0x50,
    0x0, 0x0, 0x0, 0x7, 0xde, 0xb4, 0x0, 0x0,
    0x0, 0x0, 0x0, 0x0, 0x0, 0x0, 0x0, 0x0,
    0x1, 0x8c, 0xef, 0xec, 0x70, 0x0, 0x0, 0x6f,
    0xff, 0xff, 0xff, 0xfe, 0x30, 0x6, 0xff, 0xff,
    0xdb, 0xdf, 0xff, 0xe1, 0xe, 0xff, 0xc2, 0x0,
    0x4, 0xff, 0xf7, 0x5, 0x9c, 0x0, 0x0, 0x0,
    0x8f, 0xfb, 0x0, 0x0, 0x0, 0x0, 0x0, 0x6f,
    0xfd, 0x0, 0x0, 0x0, 0x0, 0x14, 0xcf, 0xfe,
    0x0, 0x4, 0x8b, 0xdf, 0xff, 0xff, 0xfe, 0x3,
    0xdf, 0xff, 0xff, 0xff, 0xdf, 0xfe, 0x1e, 0xff,
    0xfb, 0x85, 0x30, 0x5f, 0xfe, 0x8f, 0xfe, 0x20,
    0x0, 0x0, 0x5f, 0xfe, 0xbf, 0xf7, 0x0, 0x0,
    0x0, 0x7f, 0xfe, 0xbf, 0xf7, 0x0, 0x0, 0x0,
    0xdf, 0xfe, 0x8f, 0xfe, 0x20, 0x0, 0x1b, 0xff,
    0xfe, 0x2f, 0xff, 0xfc, 0xac, 0xff, 0xbf, 0xfe,
    0x5, 0xff, 0xff, 0xff, 0xfa, 0x4f, 0xfe, 0x0,
    0x29, 0xdf, 0xec, 0x50, 0x4f, 0xfe,

    /* U+00E6 "æ" */
    0x0, 0x1, 0x8c, 0xef, 0xeb, 0x50, 0x0, 0x39,
    0xdf, 0xec, 0x71, 0x0, 0x0, 0x0, 0x6f, 0xff,
    0xff, 0xff, 0xfa, 0x7, 0xff, 0xff, 0xff, 0xff,
    0x60, 0x0, 0x6, 0xff, 0xff, 0xdb, 0xdf, 0xff,
    0xcf, 0xff, 0xeb, 0xcf, 0xff, 0xf5, 0x0, 0xe,
    0xff, 0xc2, 0x0, 0x4, 0xff, 0xff, 0xf6, 0x0,
    0x1, 0xaf, 0xff, 0x10, 0x5, 0x9c, 0x10, 0x0,
    0x0, 0x9f, 0xff, 0x50, 0x0, 0x0, 0xc, 0xff,
    0x80, 0x0, 0x0, 0x0, 0x0, 0x0, 0x6f, 0xfd,
    0x0, 0x0, 0x0, 0x5, 0xff, 0xc0, 0x0, 0x0,
    0x0, 0x0, 0x0, 0x6f, 0xf9, 0x0, 0x0, 0x0,
    0x2, 0xff, 0xf0, 0x0, 0x5, 0xad, 0xff, 0xff,
    0xff, 0xff, 0xff, 0xff, 0xff, 0xff, 0xff, 0xf1,
    0x3, 0xdf, 0xff, 0xff, 0xff, 0xff, 0xff, 0xff,
    0xff, 0xff, 0xff, 0xff, 0xf1, 0x1e, 0xff, 0xfc,
    0x97, 0x77, 0xaf, 0xfb, 0x77, 0x77, 0x77, 0x77,
    0x77, 0x70, 0x8f, 0xfe, 0x20, 0x0, 0x0, 0x6f,
    0xf9, 0x0, 0x0, 0x0, 0x0, 0x0, 0x0, 0xbf,
    0xf7, 0x0, 0x0, 0x0, 0x8f, 0xfd, 0x0, 0x0,
    0x0, 0x0, 0x0, 0x0, 0xbf, 0xf7, 0x0, 0x0,
    0x0, 0xef, 0xff, 0x60, 0x0, 0x0, 0x7, 0xeb,
    0x70, 0x8f, 0xfe, 0x40, 0x0, 0x2c, 0xff, 0xff,
    0xf7, 0x0, 0x0, 0x7f, 0xff, 0x70, 0x2f, 0xff,
    0xfe, 0xce, 0xff, 0xf9, 0x9f, 0xff, 0xfc, 0xdf,
    0xff, 0xfd, 0x0, 0x5, 0xff, 0xff, 0xff, 0xff,
    0x80, 0x9, 0xff, 0xff, 0xff, 0xff, 0xc1, 0x0,
    0x0, 0x29, 0xdf, 0xfd, 0x82, 0x0, 0x0, 0x39,
    0xdf, 0xfe, 0xa5, 0x0, 0x0,

    /* U+00E7 "ç" */
    0x0, 0x0, 0x39, 0xdf, 0xfd, 0xa3, 0x0, 0x0,
    0x0, 0x8f, 0xff, 0xff, 0xff, 0xfa, 0x0, 0x0,
    0x9f, 0xff, 0xfe, 0xdf, 0xff, 0xfb, 0x0, 0x4f,
    0xff, 0xb2, 0x0, 0x19, 0xff, 0xf5, 0xc, 0xff,
    0xc0, 0x0, 0x0, 0xb, 0xff, 0xb2, 0xff, 0xf3,
    0x0, 0x0, 0x0, 0x27, 0x30, 0x6f, 0xfe, 0x0,
    0x0, 0x0, 0x0, 0x0, 0x7, 0xff, 0xc0, 0x0,
    0x0, 0x0, 0x0, 0x0, 0x9f, 0xfb, 0x0, 0x0,
    0x0, 0x0, 0x0, 0x7, 0xff, 0xc0, 0x0, 0x0,
    0x0, 0x0, 0x0, 0x6f, 0xfe, 0x0, 0x0, 0x0,
    0x0, 0x0, 0x2, 0xff, 0xf3, 0x0, 0x0, 0x0,
    0x29, 0x51, 0xc, 0xff, 0xc0, 0x0, 0x0, 0xa,
    0xff, 0xc0, 0x4f, 0xff, 0xb1, 0x0, 0x19, 0xff,
    0xf5, 0x0, 0x9f, 0xff, 0xfe, 0xdf, 0xff, 0xfb,
    0x0, 0x0, 0x8f, 0xff, 0xff, 0xff, 0xfa, 0x0,
    0x0, 0x0, 0x39, 0xdf, 0xfd, 0xa3, 0x0, 0x0,
    0x0, 0x0, 0x0, 0xec, 0x0, 0x0, 0x0, 0x0,
    0x0, 0x0, 0xf, 0xfe, 0x90, 0x0, 0x0, 0x0,
    0x0, 0x0, 0x66, 0xdf, 0x60, 0x0, 0x0, 0x0,
    0x0, 0x0, 0x8, 0xf9, 0x0, 0x0, 0x0, 0x0,
    0x6, 0xab, 0xff, 0x50, 0x0, 0x0, 0x0, 0x0,
    0xaf, 0xfd, 0x70, 0x0, 0x0,

    /* U+00E8 "è" */
    0x0, 0x0, 0xdf, 0xf5, 0x0, 0x0, 0x0, 0x0,
    0x0, 0x0, 0x3f, 0xfc, 0x0, 0x0, 0x0, 0x0,
    0x0, 0x0, 0x9, 0xff, 0x40, 0x0, 0x0, 0x0,
    0x0, 0x0, 0x0, 0xef, 0xb0, 0x0, 0x0, 0x0,
    0x0, 0x0, 0x0, 0x38, 0x70, 0x0, 0x0, 0x0,
    0x0, 0x0, 0x0, 0x0, 0x0, 0x0, 0x0, 0x0,
    0x0, 0x0, 0x0, 0x0, 0x0, 0x0, 0x0, 0x0,
    0x0, 0x0, 0x39, 0xdf, 0xed, 0x82, 0x0, 0x0,
    0x0, 0x8, 0xff, 0xff, 0xff, 0xff, 0x80, 0x0,
    0x0, 0x9f, 0xff, 0xfc, 0xcf, 0xff, 0xf8, 0x0,
    0x4, 0xff, 0xf8, 0x0, 0x0, 0x9f, 0xff, 0x30,
    0xc, 0xff, 0x90, 0x0, 0x0, 0xc, 0xff, 0xa0,
    0x2f, 0xff, 0x0, 0x0, 0x0, 0x4, 0xff, 0xf0,
    0x6f, 0xfc, 0x0, 0x0, 0x0, 0x0, 0xff, 0xf2,
    0x7f, 0xff, 0xff, 0xff, 0xff, 0xff, 0xff, 0xf3,
    0x9f, 0xff, 0xff, 0xff, 0xff, 0xff, 0xff, 0xf4,
    0x8f, 0xfd, 0x77, 0x77, 0x77, 0x77, 0x77, 0x71,
    0x6f, 0xfc, 0x0, 0x0, 0x0, 0x0, 0x0, 0x0,
    0x2f, 0xff, 0x10, 0x0, 0x0, 0x0, 0x0, 0x0,
    0xd, 0xff, 0x80, 0x0, 0x0, 0x5, 0xea, 0x60,
    0x5, 0xff, 0xf8, 0x10, 0x0, 0x5f, 0xff, 0xa0,
    0x0, 0xaf, 0xff, 0xfc, 0xce, 0xff, 0xfe, 0x20,
    0x0, 0x8, 0xff, 0xff, 0xff, 0xff, 0xd2, 0x0,
    0x0, 0x0, 0x39, 0xdf, 0xfe, 0xb6, 0x0, 0x0,

    /* U+00E9 "é" */
    0x0, 0x0, 0x0, 0x0, 0x9f, 0xfa, 0x0, 0x0,
    0x0, 0x0, 0x0, 0x1, 0xff, 0xe1, 0x0, 0x0,
    0x0, 0x0, 0x0, 0x8, 0xff, 0x50, 0x0, 0x0,
    0x0, 0x0, 0x0, 0xe, 0xfa, 0x0, 0x0, 0x0,
    0x0, 0x0, 0x0, 0x28, 0x81, 0x0, 0x0, 0x0,
    0x0, 0x0, 0x0, 0x0, 0x0, 0x0, 0x0, 0x0,
    0x0, 0x0, 0x0, 0x0, 0x0, 0x0, 0x0, 0x0,
    0x0, 0x0, 0x39, 0xdf, 0xed, 0x82, 0x0, 0x0,
    0x0, 0x8, 0xff, 0xff, 0xff, 0xff, 0x80, 0x0,
    0x0, 0x9f, 0xff, 0xfc, 0xcf, 0xff, 0xf8, 0x0,
    0x4, 0xff, 0xf8, 0x0, 0x0, 0x9f, 0xff, 0x30,
    0xc, 0xff, 0x90, 0x0, 0x0, 0xc, 0xff, 0xa0,
    0x2f, 0xff, 0x0, 0x0, 0x0, 0x4, 0xff, 0xf0,
    0x6f, 0xfc, 0x0, 0x0, 0x0, 0x0, 0xff, 0xf2,
    0x7f, 0xff, 0xff, 0xff, 0xff, 0xff, 0xff, 0xf3,
    0x9f, 0xff, 0xff, 0xff, 0xff, 0xff, 0xff, 0xf4,
    0x8f, 0xfd, 0x77, 0x77, 0x77, 0x77, 0x77, 0x71,
    0x6f, 0xfc, 0x0, 0x0, 0x0, 0x0, 0x0, 0x0,
    0x2f, 0xff, 0x10, 0x0, 0x0, 0x0, 0x0, 0x0,
    0xd, 0xff, 0x80, 0x0, 0x0, 0x5, 0xea, 0x60,
    0x5, 0xff, 0xf8, 0x10, 0x0, 0x5f, 0xff, 0xa0,
    0x0, 0xaf, 0xff, 0xfc, 0xce, 0xff, 0xfe, 0x20,
    0x0, 0x8, 0xff, 0xff, 0xff, 0xff, 0xd2, 0x0,
    0x0, 0x0, 0x39, 0xdf, 0xfe, 0xb6, 0x0, 0x0,

    /* U+00EA "ê" */
    0x0, 0x0, 0x1, 0xdf, 0xfa, 0x0, 0x0, 0x0,
    0x0, 0x0, 0xc, 0xff, 0xff, 0x80, 0x0, 0x0,
    0x0, 0x0, 0xaf, 0xf4, 0x8f, 0xf5, 0x0, 0x0,
    0x0, 0x7, 0xff, 0x80, 0xc, 0xff, 0x30, 0x0,
    0x0, 0x7, 0x87, 0x0, 0x1, 0x88, 0x60, 0x0,
    0x0, 0x0, 0x0, 0x0, 0x0, 0x0, 0x0, 0x0,
    0x0, 0x0, 0x0, 0x0, 0x0, 0x0, 0x0, 0x0,
    0x0, 0x0, 0x39, 0xdf, 0xed, 0x82, 0x0, 0x0,
    0x0, 0x8, 0xff, 0xff, 0xff, 0xff, 0x80, 0x0,
    0x0, 0x9f, 0xff, 0xfc, 0xcf, 0xff, 0xf8, 0x0,
    0x4, 0xff, 0xf8, 0x0, 0x0, 0x9f, 0xff, 0x30,
    0xc, 0xff, 0x90, 0x0, 0x0, 0xc, 0xff, 0xa0,
    0x2f, 0xff, 0x0, 0x0, 0x0, 0x4, 0xff, 0xf0,
    0x6f, 0xfc, 0x0, 0x0, 0x0, 0x0, 0xff, 0xf2,
    0x7f, 0xff, 0xff, 0xff, 0xff, 0xff, 0xff, 0xf3,
    0x9f, 0xff, 0xff, 0xff, 0xff, 0xff, 0xff, 0xf4,
    0x8f, 0xfd, 0x77, 0x77, 0x77, 0x77, 0x77, 0x71,
    0x6f, 0xfc, 0x0, 0x0, 0x0, 0x0, 0x0, 0x0,
    0x2f, 0xff, 0x10, 0x0, 0x0, 0x0, 0x0, 0x0,
    0xd, 0xff, 0x80, 0x0, 0x0, 0x5, 0xea, 0x60,
    0x5, 0xff, 0xf8, 0x10, 0x0, 0x5f, 0xff, 0xa0,
    0x0, 0xaf, 0xff, 0xfc, 0xce, 0xff, 0xfe, 0x20,
    0x0, 0x8, 0xff, 0xff, 0xff, 0xff, 0xd2, 0x0,
    0x0, 0x0, 0x39, 0xdf, 0xfe, 0xb6, 0x0, 0x0,

    /* U+00EB "ë" */
    0x0, 0x4, 0xc9, 0x0, 0x2, 0xbb, 0x20, 0x0,
    0x0, 0xf, 0xff, 0x70, 0xb, 0xff, 0xc0, 0x0,
    0x0, 0xf, 0xff, 0x80, 0xc, 0xff, 0xd0, 0x0,
    0x0, 0x6, 0xfc, 0x10, 0x3, 0xee, 0x40, 0x0,
    0x0, 0x0, 0x0, 0x0, 0x0, 0x0, 0x0, 0x0,
    0x0, 0x0, 0x0, 0x0, 0x0, 0x0, 0x0, 0x0,
    0x0, 0x0, 0x0, 0x0, 0x0, 0x0, 0x0, 0x0,
    0x0, 0x0, 0x39, 0xdf, 0xed, 0x82, 0x0, 0x0,
    0x0, 0x8, 0xff, 0xff, 0xff, 0xff, 0x80, 0x0,
    0x0, 0x9f, 0xff, 0xfc, 0xcf, 0xff, 0xf8, 0x0,
    0x4, 0xff, 0xf8, 0x0, 0x0, 0x9f, 0xff, 0x30,
    0xc, 0xff, 0x90, 0x0, 0x0, 0xc, 0xff, 0xa0,
    0x2f, 0xff, 0x0, 0x0, 0x0, 0x4, 0xff, 0xf0,
    0x6f, 0xfc, 0x0, 0x0, 0x0, 0x0, 0xff, 0xf2,
    0x7f, 0xff, 0xff, 0xff, 0xff, 0xff, 0xff, 0xf3,
    0x9f, 0xff, 0xff, 0xff, 0xff, 0xff, 0xff, 0xf4,
    0x8f, 0xfd, 0x77, 0x77, 0x77, 0x77, 0x77, 0x71,
    0x6f, 0xfc, 0x0, 0x0, 0x0, 0x0, 0x0, 0x0,
    0x2f, 0xff, 0x10, 0x0, 0x0, 0x0, 0x0, 0x0,
    0xd, 0xff, 0x80, 0x0, 0x0, 0x5, 0xea, 0x60,
    0x5, 0xff, 0xf8, 0x10, 0x0, 0x5f, 0xff, 0xa0,
    0x0, 0xaf, 0xff, 0xfc, 0xce, 0xff, 0xfe, 0x20,
    0x0, 0x8, 0xff, 0xff, 0xff, 0xff, 0xd2, 0x0,
    0x0, 0x0, 0x39, 0xdf, 0xfe, 0xb6, 0x0, 0x0,

    /* U+00EC "ì" */
    0x17, 0x88, 0x10, 0x0, 0xaf, 0xf7, 0x0, 0x1,
    0xef, 0xe0, 0x0, 0x5, 0xff, 0x60, 0x0, 0xb,
    0xfd, 0x0, 0x0, 0x0, 0x0, 0x0, 0x0, 0x0,
    0x0, 0x0, 0xdf, 0xf6, 0x0, 0xd, 0xff, 0x60,
    0x0, 0xdf, 0xf6, 0x0, 0xd, 0xff, 0x60, 0x0,
    0xdf, 0xf6, 0x0, 0xd, 0xff, 0x60, 0x0, 0xdf,
    0xf6, 0x0, 0xd, 0xff, 0x60, 0x0, 0xdf, 0xf6,
    0x0, 0xd, 0xff, 0x60, 0x0, 0xdf, 0xf6, 0x0,
    0xd, 0xff, 0x60, 0x0, 0xdf, 0xf6, 0x0, 0xd,
    0xff, 0x60, 0x0, 0xdf, 0xf6, 0x0, 0xd, 0xff,
    0x60, 0x0, 0xdf, 0xf6,

    /* U+00ED "í" */
    0x0, 0x48, 0x85, 0x0, 0xef, 0xf3, 0x6, 0xff,
    0x80, 0xd, 0xfd, 0x0, 0x4f, 0xf4, 0x0, 0x0,
    0x0, 0x0, 0x0, 0x0, 0x0, 0xdf, 0xf6, 0x0,
    0xdf, 0xf6, 0x0, 0xdf, 0xf6, 0x0, 0xdf, 0xf6,
    0x0, 0xdf, 0xf6, 0x0, 0xdf, 0xf6, 0x0, 0xdf,
    0xf6, 0x0, 0xdf, 0xf6, 0x0, 0xdf, 0xf6, 0x0,
    0xdf, 0xf6, 0x0, 0xdf, 0xf6, 0x0, 0xdf, 0xf6,
    0x0, 0xdf, 0xf6, 0x0, 0xdf, 0xf6, 0x0, 0xdf,
    0xf6, 0x0, 0xdf, 0xf6, 0x0, 0xdf, 0xf6, 0x0,

    /* U+00EE "î" */
    0x0, 0x0, 0x68, 0x83, 0x0, 0x0, 0x0, 0x7f,
    0xff, 0xe1, 0x0, 0x0, 0x4f, 0xfa, 0xef, 0xc0,
    0x0, 0x3f, 0xfc, 0x4, 0xff, 0xa0, 0x1e, 0xfe,
    0x20, 0x8, 0xff, 0x70, 0x0, 0x0, 0x0, 0x0,
    0x0, 0x0, 0x0, 0x0, 0x0, 0x0, 0x0, 0x0,
    0xd, 0xff, 0x60, 0x0, 0x0, 0x0, 0xdf, 0xf6,
    0x0, 0x0, 0x0, 0xd, 0xff, 0x60, 0x0, 0x0,
    0x0, 0xdf, 0xf6, 0x0, 0x0, 0x0, 0xd, 0xff,
    0x60, 0x0, 0x0, 0x0, 0xdf, 0xf6, 0x0, 0x0,
    0x0, 0xd, 0xff, 0x60, 0x0, 0x0, 0x0, 0xdf,
    0xf6, 0x0, 0x0, 0x0, 0xd, 0xff, 0x60, 0x0,
    0x0, 0x0, 0xdf, 0xf6, 0x0, 0x0, 0x0, 0xd,
    0xff, 0x60, 0x0, 0x0, 0x0, 0xdf, 0xf6, 0x0,
    0x0, 0x0, 0xd, 0xff, 0x60, 0x0, 0x0, 0x0,
    0xdf, 0xf6, 0x0, 0x0, 0x0, 0xd, 0xff, 0x60,
    0x0, 0x0, 0x0, 0xdf, 0xf6, 0x0, 0x0, 0x0,
    0xd, 0xff, 0x60, 0x0,

    /* U+00EF "ï" */
    0x8, 0xfb, 0x0, 0x4, 0xed, 0x32, 0xff, 0xf7,
    0x0, 0xdf, 0xfb, 0x1f, 0xff, 0x60, 0xc, 0xff,
    0xa0, 0x5c, 0x90, 0x0, 0x3b, 0xa1, 0x0, 0x0,
    0x0, 0x0, 0x0, 0x0, 0x0, 0x0, 0x0, 0x0,
    0x0, 0x0, 0x0, 0xdf, 0xf6, 0x0, 0x0, 0x0,
    0xd, 0xff, 0x60, 0x0, 0x0, 0x0, 0xdf, 0xf6,
    0x0, 0x0, 0x0, 0xd, 0xff, 0x60, 0x0, 0x0,
    0x0, 0xdf, 0xf6, 0x0, 0x0, 0x0, 0xd, 0xff,
    0x60, 0x0, 0x0, 0x0, 0xdf, 0xf6, 0x0, 0x0,
    0x0, 0xd, 0xff, 0x60, 0x0, 0x0, 0x0, 0xdf,
    0xf6, 0x0, 0x0, 0x0, 0xd, 0xff, 0x60, 0x0,
    0x0, 0x0, 0xdf, 0xf6, 0x0, 0x0, 0x0, 0xd,
    0xff, 0x60, 0x0, 0x0, 0x0, 0xdf, 0xf6, 0x0,
    0x0, 0x0, 0xd, 0xff, 0x60, 0x0, 0x0, 0x0,
    0xdf, 0xf6, 0x0, 0x0, 0x0, 0xd, 0xff, 0x60,
    0x0, 0x0, 0x0, 0xdf, 0xf6, 0x0, 0x0,

    /* U+00F0 "ð" */
    0x0, 0x0, 0x0, 0x0, 0x0, 0x0, 0x0, 0x0,
    0x0, 0x0, 0xc7, 0x0, 0x0, 0x0, 0x10, 0x0,
    0x0, 0x4, 0xff, 0xe4, 0x0, 0x4c, 0xc0, 0x0,
    0x0, 0x1, 0x9f, 0xff, 0xac, 0xff, 0xc0, 0x0,
    0x0, 0x0, 0x3, 0xef, 0xff, 0xc4, 0x0, 0x0,
    0x0, 0x0, 0x4c, 0xff, 0xff, 0xc0, 0x0, 0x0,
    0x0, 0x7, 0xff, 0xc4, 0xaf, 0xfa, 0x0, 0x0,
    0x0, 0x4, 0xd5, 0x0, 0xb, 0xff, 0x70, 0x0,
    0x0, 0x0, 0x0, 0x0, 0x1, 0xdf, 0xf1, 0x0,
    0x0, 0x0, 0x7c, 0xfe, 0xc5, 0x4f, 0xfa, 0x0,
    0x0, 0x1c, 0xff, 0xff, 0xff, 0x9b, 0xff, 0x10,
    0x0, 0xcf, 0xff, 0xa7, 0x8c, 0xfd, 0xff, 0x70,
    0x7, 0xff, 0xf3, 0x0, 0x0, 0x8f, 0xff, 0xc0,
    0xe, 0xff, 0x60, 0x0, 0x0, 0xb, 0xff, 0xf0,
    0x4f, 0xff, 0x0, 0x0, 0x0, 0x4, 0xff, 0xf1,
    0x7f, 0xfb, 0x0, 0x0, 0x0, 0x0, 0xff, 0xf3,
    0x8f, 0xf9, 0x0, 0x0, 0x0, 0x0, 0xef, 0xf3,
    0x8f, 0xfa, 0x0, 0x0, 0x0, 0x0, 0xef, 0xf1,
    0x7f, 0xfc, 0x0, 0x0, 0x0, 0x0, 0xff, 0xf0,
    0x4f, 0xff, 0x10, 0x0, 0x0, 0x4, 0xff, 0xc0,
    0xe, 0xff, 0x90, 0x0, 0x0, 0xc, 0xff, 0x70,
    0x7, 0xff, 0xf8, 0x0, 0x1, 0xbf, 0xfe, 0x10,
    0x0, 0xbf, 0xff, 0xfd, 0xdf, 0xff, 0xf5, 0x0,
    0x0, 0xa, 0xff, 0xff, 0xff, 0xff, 0x40, 0x0,
    0x0, 0x0, 0x4a, 0xef, 0xfd, 0x81, 0x0, 0x0,

    /* U+00F1 "ñ" */
    0x0, 0x9, 0xef, 0xff, 0xff, 0xf6, 0x0, 0x0,
    0x5f, 0xff, 0xff, 0xff, 0xb0, 0x0, 0x0, 0x1,
    0x12, 0x21, 0x10, 0x0, 0x0, 0x0, 0x0, 0x0,
    0x0, 0x0, 0x0, 0x0, 0x0, 0x0, 0x0, 0x0,
    0x0, 0x0, 0x0, 0xdf, 0xf4, 0x4, 0xbe, 0xfd,
    0x91, 0x0, 0xdf, 0xf4, 0x8f, 0xff, 0xff, 0xff,
    0x30, 0xdf, 0xf8, 0xff, 0xcb, 0xef, 0xff, 0xe0,
    0xdf, 0xff, 0xb1, 0x0, 0x8, 0xff, 0xf6, 0xdf,
    0xfe, 0x0, 0x0, 0x0, 0xdf, 0xfb, 0xdf, 0xf9,
    0x0, 0x0, 0x0, 0x8f, 0xfd, 0xdf, 0xf6, 0x0,
    0x0, 0x0, 0x5f, 0xfd, 0xdf, 0xf6, 0x0, 0x0,
    0x0, 0x5f, 0xfe, 0xdf, 0xf6, 0x0, 0x0, 0x0,
    0x5f, 0xfe, 0xdf, 0xf6, 0x0, 0x0, 0x0, 0x5f,
    0xfe, 0xdf, 0xf6, 0x0, 0x0, 0x0, 0x5f, 0xfe,
    0xdf, 0xf6, 0x0, 0x0, 0x0, 0x5f, 0xfe, 0xdf,
    0xf6, 0x0, 0x0, 0x0, 0x5f, 0xfe, 0xdf, 0xf6,
    0x0, 0x0, 0x0, 0x5f, 0xfe, 0xdf, 0xf6, 0x0,
    0x0, 0x0, 0x5f, 0xfe, 0xdf, 0xf6, 0x0, 0x0,
    0x0, 0x5f, 0xfe, 0xdf, 0xf6, 0x0, 0x0, 0x0,
    0x5f, 0xfe,

    /* U+00F2 "ò" */
    0x0, 0x0, 0xbf, 0xf8, 0x0, 0x0, 0x0, 0x0,
    0x0, 0x0, 0x1f, 0xfe, 0x0, 0x0, 0x0, 0x0,
    0x0, 0x0, 0x6, 0xff, 0x60, 0x0, 0x0, 0x0,
    0x0, 0x0, 0x0, 0xcf, 0xd0, 0x0, 0x0, 0x0,
    0x0, 0x0, 0x0, 0x28, 0x81, 0x0, 0x0, 0x0,
    0x0, 0x0, 0x0, 0x0, 0x0, 0x0, 0x0, 0x0,
    0x0, 0x0, 0x0, 0x0, 0x0, 0x0, 0x0, 0x0,
    0x0, 0x0, 0x29, 0xdf, 0xfd, 0xa3, 0x0, 0x0,
    0x0, 0x7, 0xff, 0xff, 0xff, 0xff, 0x90, 0x0,
    0x0, 0x9f, 0xff, 0xfe, 0xdf, 0xff, 0xfb, 0x0,
    0x4, 0xff, 0xfb, 0x20, 0x1, 0xaf, 0xff, 0x60,
    0xc, 0xff, 0xc0, 0x0, 0x0, 0xa, 0xff, 0xe0,
    0x2f, 0xff, 0x40, 0x0, 0x0, 0x2, 0xff, 0xf4,
    0x6f, 0xfe, 0x0, 0x0, 0x0, 0x0, 0xcf, 0xf8,
    0x7f, 0xfc, 0x0, 0x0, 0x0, 0x0, 0xaf, 0xf9,
    0x9f, 0xfb, 0x0, 0x0, 0x0, 0x0, 0x9f, 0xfb,
    0x7f, 0xfc, 0x0, 0x0, 0x0, 0x0, 0xaf, 0xf9,
    0x6f, 0xfe, 0x0, 0x0, 0x0, 0x0, 0xcf, 0xf8,
    0x2f, 0xff, 0x30, 0x0, 0x0, 0x2, 0xff, 0xf4,
    0xc, 0xff, 0xc0, 0x0, 0x0, 0xa, 0xff, 0xe0,
    0x4, 0xff, 0xfb, 0x20, 0x1, 0xaf, 0xff, 0x60,
    0x0, 0x9f, 0xff, 0xfd, 0xdf, 0xff, 0xfb, 0x0,
    0x0, 0x8, 0xff, 0xff, 0xff, 0xff, 0x90, 0x0,
    0x0, 0x0, 0x39, 0xdf, 0xfd, 0xa4, 0x0, 0x0,

    /* U+00F3 "ó" */
    0x0, 0x0, 0x0, 0x0, 0x6f, 0xfc, 0x0, 0x0,
    0x0, 0x0, 0x0, 0x0, 0xdf, 0xf2, 0x0, 0x0,
    0x0, 0x0, 0x0, 0x5, 0xff, 0x80, 0x0, 0x0,
    0x0, 0x0, 0x0, 0xc, 0xfd, 0x0, 0x0, 0x0,
    0x0, 0x0, 0x0, 0x18, 0x82, 0x0, 0x0, 0x0,
    0x0, 0x0, 0x0, 0x0, 0x0, 0x0, 0x0, 0x0,
    0x0, 0x0, 0x0, 0x0, 0x0, 0x0, 0x0, 0x0,
    0x0, 0x0, 0x29, 0xdf, 0xfd, 0xa3, 0x0, 0x0,
    0x0, 0x7, 0xff, 0xff, 0xff, 0xff, 0x90, 0x0,
    0x0, 0x9f, 0xff, 0xfe, 0xdf, 0xff, 0xfb, 0x0,
    0x4, 0xff, 0xfb, 0x20, 0x1, 0xaf, 0xff, 0x60,
    0xc, 0xff, 0xc0, 0x0, 0x0, 0xa, 0xff, 0xe0,
    0x2f, 0xff, 0x40, 0x0, 0x0, 0x2, 0xff, 0xf4,
    0x6f, 0xfe, 0x0, 0x0, 0x0, 0x0, 0xcf, 0xf8,
    0x7f, 0xfc, 0x0, 0x0, 0x0, 0x0, 0xaf, 0xf9,
    0x9f, 0xfb, 0x0, 0x0, 0x0, 0x0, 0x9f, 0xfb,
    0x7f, 0xfc, 0x0, 0x0, 0x0, 0x0, 0xaf, 0xf9,
    0x6f, 0xfe, 0x0, 0x0, 0x0, 0x0, 0xcf, 0xf8,
    0x2f, 0xff, 0x30, 0x0, 0x0, 0x2, 0xff, 0xf4,
    0xc, 0xff, 0xc0, 0x0, 0x0, 0xa, 0xff, 0xe0,
    0x4, 0xff, 0xfb, 0x20, 0x1, 0xaf, 0xff, 0x60,
    0x0, 0x9f, 0xff, 0xfd, 0xdf, 0xff, 0xfb, 0x0,
    0x0, 0x8, 0xff, 0xff, 0xff, 0xff, 0x90, 0x0,
    0x0, 0x0, 0x39, 0xdf, 0xfd, 0xa4, 0x0, 0x0,

    /* U+00F4 "ô" */
    0x0, 0x0, 0x0, 0xcf, 0xfc, 0x0, 0x0, 0x0,
    0x0, 0x0, 0xa, 0xff, 0xff, 0xa0, 0x0, 0x0,
    0x0, 0x0, 0x7f, 0xf7, 0x6f, 0xf8, 0x0, 0x0,
    0x0, 0x5, 0xff, 0xb0, 0x9, 0xff, 0x50, 0x0,
    0x0, 0x7, 0x87, 0x10, 0x0, 0x78, 0x70, 0x0,
    0x0, 0x0, 0x0, 0x0, 0x0, 0x0, 0x0, 0x0,
    0x0, 0x0, 0x0, 0x0, 0x0, 0x0, 0x0, 0x0,
    0x0, 0x0, 0x29, 0xdf, 0xfd, 0xa3, 0x0, 0x0,
    0x0, 0x7, 0xff, 0xff, 0xff, 0xff, 0x90, 0x0,
    0x0, 0x9f, 0xff, 0xfe, 0xdf, 0xff, 0xfb, 0x0,
    0x4, 0xff, 0xfb, 0x20, 0x1, 0xaf, 0xff, 0x60,
    0xc, 0xff, 0xc0, 0x0, 0x0, 0xa, 0xff, 0xe0,
    0x2f, 0xff, 0x40, 0x0, 0x0, 0x2, 0xff, 0xf4,
    0x6f, 0xfe, 0x0, 0x0, 0x0, 0x0, 0xcf, 0xf8,
    0x7f, 0xfc, 0x0, 0x0, 0x0, 0x0, 0xaf, 0xf9,
    0x9f, 0xfb, 0x0, 0x0, 0x0, 0x0, 0x9f, 0xfb,
    0x7f, 0xfc, 0x0, 0x0, 0x0, 0x0, 0xaf, 0xf9,
    0x6f, 0xfe, 0x0, 0x0, 0x0, 0x0, 0xcf, 0xf8,
    0x2f, 0xff, 0x30, 0x0, 0x0, 0x2, 0xff, 0xf4,
    0xc, 0xff, 0xc0, 0x0, 0x0, 0xa, 0xff, 0xe0,
    0x4, 0xff, 0xfb, 0x20, 0x1, 0xaf, 0xff, 0x60,
    0x0, 0x9f, 0xff, 0xfd, 0xdf, 0xff, 0xfb, 0x0,
    0x0, 0x8, 0xff, 0xff, 0xff, 0xff, 0x90, 0x0,
    0x0, 0x0, 0x39, 0xdf, 0xfd, 0xa4, 0x0, 0x0,

    /* U+00F5 "õ" */
    0x0, 0x0, 0x8e, 0xff, 0xff, 0xff, 0x70, 0x0,
    0x0, 0x5, 0xff, 0xff, 0xff, 0xfb, 0x0, 0x0,
    0x0, 0x0, 0x11, 0x22, 0x11, 0x0, 0x0, 0x0,
    0x0, 0x0, 0x0, 0x0, 0x0, 0x0, 0x0, 0x0,
    0x0, 0x0, 0x0, 0x0, 0x0, 0x0, 0x0, 0x0,
    0x0, 0x0, 0x29, 0xdf, 0xfd, 0xa3, 0x0, 0x0,
    0x0, 0x7, 0xff, 0xff, 0xff, 0xff, 0x90, 0x0,
    0x0, 0x9f, 0xff, 0xfe, 0xdf, 0xff, 0xfb, 0x0,
    0x4, 0xff, 0xfb, 0x20, 0x1, 0xaf, 0xff, 0x60,
    0xc, 0xff, 0xc0, 0x0, 0x0, 0xa, 0xff, 0xe0,
    0x2f, 0xff, 0x40, 0x0, 0x0, 0x2, 0xff, 0xf4,
    0x6f, 0xfe, 0x0, 0x0, 0x0, 0x0, 0xcf, 0xf8,
    0x7f, 0xfc, 0x0, 0x0, 0x0, 0x0, 0xaf, 0xf9,
    0x9f, 0xfb, 0x0, 0x0, 0x0, 0x0, 0x9f, 0xfb,
    0x7f, 0xfc, 0x0, 0x0, 0x0, 0x0, 0xaf, 0xf9,
    0x6f, 0xfe, 0x0, 0x0, 0x0, 0x0, 0xcf, 0xf8,
    0x2f, 0xff, 0x30, 0x0, 0x0, 0x2, 0xff, 0xf4,
    0xc, 0xff, 0xc0, 0x0, 0x0, 0xa, 0xff, 0xe0,
    0x4, 0xff, 0xfb, 0x20, 0x1, 0xaf, 0xff, 0x60,
    0x0, 0x9f, 0xff, 0xfd, 0xdf, 0xff, 0xfb, 0x0,
    0x0, 0x8, 0xff, 0xff, 0xff, 0xff, 0x90, 0x0,
    0x0, 0x0, 0x39, 0xdf, 0xfd, 0xa4, 0x0, 0x0,

    /* U+00F6 "ö" */
    0x0, 0x3, 0xba, 0x10, 0x1, 0xac, 0x40, 0x0,
    0x0, 0xd, 0xff, 0xa0, 0x9, 0xff, 0xe0, 0x0,
    0x0, 0xe, 0xff, 0xb0, 0x9, 0xff, 0xf0, 0x0,
    0x0, 0x4, 0xed, 0x20, 0x2, 0xde, 0x60, 0x0,
    0x0, 0x0, 0x0, 0x0, 0x0, 0x0, 0x0, 0x0,
    0x0, 0x0, 0x0, 0x0, 0x0, 0x0, 0x0, 0x0,
    0x0, 0x0, 0x0, 0x0, 0x0, 0x0, 0x0, 0x0,
    0x0, 0x0, 0x29, 0xdf, 0xfd, 0xa3, 0x0, 0x0,
    0x0, 0x7, 0xff, 0xff, 0xff, 0xff, 0x90, 0x0,
    0x0, 0x9f, 0xff, 0xfe, 0xdf, 0xff, 0xfb, 0x0,
    0x4, 0xff, 0xfb, 0x20, 0x1, 0xaf, 0xff, 0x60,
    0xc, 0xff, 0xc0, 0x0, 0x0, 0xa, 0xff, 0xe0,
    0x2f, 0xff, 0x40, 0x0, 0x0, 0x2, 0xff, 0xf4,
    0x6f, 0xfe, 0x0, 0x0, 0x0, 0x0, 0xcf, 0xf8,
    0x7f, 0xfc, 0x0, 0x0, 0x0, 0x0, 0xaf, 0xf9,
    0x9f, 0xfb, 0x0, 0x0, 0x0, 0x0, 0x9f, 0xfb,
    0x7f, 0xfc, 0x0, 0x0, 0x0, 0x0, 0xaf, 0xf9,
    0x6f, 0xfe, 0x0, 0x0, 0x0, 0x0, 0xcf, 0xf8,
    0x2f, 0xff, 0x30, 0x0, 0x0, 0x2, 0xff, 0xf4,
    0xc, 0xff, 0xc0, 0x0, 0x0, 0xa, 0xff, 0xe0,
    0x4, 0xff, 0xfb, 0x20, 0x1, 0xaf, 0xff, 0x60,
    0x0, 0x9f, 0xff, 0xfd, 0xdf, 0xff, 0xfb, 0x0,
    0x0, 0x8, 0xff, 0xff, 0xff, 0xff, 0x90, 0x0,
    0x0, 0x0, 0x39, 0xdf, 0xfd, 0xa4, 0x0, 0x0,

    /* U+00F7 "÷" */
    0x0, 0x0, 0x0, 0x5e, 0xe4, 0x0, 0x0, 0x0,
    0x0, 0x0, 0x0, 0xff, 0xff, 0x0, 0x0, 0x0,
    0x0, 0x0, 0x1, 0xff, 0xff, 0x0, 0x0, 0x0,
    0x0, 0x0, 0x0, 0xaf, 0xfa, 0x0, 0x0, 0x0,
    0x0, 0x0, 0x0, 0x4, 0x40, 0x0, 0x0, 0x0,
    0x0, 0x0, 0x0, 0x0, 0x0, 0x0, 0x0, 0x0,
    0x0, 0x0, 0x0, 0x0, 0x0, 0x0, 0x0, 0x0,
    0xf, 0xff, 0xff, 0xff, 0xff, 0xff, 0xff, 0xf1,
    0xf, 0xff, 0xff, 0xff, 0xff, 0xff, 0xff, 0xf1,
    0xe, 0xee, 0xee, 0xee, 0xee, 0xee, 0xee, 0xe0,
    0x0, 0x0, 0x0, 0x0, 0x0, 0x0, 0x0, 0x0,
    0x0, 0x0, 0x0, 0x4, 0x40, 0x0, 0x0, 0x0,
    0x0, 0x0, 0x0, 0xaf, 0xf9, 0x0, 0x0, 0x0,
    0x0, 0x0, 0x1, 0xff, 0xff, 0x0, 0x0, 0x0,
    0x0, 0x0, 0x0, 0xff, 0xff, 0x0, 0x0, 0x0,
    0x0, 0x0, 0x0, 0x5e, 0xe4, 0x0, 0x0, 0x0,

    /* U+00F8 "ø" */
    0x0, 0x0, 0x0, 0x0, 0x0, 0x0, 0x0, 0x30,
    0x0, 0x0, 0x29, 0xdf, 0xfd, 0xa3, 0x7, 0xf7,
    0x0, 0x7, 0xff, 0xff, 0xff, 0xff, 0xef, 0xf6,
    0x0, 0x9f, 0xff, 0xfe, 0xdf, 0xff, 0xff, 0x80,
    0x4, 0xff, 0xfb, 0x20, 0x1, 0xbf, 0xff, 0x60,
    0xc, 0xff, 0xc0, 0x0, 0x0, 0xcf, 0xff, 0xe0,
    0x2f, 0xff, 0x40, 0x0, 0xa, 0xff, 0xff, 0xf4,
    0x6f, 0xfe, 0x0, 0x0, 0x8f, 0xf3, 0xcf, 0xf8,
    0x7f, 0xfc, 0x0, 0x5, 0xff, 0x50, 0xaf, 0xf9,
    0x9f, 0xfb, 0x0, 0x3f, 0xf7, 0x0, 0x9f, 0xfb,
    0x7f, 0xfc, 0x1, 0xef, 0xa0, 0x0, 0xaf, 0xf9,
    0x6f, 0xfe, 0xd, 0xfc, 0x0, 0x0, 0xcf, 0xf8,
    0x2f, 0xff, 0xff, 0xd1, 0x0, 0x2, 0xff, 0xf4,
    0xc, 0xff, 0xff, 0x20, 0x0, 0xa, 0xff, 0xe0,
    0x4, 0xff, 0xff, 0x20, 0x1, 0xaf, 0xff, 0x60,
    0x4, 0xff, 0xff, 0xfd, 0xdf, 0xff, 0xfb, 0x0,
    0x2e, 0xff, 0xff, 0xff, 0xff, 0xff, 0x90, 0x0,
    0x7f, 0xb0, 0x39, 0xdf, 0xfd, 0xa4, 0x0, 0x0,
    0x6, 0x10, 0x0, 0x0, 0x0, 0x0, 0x0, 0x0,

    /* U+00F9 "ù" */
    0x0, 0x7, 0x88, 0x20, 0x0, 0x0, 0x0, 0x0,
    0x6, 0xff, 0xb0, 0x0, 0x0, 0x0, 0x0, 0x0,
    0xcf, 0xf2, 0x0, 0x0, 0x0, 0x0, 0x0, 0x2f,
    0xf9, 0x0, 0x0, 0x0, 0x0, 0x0, 0x7, 0xff,
    0x10, 0x0, 0x0, 0x0, 0x0, 0x0, 0x0, 0x0,
    0x0, 0x0, 0x0, 0x0, 0x0, 0x0, 0x0, 0x0,
    0x0, 0xdf, 0xf6, 0x0, 0x0, 0x0, 0x5f, 0xfe,
    0xdf, 0xf6, 0x0, 0x0, 0x0, 0x5f, 0xfe, 0xdf,
    0xf6, 0x0, 0x0, 0x0, 0x5f, 0xfe, 0xdf, 0xf6,
    0x0, 0x0, 0x0, 0x5f, 0xfe, 0xdf, 0xf6, 0x0,
    0x0, 0x0, 0x5f, 0xfe, 0xdf, 0xf6, 0x0, 0x0,
    0x0, 0x5f, 0xfe, 0xdf, 0xf6, 0x0, 0x0, 0x0,
    0x5f, 0xfe, 0xdf, 0xf6, 0x0, 0x0, 0x0, 0x5f,
    0xfe, 0xdf, 0xf6, 0x0, 0x0, 0x0, 0x5f, 0xfe,
    0xdf, 0xf6, 0x0, 0x0, 0x0, 0x5f, 0xfe, 0xdf,
    0xf6, 0x0, 0x0, 0x0, 0x6f, 0xfe, 0xcf, 0xf9,
    0x0, 0x0, 0x0, 0x9f, 0xfe, 0xaf, 0xfe, 0x0,
    0x0, 0x1, 0xff, 0xfe, 0x6f, 0xff, 0xb2, 0x0,
    0x3d, 0xff, 0xfe, 0xe, 0xff, 0xff, 0xef, 0xff,
    0x7f, 0xfe, 0x3, 0xef, 0xff, 0xff, 0xf8, 0x3f,
    0xfe, 0x0, 0x19, 0xdf, 0xeb, 0x40, 0x3f, 0xfe,

    /* U+00FA "ú" */
    0x0, 0x0, 0x0, 0x2, 0x88, 0x70, 0x0, 0x0,
    0x0, 0x0, 0xb, 0xff, 0x70, 0x0, 0x0, 0x0,
    0x0, 0x2f, 0xfc, 0x0, 0x0, 0x0, 0x0, 0x0,
    0x9f, 0xf2, 0x0, 0x0, 0x0, 0x0, 0x1, 0xff,
    0x80, 0x0, 0x0, 0x0, 0x0, 0x0, 0x0, 0x0,
    0x0, 0x0, 0x0, 0x0, 0x0, 0x0, 0x0, 0x0,
    0x0, 0xdf, 0xf6, 0x0, 0x0, 0x0, 0x5f, 0xfe,
    0xdf, 0xf6, 0x0, 0x0, 0x0, 0x5f, 0xfe, 0xdf,
    0xf6, 0x0, 0x0, 0x0, 0x5f, 0xfe, 0xdf, 0xf6,
    0x0, 0x0, 0x0, 0x5f, 0xfe, 0xdf, 0xf6, 0x0,
    0x0, 0x0, 0x5f, 0xfe, 0xdf, 0xf6, 0x0, 0x0,
    0x0, 0x5f, 0xfe, 0xdf, 0xf6, 0x0, 0x0, 0x0,
    0x5f, 0xfe, 0xdf, 0xf6, 0x0, 0x0, 0x0, 0x5f,
    0xfe, 0xdf, 0xf6, 0x0, 0x0, 0x0, 0x5f, 0xfe,
    0xdf, 0xf6, 0x0, 0x0, 0x0, 0x5f, 0xfe, 0xdf,
    0xf6, 0x0, 0x0, 0x0, 0x6f, 0xfe, 0xcf, 0xf9,
    0x0, 0x0, 0x0, 0x9f, 0xfe, 0xaf, 0xfe, 0x0,
    0x0, 0x1, 0xff, 0xfe, 0x6f, 0xff, 0xb2, 0x0,
    0x3d, 0xff, 0xfe, 0xe, 0xff, 0xff, 0xef, 0xff,
    0x7f, 0xfe, 0x3, 0xef, 0xff, 0xff, 0xf8, 0x3f,
    0xfe, 0x0, 0x19, 0xdf, 0xeb, 0x40, 0x3f, 0xfe,

    /* U+00FB "û" */
    0x0, 0x0, 0x4, 0x88, 0x50, 0x0, 0x0, 0x0,
    0x0, 0x5f, 0xff, 0xf5, 0x0, 0x0, 0x0, 0x4,
    0xff, 0xa9, 0xff, 0x40, 0x0, 0x0, 0x4f, 0xfc,
    0x0, 0xbf, 0xf3, 0x0, 0x0, 0x78, 0x71, 0x0,
    0x7, 0x87, 0x0, 0x0, 0x0, 0x0, 0x0, 0x0,
    0x0, 0x0, 0x0, 0x0, 0x0, 0x0, 0x0, 0x0,
    0x0, 0xdf, 0xf6, 0x0, 0x0, 0x0, 0x5f, 0xfe,
    0xdf, 0xf6, 0x0, 0x0, 0x0, 0x5f, 0xfe, 0xdf,
    0xf6, 0x0, 0x0, 0x0, 0x5f, 0xfe, 0xdf, 0xf6,
    0x0, 0x0, 0x0, 0x5f, 0xfe, 0xdf, 0xf6, 0x0,
    0x0, 0x0, 0x5f, 0xfe, 0xdf, 0xf6, 0x0, 0x0,
    0x0, 0x5f, 0xfe, 0xdf, 0xf6, 0x0, 0x0, 0x0,
    0x5f, 0xfe, 0xdf, 0xf6, 0x0, 0x0, 0x0, 0x5f,
    0xfe, 0xdf, 0xf6, 0x0, 0x0, 0x0, 0x5f, 0xfe,
    0xdf, 0xf6, 0x0, 0x0, 0x0, 0x5f, 0xfe, 0xdf,
    0xf6, 0x0, 0x0, 0x0, 0x6f, 0xfe, 0xcf, 0xf9,
    0x0, 0x0, 0x0, 0x9f, 0xfe, 0xaf, 0xfe, 0x0,
    0x0, 0x1, 0xff, 0xfe, 0x6f, 0xff, 0xb2, 0x0,
    0x3d, 0xff, 0xfe, 0xe, 0xff, 0xff, 0xef, 0xff,
    0x7f, 0xfe, 0x3, 0xef, 0xff, 0xff, 0xf8, 0x3f,
    0xfe, 0x0, 0x19, 0xdf, 0xeb, 0x40, 0x3f, 0xfe,

    /* U+00FC "ü" */
    0x0, 0x3b, 0xa1, 0x0, 0x1a, 0xc3, 0x0, 0x0,
    0xdf, 0xfa, 0x0, 0x9f, 0xfe, 0x0, 0x0, 0xef,
    0xfa, 0x0, 0xaf, 0xff, 0x0, 0x0, 0x5e, 0xd2,
    0x0, 0x2d, 0xe5, 0x0, 0x0, 0x0, 0x0, 0x0,
    0x0, 0x0, 0x0, 0x0, 0x0, 0x0, 0x0, 0x0,
    0x0, 0x0, 0x0, 0x0, 0x0, 0x0, 0x0, 0x0,
    0x0, 0xdf, 0xf6, 0x0, 0x0, 0x0, 0x5f, 0xfe,
    0xdf, 0xf6, 0x0, 0x0, 0x0, 0x5f, 0xfe, 0xdf,
    0xf6, 0x0, 0x0, 0x0, 0x5f, 0xfe, 0xdf, 0xf6,
    0x0, 0x0, 0x0, 0x5f, 0xfe, 0xdf, 0xf6, 0x0,
    0x0, 0x0, 0x5f, 0xfe, 0xdf, 0xf6, 0x0, 0x0,
    0x0, 0x5f, 0xfe, 0xdf, 0xf6, 0x0, 0x0, 0x0,
    0x5f, 0xfe, 0xdf, 0xf6, 0x0, 0x0, 0x0, 0x5f,
    0xfe, 0xdf, 0xf6, 0x0, 0x0, 0x0, 0x5f, 0xfe,
    0xdf, 0xf6, 0x0, 0x0, 0x0, 0x5f, 0xfe, 0xdf,
    0xf6, 0x0, 0x0, 0x0, 0x6f, 0xfe, 0xcf, 0xf9,
    0x0, 0x0, 0x0, 0x9f, 0xfe, 0xaf, 0xfe, 0x0,
    0x0, 0x1, 0xff, 0xfe, 0x6f, 0xff, 0xb2, 0x0,
    0x3d, 0xff, 0xfe, 0xe, 0xff, 0xff, 0xef, 0xff,
    0x7f, 0xfe, 0x3, 0xef, 0xff, 0xff, 0xf8, 0x3f,
    0xfe, 0x0, 0x19, 0xdf, 0xeb, 0x40, 0x3f, 0xfe,

    /* U+00FD "ý" */
    0x0, 0x0, 0x0, 0x0, 0xd, 0xff, 0x60, 0x0,
    0x0, 0x0, 0x0, 0x0, 0x4, 0xff, 0xb0, 0x0,
    0x0, 0x0, 0x0, 0x0, 0x0, 0xbf, 0xf2, 0x0,
    0x0, 0x0, 0x0, 0x0, 0x0, 0x3f, 0xf7, 0x0,
    0x0, 0x0, 0x0, 0x0, 0x0, 0x4, 0x87, 0x0,
    0x0, 0x0, 0x0, 0x0, 0x0, 0x0, 0x0, 0x0,
    0x0, 0x0, 0x0, 0x0, 0x0, 0x0, 0x0, 0x0,
    0x0, 0x0, 0x0, 0x2, 0xff, 0xf5, 0x0, 0x0,
    0x0, 0x1, 0xff, 0xf6, 0xc, 0xff, 0xa0, 0x0,
    0x0, 0x0, 0x6f, 0xff, 0x0, 0x6f, 0xff, 0x0,
    0x0, 0x0, 0xb, 0xff, 0xa0, 0x0, 0xff, 0xf5,
    0x0, 0x0, 0x1, 0xff, 0xf4, 0x0, 0xa, 0xff,
    0xb0, 0x0, 0x0, 0x7f, 0xfe, 0x0, 0x0, 0x4f,
    0xff, 0x0, 0x0, 0xc, 0xff, 0x80, 0x0, 0x0,
    0xef, 0xf6, 0x0, 0x2, 0xff, 0xf2, 0x0, 0x0,
    0x8, 0xff, 0xb0, 0x0, 0x7f, 0xfc, 0x0, 0x0,
    0x0, 0x2f, 0xff, 0x10, 0xd, 0xff, 0x60, 0x0,
    0x0, 0x0, 0xcf, 0xf6, 0x2, 0xff, 0xf0, 0x0,
    0x0, 0x0, 0x6, 0xff, 0xb0, 0x7f, 0xfa, 0x0,
    0x0, 0x0, 0x0, 0x1f, 0xff, 0xc, 0xff, 0x40,
    0x0, 0x0, 0x0, 0x0, 0xaf, 0xf5, 0xff, 0xe0,
    0x0, 0x0, 0x0, 0x0, 0x4, 0xff, 0xdf, 0xf8,
    0x0, 0x0, 0x0, 0x0, 0x0, 0xe, 0xff, 0xff,
    0x20, 0x0, 0x0, 0x0, 0x0, 0x0, 0x8f, 0xff,
    0xc0, 0x0, 0x0, 0x0, 0x0, 0x0, 0x3, 0xff,
    0xf6, 0x0, 0x0, 0x0, 0x0, 0x0, 0x0, 0x5f,
    0xff, 0x0, 0x0, 0x0, 0x0, 0x0, 0x0, 0xa,
    0xff, 0xa0, 0x0, 0x0, 0x0, 0x0, 0x0, 0x4,
    0xff, 0xf3, 0x0, 0x0, 0x0, 0x0, 0x6, 0xed,
    0xff, 0xfa, 0x0, 0x0, 0x0, 0x0, 0x0, 0xbf,
    0xff, 0xfd, 0x0, 0x0, 0x0, 0x0, 0x0, 0xc,
    0xff, 0xd8, 0x0, 0x0, 0x0, 0x0, 0x0,

    /* U+00FE "þ" */
    0xdf, 0xf6, 0x0, 0x0, 0x0, 0x0, 0x0, 0x0,
    0xdf, 0xf6, 0x0, 0x0, 0x0, 0x0, 0x0, 0x0,
    0xdf, 0xf6, 0x0, 0x0, 0x0, 0x0, 0x0, 0x0,
    0xdf, 0xf6, 0x0, 0x0, 0x0, 0x0, 0x0, 0x0,
    0xdf, 0xf6, 0x0, 0x0, 0x0, 0x0, 0x0, 0x0,
    0xdf, 0xf6, 0x4, 0xbe, 0xfd, 0x92, 0x0, 0x0,
    0xdf, 0xf6, 0x6f, 0xff, 0xff, 0xff, 0x60, 0x0,
    0xdf, 0xf9, 0xff, 0xfd, 0xff, 0xff, 0xf5, 0x0,
    0xdf, 0xff, 0xf5, 0x0, 0x5, 0xef, 0xfe, 0x10,
    0xdf, 0xff, 0x50, 0x0, 0x0, 0x3f, 0xff, 0x70,
    0xdf, 0xfd, 0x0, 0x0, 0x0, 0xb, 0xff, 0xc0,
    0xdf, 0xf8, 0x0, 0x0, 0x0, 0x6, 0xff, 0xf0,
    0xdf, 0xf6, 0x0, 0x0, 0x0, 0x3, 0xff, 0xf0,
    0xdf, 0xf5, 0x0, 0x0, 0x0, 0x2, 0xff, 0xf1,
    0xdf, 0xf6, 0x0, 0x0, 0x0, 0x3, 0xff, 0xf0,
    0xdf, 0xf8, 0x0, 0x0, 0x0, 0x6, 0xff, 0xf0,
    0xdf, 0xfd, 0x0, 0x0, 0x0, 0xb, 0xff, 0xb0,
    0xdf, 0xff, 0x60, 0x0, 0x0, 0x4f, 0xff, 0x60,
    0xdf, 0xff, 0xf6, 0x0, 0x5, 0xff, 0xfe, 0x10,
    0xdf, 0xf8, 0xff, 0xfd, 0xff, 0xff, 0xf5, 0x0,
    0xdf, 0xf6, 0x6f, 0xff, 0xff, 0xff, 0x60, 0x0,
    0xdf, 0xf6, 0x3, 0xbe, 0xfe, 0x92, 0x0, 0x0,
    0xdf, 0xf6, 0x0, 0x0, 0x0, 0x0, 0x0, 0x0,
    0xdf, 0xf6, 0x0, 0x0, 0x0, 0x0, 0x0, 0x0,
    0xdf, 0xf6, 0x0, 0x0, 0x0, 0x0, 0x0, 0x0,
    0xdf, 0xf6, 0x0, 0x0, 0x0, 0x0, 0x0, 0x0,
    0xdf, 0xf6, 0x0, 0x0, 0x0, 0x0, 0x0, 0x0,
    0xdf, 0xf6, 0x0, 0x0, 0x0, 0x0, 0x0, 0x0,

    /* U+00FF "ÿ" */
    0x0, 0x0, 0x7c, 0x70, 0x0, 0x4c, 0x90, 0x0,
    0x0, 0x0, 0x3f, 0xff, 0x40, 0xf, 0xff, 0x80,
    0x0, 0x0, 0x4, 0xff, 0xf4, 0x0, 0xff, 0xf9,
    0x0, 0x0, 0x0, 0xa, 0xfa, 0x0, 0x6, 0xec,
    0x10, 0x0, 0x0, 0x0, 0x0, 0x0, 0x0, 0x0,
    0x0, 0x0, 0x0, 0x0, 0x0, 0x0, 0x0, 0x0,
    0x0, 0x0, 0x0, 0x0, 0x0, 0x0, 0x0, 0x0,
    0x0, 0x0, 0x0, 0x2, 0xff, 0xf5, 0x0, 0x0,
    0x0, 0x1, 0xff, 0xf6, 0xc, 0xff, 0xa0, 0x0,
    0x0, 0x0, 0x6f, 0xff, 0x0, 0x6f, 0xff, 0x0,
    0x0, 0x0, 0xb, 0xff, 0xa0, 0x0, 0xff, 0xf5,
    0x0, 0x0, 0x1, 0xff, 0xf4, 0x0, 0xa, 0xff,
    0xb0, 0x0, 0x0, 0x7f, 0xfe, 0x0, 0x0, 0x4f,
    0xff, 0x0, 0x0, 0xc, 0xff, 0x80, 0x0, 0x0,
    0xef, 0xf6, 0x0, 0x2, 0xff, 0xf2, 0x0, 0x0,
    0x8, 0xff, 0xb0, 0x0, 0x7f, 0xfc, 0x0, 0x0,
    0x0, 0x2f, 0xff, 0x10, 0xd, 0xff, 0x60, 0x0,
    0x0, 0x0, 0xcf, 0xf6, 0x2, 0xff, 0xf0, 0x0,
    0x0, 0x0, 0x6, 0xff, 0xb0, 0x7f, 0xfa, 0x0,
    0x0, 0x0, 0x0, 0x1f, 0xff, 0xc, 0xff, 0x40,
    0x0, 0x0, 0x0, 0x0, 0xaf, 0xf5, 0xff, 0xe0,
    0x0, 0x0, 0x0, 0x0, 0x4, 0xff, 0xdf, 0xf8,
    0x0, 0x0, 0x0, 0x0, 0x0, 0xe, 0xff, 0xff,
    0x20, 0x0, 0x0, 0x0, 0x0, 0x0, 0x8f, 0xff,
    0xc0, 0x0, 0x0, 0x0, 0x0, 0x0, 0x3, 0xff,
    0xf6, 0x0, 0x0, 0x0, 0x0, 0x0, 0x0, 0x5f,
    0xff, 0x0, 0x0, 0x0, 0x0, 0x0, 0x0, 0xa,
    0xff, 0xa0, 0x0, 0x0, 0x0, 0x0, 0x0, 0x4,
    0xff, 0xf3, 0x0, 0x0, 0x0, 0x0, 0x6, 0xed,
    0xff, 0xfa, 0x0, 0x0, 0x0, 0x0, 0x0, 0xbf,
    0xff, 0xfd, 0x0, 0x0, 0x0, 0x0, 0x0, 0xc,
    0xff, 0xd8, 0x0, 0x0, 0x0, 0x0, 0x0,

    /* U+2013 "–" */
    0xee, 0xee, 0xee, 0xee, 0xee, 0xee, 0xee, 0xef,
    0xff, 0xff, 0xff, 0xff, 0xff, 0xff, 0xff, 0xff,
    0xff, 0xff, 0xff, 0xff, 0xff, 0xff, 0xf0,

    /* U+2014 "—" */
    0xee, 0xee, 0xee, 0xee, 0xee, 0xee, 0xee, 0xee,
    0xee, 0xee, 0xee, 0xee, 0xee, 0xee, 0xee, 0xff,
    0xff, 0xff, 0xff, 0xff, 0xff, 0xff, 0xff, 0xff,
    0xff, 0xff, 0xff, 0xff, 0xff, 0xff, 0xff, 0xff,
    0xff, 0xff, 0xff, 0xff, 0xff, 0xff, 0xff, 0xff,
    0xff, 0xff, 0xff, 0xff, 0xff,

    /* U+2019 "’" */
    0x5, 0xcc, 0xc0, 0x8, 0xff, 0xc0, 0xa, 0xff,
    0x80, 0xd, 0xff, 0x30, 0xf, 0xff, 0x0, 0x1f,
    0xfa, 0x0, 0x4f, 0xf6, 0x0, 0x6f, 0xf2, 0x0,
    0x8f, 0xd0, 0x0
};


/*---------------------
 *  GLYPH DESCRIPTION
 *--------------------*/

static const lv_font_fmt_txt_glyph_dsc_t glyph_dsc[] = {
    {.bitmap_index = 0, .adv_w = 0, .box_w = 0, .box_h = 0, .ofs_x = 0, .ofs_y = 0} /* id = 0 reserved */,
    {.bitmap_index = 0, .adv_w = 128, .box_w = 0, .box_h = 0, .ofs_x = 0, .ofs_y = 0},
    {.bitmap_index = 0, .adv_w = 146, .box_w = 5, .box_h = 22, .ofs_x = 2, .ofs_y = 0},
    {.bitmap_index = 55, .adv_w = 237, .box_w = 9, .box_h = 9, .ofs_x = 3, .ofs_y = 13},
    {.bitmap_index = 96, .adv_w = 307, .box_w = 19, .box_h = 22, .ofs_x = 0, .ofs_y = 0},
    {.bitmap_index = 305, .adv_w = 310, .box_w = 17, .box_h = 29, .ofs_x = 1, .ofs_y = -3},
    {.bitmap_index = 552, .adv_w = 477, .box_w = 24, .box_h = 22, .ofs_x = 3, .ofs_y = 0},
    {.bitmap_index = 816, .adv_w = 314, .box_w = 19, .box_h = 22, .ofs_x = 1, .ofs_y = 0},
    {.bitmap_index = 1025, .adv_w = 150, .box_w = 4, .box_h = 9, .ofs_x = 3, .ofs_y = 13},
    {.bitmap_index = 1043, .adv_w = 177, .box_w = 8, .box_h = 28, .ofs_x = 2, .ofs_y = -4},
    {.bitmap_index = 1155, .adv_w = 177, .box_w = 8, .box_h = 28, .ofs_x = 1, .ofs_y = -4},
    {.bitmap_index = 1267, .adv_w = 250, .box_w = 13, .box_h = 13, .ofs_x = 1, .ofs_y = 9},
    {.bitmap_index = 1352, .adv_w = 320, .box_w = 16, .box_h = 15, .ofs_x = 2, .ofs_y = 1},
    {.bitmap_index = 1472, .adv_w = 146, .box_w = 6, .box_h = 9, .ofs_x = 1, .ofs_y = -6},
    {.bitmap_index = 1499, .adv_w = 222, .box_w = 10, .box_h = 3, .ofs_x = 2, .ofs_y = 8},
    {.bitmap_index = 1514, .adv_w = 146, .box_w = 5, .box_h = 5, .ofs_x = 2, .ofs_y = 0},
    {.bitmap_index = 1527, .adv_w = 177, .box_w = 11, .box_h = 27, .ofs_x = 0, .ofs_y = -3},
    {.bitmap_index = 1676, .adv_w = 310, .box_w = 17, .box_h = 22, .ofs_x = 1, .ofs_y = 0},
    {.bitmap_index = 1863, .adv_w = 199, .box_w = 10, .box_h = 22, .ofs_x = 1, .ofs_y = 0},
    {.bitmap_index = 1973, .adv_w = 296, .box_w = 15, .box_h = 22, .ofs_x = 2, .ofs_y = 0},
    {.bitmap_index = 2138, .adv_w = 301, .box_w = 17, .box_h = 22, .ofs_x = 1, .ofs_y = 0},
    {.bitmap_index = 2325, .adv_w = 315, .box_w = 18, .box_h = 22, .ofs_x = 1, .ofs_y = 0},
    {.bitmap_index = 2523, .adv_w = 289, .box_w = 16, .box_h = 22, .ofs_x = 1, .ofs_y = 0},
    {.bitmap_index = 2699, .adv_w = 302, .box_w = 17, .box_h = 22, .ofs_x = 1, .ofs_y = 0},
    {.bitmap_index = 2886, .adv_w = 274, .box_w = 15, .box_h = 22, .ofs_x = 1, .ofs_y = 0},
    {.bitmap_index = 3051, .adv_w = 302, .box_w = 17, .box_h = 22, .ofs_x = 1, .ofs_y = 0},
    {.bitmap_index = 3238, .adv_w = 302, .box_w = 17, .box_h = 22, .ofs_x = 1, .ofs_y = 0},
    {.bitmap_index = 3425, .adv_w = 146, .box_w = 5, .box_h = 17, .ofs_x = 2, .ofs_y = 0},
    {.bitmap_index = 3468, .adv_w = 151, .box_w = 7, .box_h = 22, .ofs_x = 1, .ofs_y = -6},
    {.bitmap_index = 3545, .adv_w = 320, .box_w = 15, .box_h = 18, .ofs_x = 2, .ofs_y = 0},
    {.bitmap_index = 3680, .adv_w = 320, .box_w = 14, .box_h = 10, .ofs_x = 3, .ofs_y = 4},
    {.bitmap_index = 3750, .adv_w = 320, .box_w = 15, .box_h = 18, .ofs_x = 3, .ofs_y = 0},
    {.bitmap_index = 3885, .adv_w = 253, .box_w = 14, .box_h = 22, .ofs_x = 1, .ofs_y = 0},
    {.bitmap_index = 4039, .adv_w = 472, .box_w = 27, .box_h = 28, .ofs_x = 1, .ofs_y = -6},
    {.bitmap_index = 4417, .adv_w = 340, .box_w = 21, .box_h = 22, .ofs_x = 0, .ofs_y = 0},
    {.bitmap_index = 4648, .adv_w = 315, .box_w = 17, .box_h = 22, .ofs_x = 2, .ofs_y = 0},
    {.bitmap_index = 4835, .adv_w = 352, .box_w = 20, .box_h = 22, .ofs_x = 1, .ofs_y = 0},
    {.bitmap_index = 5055, .adv_w = 346, .box_w = 19, .box_h = 22, .ofs_x = 2, .ofs_y = 0},
    {.bitmap_index = 5264, .adv_w = 289, .box_w = 15, .box_h = 22, .ofs_x = 2, .ofs_y = 0},
    {.bitmap_index = 5429, .adv_w = 283, .box_w = 14, .box_h = 22, .ofs_x = 2, .ofs_y = 0},
    {.bitmap_index = 5583, .adv_w = 359, .box_w = 20, .box_h = 22, .ofs_x = 1, .ofs_y = 0},
    {.bitmap_index = 5803, .adv_w = 357, .box_w = 18, .box_h = 22, .ofs_x = 2, .ofs_y = 0},
    {.bitmap_index = 6001, .adv_w = 131, .box_w = 4, .box_h = 22, .ofs_x = 2, .ofs_y = 0},
    {.bitmap_index = 6045, .adv_w = 276, .box_w = 14, .box_h = 22, .ofs_x = 1, .ofs_y = 0},
    {.bitmap_index = 6199, .adv_w = 330, .box_w = 18, .box_h = 22, .ofs_x = 2, .ofs_y = 0},
    {.bitmap_index = 6397, .adv_w = 271, .box_w = 14, .box_h = 22, .ofs_x = 2, .ofs_y = 0},
    {.bitmap_index = 6551, .adv_w = 438, .box_w = 23, .box_h = 22, .ofs_x = 2, .ofs_y = 0},
    {.bitmap_index = 6804, .adv_w = 363, .box_w = 19, .box_h = 22, .ofs_x = 2, .ofs_y = 0},
    {.bitmap_index = 7013, .adv_w = 368, .box_w = 21, .box_h = 22, .ofs_x = 1, .ofs_y = 0},
    {.bitmap_index = 7244, .adv_w = 308, .box_w = 16, .box_h = 22, .ofs_x = 2, .ofs_y = 0},
    {.bitmap_index = 7420, .adv_w = 369, .box_w = 21, .box_h = 24, .ofs_x = 1, .ofs_y = -2},
    {.bitmap_index = 7672, .adv_w = 311, .box_w = 17, .box_h = 22, .ofs_x = 2, .ofs_y = 0},
    {.bitmap_index = 7859, .adv_w = 310, .box_w = 17, .box_h = 22, .ofs_x = 1, .ofs_y = 0},
    {.bitmap_index = 8046, .adv_w = 313, .box_w = 18, .box_h = 22, .ofs_x = 1, .ofs_y = 0},
    {.bitmap_index = 8244, .adv_w = 355, .box_w = 18, .box_h = 22, .ofs_x = 2, .ofs_y = 0},
    {.bitmap_index = 8442, .adv_w = 340, .box_w = 21, .box_h = 22, .ofs_x = 0, .ofs_y = 0},
    {.bitmap_index = 8673, .adv_w = 481, .box_w = 30, .box_h = 22, .ofs_x = 0, .ofs_y = 0},
    {.bitmap_index = 9003, .adv_w = 336, .box_w = 21, .box_h = 22, .ofs_x = 0, .ofs_y = 0},
    {.bitmap_index = 9234, .adv_w = 334, .box_w = 21, .box_h = 22, .ofs_x = 0, .ofs_y = 0},
    {.bitmap_index = 9465, .adv_w = 308, .box_w = 17, .box_h = 22, .ofs_x = 1, .ofs_y = 0},
    {.bitmap_index = 9652, .adv_w = 177, .box_w = 7, .box_h = 28, .ofs_x = 3, .ofs_y = -4},
    {.bitmap_index = 9750, .adv_w = 177, .box_w = 11, .box_h = 27, .ofs_x = 0, .ofs_y = -3},
    {.bitmap_index = 9899, .adv_w = 177, .box_w = 7, .box_h = 28, .ofs_x = 1, .ofs_y = -4},
    {.bitmap_index = 9997, .adv_w = 229, .box_w = 13, .box_h = 10, .ofs_x = 1, .ofs_y = 12},
    {.bitmap_index = 10062, .adv_w = 222, .box_w = 14, .box_h = 3, .ofs_x = 0, .ofs_y = -3},
    {.bitmap_index = 10083, .adv_w = 162, .box_w = 6, .box_h = 5, .ofs_x = 2, .ofs_y = 19},
    {.bitmap_index = 10098, .adv_w = 273, .box_w = 14, .box_h = 17, .ofs_x = 1, .ofs_y = 0},
    {.bitmap_index = 10217, .adv_w = 297, .box_w = 16, .box_h = 22, .ofs_x = 2, .ofs_y = 0},
    {.bitmap_index = 10393, .adv_w = 277, .box_w = 15, .box_h = 17, .ofs_x = 1, .ofs_y = 0},
    {.bitmap_index = 10521, .adv_w = 297, .box_w = 16, .box_h = 22, .ofs_x = 1, .ofs_y = 0},
    {.bitmap_index = 10697, .adv_w = 282, .box_w = 16, .box_h = 17, .ofs_x = 1, .ofs_y = 0},
    {.bitmap_index = 10833, .adv_w = 182, .box_w = 11, .box_h = 23, .ofs_x = 0, .ofs_y = 0},
    {.bitmap_index = 10960, .adv_w = 297, .box_w = 16, .box_h = 23, .ofs_x = 1, .ofs_y = -6},
    {.bitmap_index = 11144, .adv_w = 289, .box_w = 14, .box_h = 22, .ofs_x = 2, .ofs_y = 0},
    {.bitmap_index = 11298, .adv_w = 121, .box_w = 5, .box_h = 23, .ofs_x = 1, .ofs_y = 0},
    {.bitmap_index = 11356, .adv_w = 121, .box_w = 7, .box_h = 30, .ofs_x = -1, .ofs_y = -6},
    {.bitmap_index = 11461, .adv_w = 268, .box_w = 15, .box_h = 22, .ofs_x = 2, .ofs_y = 0},
    {.bitmap_index = 11626, .adv_w = 121, .box_w = 4, .box_h = 22, .ofs_x = 2, .ofs_y = 0},
    {.bitmap_index = 11670, .adv_w = 426, .box_w = 23, .box_h = 17, .ofs_x = 2, .ofs_y = 0},
    {.bitmap_index = 11866, .adv_w = 289, .box_w = 14, .box_h = 17, .ofs_x = 2, .ofs_y = 0},
    {.bitmap_index = 11985, .adv_w = 290, .box_w = 16, .box_h = 17, .ofs_x = 1, .ofs_y = 0},
    {.bitmap_index = 12121, .adv_w = 297, .box_w = 16, .box_h = 23, .ofs_x = 2, .ofs_y = -6},
    {.bitmap_index = 12305, .adv_w = 297, .box_w = 16, .box_h = 23, .ofs_x = 1, .ofs_y = -6},
    {.bitmap_index = 12489, .adv_w = 186, .box_w = 9, .box_h = 17, .ofs_x = 2, .ofs_y = 0},
    {.bitmap_index = 12566, .adv_w = 259, .box_w = 14, .box_h = 17, .ofs_x = 1, .ofs_y = 0},
    {.bitmap_index = 12685, .adv_w = 163, .box_w = 10, .box_h = 21, .ofs_x = 0, .ofs_y = 0},
    {.bitmap_index = 12790, .adv_w = 289, .box_w = 14, .box_h = 17, .ofs_x = 2, .ofs_y = 0},
    {.bitmap_index = 12909, .adv_w = 276, .box_w = 17, .box_h = 17, .ofs_x = 0, .ofs_y = 0},
    {.bitmap_index = 13054, .adv_w = 398, .box_w = 25, .box_h = 17, .ofs_x = 0, .ofs_y = 0},
    {.bitmap_index = 13267, .adv_w = 267, .box_w = 16, .box_h = 17, .ofs_x = 0, .ofs_y = 0},
    {.bitmap_index = 13403, .adv_w = 276, .box_w = 17, .box_h = 23, .ofs_x = 0, .ofs_y = -6},
    {.bitmap_index = 13599, .adv_w = 268, .box_w = 14, .box_h = 17, .ofs_x = 1, .ofs_y = 0},
    {.bitmap_index = 13718, .adv_w = 211, .box_w = 10, .box_h = 28, .ofs_x = 2, .ofs_y = -4},
    {.bitmap_index = 13858, .adv_w = 166, .box_w = 4, .box_h = 37, .ofs_x = 3, .ofs_y = -7},
    {.bitmap_index = 13932, .adv_w = 211, .box_w = 11, .box_h = 28, .ofs_x = 1, .ofs_y = -4},
    {.bitmap_index = 14086, .adv_w = 320, .box_w = 16, .box_h = 6, .ofs_x = 2, .ofs_y = 6},
    {.bitmap_index = 14134, .adv_w = 128, .box_w = 0, .box_h = 0, .ofs_x = 0, .ofs_y = 0},
    {.bitmap_index = 14134, .adv_w = 146, .box_w = 5, .box_h = 23, .ofs_x = 2, .ofs_y = -6},
    {.bitmap_index = 14192, .adv_w = 277, .box_w = 15, .box_h = 22, .ofs_x = 1, .ofs_y = 0},
    {.bitmap_index = 14357, .adv_w = 298, .box_w = 17, .box_h = 22, .ofs_x = 1, .ofs_y = 0},
    {.bitmap_index = 14544, .adv_w = 354, .box_w = 20, .box_h = 20, .ofs_x = 1, .ofs_y = 0},
    {.bitmap_index = 14744, .adv_w = 267, .box_w = 17, .box_h = 22, .ofs_x = 0, .ofs_y = 0},
    {.bitmap_index = 14931, .adv_w = 141, .box_w = 4, .box_h = 27, .ofs_x = 2, .ofs_y = -5},
    {.bitmap_index = 14985, .adv_w = 273, .box_w = 15, .box_h = 27, .ofs_x = 1, .ofs_y = -5},
    {.bitmap_index = 15188, .adv_w = 289, .box_w = 11, .box_h = 4, .ofs_x = 4, .ofs_y = 19},
    {.bitmap_index = 15210, .adv_w = 439, .box_w = 23, .box_h = 23, .ofs_x = 2, .ofs_y = 0},
    {.bitmap_index = 15475, .adv_w = 219, .box_w = 13, .box_h = 13, .ofs_x = 0, .ofs_y = 10},
    {.bitmap_index = 15560, .adv_w = 292, .box_w = 17, .box_h = 15, .ofs_x = 1, .ofs_y = 2},
    {.bitmap_index = 15688, .adv_w = 320, .box_w = 13, .box_h = 7, .ofs_x = 3, .ofs_y = 5},
    {.bitmap_index = 15734, .adv_w = 319, .box_w = 18, .box_h = 18, .ofs_x = 1, .ofs_y = 5},
    {.bitmap_index = 15896, .adv_w = 223, .box_w = 10, .box_h = 3, .ofs_x = 2, .ofs_y = 20},
    {.bitmap_index = 15911, .adv_w = 219, .box_w = 11, .box_h = 11, .ofs_x = 1, .ofs_y = 12},
    {.bitmap_index = 15972, .adv_w = 320, .box_w = 16, .box_h = 16, .ofs_x = 2, .ofs_y = 1},
    {.bitmap_index = 16100, .adv_w = 215, .box_w = 11, .box_h = 13, .ofs_x = 1, .ofs_y = 13},
    {.bitmap_index = 16172, .adv_w = 218, .box_w = 12, .box_h = 13, .ofs_x = 1, .ofs_y = 13},
    {.bitmap_index = 16250, .adv_w = 162, .box_w = 6, .box_h = 5, .ofs_x = 2, .ofs_y = 19},
    {.bitmap_index = 16265, .adv_w = 288, .box_w = 16, .box_h = 23, .ofs_x = 2, .ofs_y = -6},
    {.bitmap_index = 16449, .adv_w = 289, .box_w = 15, .box_h = 22, .ofs_x = 1, .ofs_y = 0},
    {.bitmap_index = 16614, .adv_w = 146, .box_w = 5, .box_h = 5, .ofs_x = 2, .ofs_y = 8},
    {.bitmap_index = 16627, .adv_w = 144, .box_w = 6, .box_h = 7, .ofs_x = 2, .ofs_y = -6},
    {.bitmap_index = 16648, .adv_w = 151, .box_w = 7, .box_h = 13, .ofs_x = 1, .ofs_y = 13},
    {.bitmap_index = 16694, .adv_w = 233, .box_w = 13, .box_h = 13, .ofs_x = 1, .ofs_y = 10},
    {.bitmap_index = 16779, .adv_w = 292, .box_w = 16, .box_h = 15, .ofs_x = 1, .ofs_y = 2},
    {.bitmap_index = 16899, .adv_w = 392, .box_w = 23, .box_h = 23, .ofs_x = 1, .ofs_y = 0},
    {.bitmap_index = 17164, .adv_w = 412, .box_w = 24, .box_h = 23, .ofs_x = 1, .ofs_y = 0},
    {.bitmap_index = 17440, .adv_w = 429, .box_w = 25, .box_h = 23, .ofs_x = 1, .ofs_y = 0},
    {.bitmap_index = 17728, .adv_w = 253, .box_w = 14, .box_h = 23, .ofs_x = 1, .ofs_y = -6},
    {.bitmap_index = 17889, .adv_w = 340, .box_w = 21, .box_h = 29, .ofs_x = 0, .ofs_y = 0},
    {.bitmap_index = 18194, .adv_w = 340, .box_w = 21, .box_h = 29, .ofs_x = 0, .ofs_y = 0},
    {.bitmap_index = 18499, .adv_w = 340, .box_w = 21, .box_h = 29, .ofs_x = 0, .ofs_y = 0},
    {.bitmap_index = 18804, .adv_w = 340, .box_w = 21, .box_h = 29, .ofs_x = 0, .ofs_y = 0},
    {.bitmap_index = 19109, .adv_w = 340, .box_w = 21, .box_h = 29, .ofs_x = 0, .ofs_y = 0},
    {.bitmap_index = 19414, .adv_w = 340, .box_w = 21, .box_h = 31, .ofs_x = 0, .ofs_y = 0},
    {.bitmap_index = 19740, .adv_w = 482, .box_w = 29, .box_h = 22, .ofs_x = 0, .ofs_y = 0},
    {.bitmap_index = 20059, .adv_w = 352, .box_w = 20, .box_h = 28, .ofs_x = 1, .ofs_y = -6},
    {.bitmap_index = 20339, .adv_w = 289, .box_w = 15, .box_h = 29, .ofs_x = 2, .ofs_y = 0},
    {.bitmap_index = 20557, .adv_w = 289, .box_w = 15, .box_h = 29, .ofs_x = 2, .ofs_y = 0},
    {.bitmap_index = 20775, .adv_w = 289, .box_w = 15, .box_h = 29, .ofs_x = 2, .ofs_y = 0},
    {.bitmap_index = 20993, .adv_w = 289, .box_w = 15, .box_h = 29, .ofs_x = 2, .ofs_y = 0},
    {.bitmap_index = 21211, .adv_w = 131, .box_w = 6, .box_h = 29, .ofs_x = 0, .ofs_y = 0},
    {.bitmap_index = 21298, .adv_w = 131, .box_w = 7, .box_h = 29, .ofs_x = 2, .ofs_y = 0},
    {.bitmap_index = 21400, .adv_w = 131, .box_w = 12, .box_h = 29, .ofs_x = -2, .ofs_y = 0},
    {.bitmap_index = 21574, .adv_w = 131, .box_w = 11, .box_h = 29, .ofs_x = -1, .ofs_y = 0},
    {.bitmap_index = 21734, .adv_w = 357, .box_w = 21, .box_h = 22, .ofs_x = 0, .ofs_y = 0},
    {.bitmap_index = 21965, .adv_w = 363, .box_w = 19, .box_h = 29, .ofs_x = 2, .ofs_y = 0},
    {.bitmap_index = 22241, .adv_w = 368, .box_w = 21, .box_h = 30, .ofs_x = 1, .ofs_y = 0},
    {.bitmap_index = 22556, .adv_w = 368, .box_w = 21, .box_h = 30, .ofs_x = 1, .ofs_y = 0},
    {.bitmap_index = 22871, .adv_w = 368, .box_w = 21, .box_h = 30, .ofs_x = 1, .ofs_y = 0},
    {.bitmap_index = 23186, .adv_w = 368, .box_w = 21, .box_h = 29, .ofs_x = 1, .ofs_y = 0},
    {.bitmap_index = 23491, .adv_w = 368, .box_w = 21, .box_h = 29, .ofs_x = 1, .ofs_y = 0},
    {.bitmap_index = 23796, .adv_w = 320, .box_w = 16, .box_h = 16, .ofs_x = 2, .ofs_y = 1},
    {.bitmap_index = 23924, .adv_w = 368, .box_w = 21, .box_h = 24, .ofs_x = 1, .ofs_y = -1},
    {.bitmap_index = 24176, .adv_w = 355, .box_w = 18, .box_h = 30, .ofs_x = 2, .ofs_y = 0},
    {.bitmap_index = 24446, .adv_w = 355, .box_w = 18, .box_h = 30, .ofs_x = 2, .ofs_y = 0},
    {.bitmap_index = 24716, .adv_w = 355, .box_w = 18, .box_h = 30, .ofs_x = 2, .ofs_y = 0},
    {.bitmap_index = 24986, .adv_w = 355, .box_w = 18, .box_h = 29, .ofs_x = 2, .ofs_y = 0},
    {.bitmap_index = 25247, .adv_w = 334, .box_w = 21, .box_h = 29, .ofs_x = 0, .ofs_y = 0},
    {.bitmap_index = 25552, .adv_w = 311, .box_w = 16, .box_h = 22, .ofs_x = 2, .ofs_y = 0},
    {.bitmap_index = 25728, .adv_w = 302, .box_w = 16, .box_h = 22, .ofs_x = 2, .ofs_y = 0},
    {.bitmap_index = 25904, .adv_w = 273, .box_w = 14, .box_h = 24, .ofs_x = 1, .ofs_y = 0},
    {.bitmap_index = 26072, .adv_w = 273, .box_w = 14, .box_h = 24, .ofs_x = 1, .ofs_y = 0},
    {.bitmap_index = 26240, .adv_w = 273, .box_w = 14, .box_h = 24, .ofs_x = 1, .ofs_y = 0},
    {.bitmap_index = 26408, .adv_w = 273, .box_w = 14, .box_h = 22, .ofs_x = 1, .ofs_y = 0},
    {.bitmap_index = 26562, .adv_w = 273, .box_w = 14, .box_h = 24, .ofs_x = 1, .ofs_y = 0},
    {.bitmap_index = 26730, .adv_w = 273, .box_w = 14, .box_h = 26, .ofs_x = 1, .ofs_y = 0},
    {.bitmap_index = 26912, .adv_w = 439, .box_w = 26, .box_h = 17, .ofs_x = 1, .ofs_y = 0},
    {.bitmap_index = 27133, .adv_w = 277, .box_w = 15, .box_h = 23, .ofs_x = 1, .ofs_y = -6},
    {.bitmap_index = 27306, .adv_w = 282, .box_w = 16, .box_h = 24, .ofs_x = 1, .ofs_y = 0},
    {.bitmap_index = 27498, .adv_w = 282, .box_w = 16, .box_h = 24, .ofs_x = 1, .ofs_y = 0},
    {.bitmap_index = 27690, .adv_w = 282, .box_w = 16, .box_h = 24, .ofs_x = 1, .ofs_y = 0},
    {.bitmap_index = 27882, .adv_w = 282, .box_w = 16, .box_h = 24, .ofs_x = 1, .ofs_y = 0},
    {.bitmap_index = 28074, .adv_w = 121, .box_w = 7, .box_h = 24, .ofs_x = -1, .ofs_y = 0},
    {.bitmap_index = 28158, .adv_w = 121, .box_w = 6, .box_h = 24, .ofs_x = 2, .ofs_y = 0},
    {.bitmap_index = 28230, .adv_w = 121, .box_w = 11, .box_h = 24, .ofs_x = -2, .ofs_y = 0},
    {.bitmap_index = 28362, .adv_w = 121, .box_w = 11, .box_h = 23, .ofs_x = -2, .ofs_y = 0},
    {.bitmap_index = 28489, .adv_w = 282, .box_w = 16, .box_h = 25, .ofs_x = 1, .ofs_y = 0},
    {.bitmap_index = 28689, .adv_w = 289, .box_w = 14, .box_h = 22, .ofs_x = 2, .ofs_y = 0},
    {.bitmap_index = 28843, .adv_w = 290, .box_w = 16, .box_h = 24, .ofs_x = 1, .ofs_y = 0},
    {.bitmap_index = 29035, .adv_w = 290, .box_w = 16, .box_h = 24, .ofs_x = 1, .ofs_y = 0},
    {.bitmap_index = 29227, .adv_w = 290, .box_w = 16, .box_h = 24, .ofs_x = 1, .ofs_y = 0},
    {.bitmap_index = 29419, .adv_w = 290, .box_w = 16, .box_h = 22, .ofs_x = 1, .ofs_y = 0},
    {.bitmap_index = 29595, .adv_w = 290, .box_w = 16, .box_h = 24, .ofs_x = 1, .ofs_y = 0},
    {.bitmap_index = 29787, .adv_w = 320, .box_w = 16, .box_h = 16, .ofs_x = 2, .ofs_y = 1},
    {.bitmap_index = 29915, .adv_w = 290, .box_w = 16, .box_h = 19, .ofs_x = 1, .ofs_y = -1},
    {.bitmap_index = 30067, .adv_w = 289, .box_w = 14, .box_h = 24, .ofs_x = 2, .ofs_y = 0},
    {.bitmap_index = 30235, .adv_w = 289, .box_w = 14, .box_h = 24, .ofs_x = 2, .ofs_y = 0},
    {.bitmap_index = 30403, .adv_w = 289, .box_w = 14, .box_h = 24, .ofs_x = 2, .ofs_y = 0},
    {.bitmap_index = 30571, .adv_w = 289, .box_w = 14, .box_h = 24, .ofs_x = 2, .ofs_y = 0},
    {.bitmap_index = 30739, .adv_w = 276, .box_w = 17, .box_h = 30, .ofs_x = 0, .ofs_y = -6},
    {.bitmap_index = 30994, .adv_w = 297, .box_w = 16, .box_h = 28, .ofs_x = 2, .ofs_y = -6},
    {.bitmap_index = 31218, .adv_w = 276, .box_w = 17, .box_h = 30, .ofs_x = 0, .ofs_y = -6},
    {.bitmap_index = 31473, .adv_w = 240, .box_w = 15, .box_h = 3, .ofs_x = 0, .ofs_y = 8},
    {.bitmap_index = 31496, .adv_w = 480, .box_w = 30, .box_h = 3, .ofs_x = 0, .ofs_y = 8},
    {.bitmap_index = 31541, .adv_w = 133, .box_w = 6, .box_h = 9, .ofs_x = 2, .ofs_y = 14}
};

/*---------------------
 *  CHARACTER MAPPING
 *--------------------*/

static const uint16_t unicode_list_3[] = {
    0x0, 0x1, 0x6
};

/*Collect the unicode lists and glyph_id offsets*/
static const lv_font_fmt_txt_cmap_t cmaps[] =
{
    {
        .range_start = 32, .range_length = 95, .glyph_id_start = 1,
        .unicode_list = NULL, .glyph_id_ofs_list = NULL, .list_length = 0, .type = LV_FONT_FMT_TXT_CMAP_FORMAT0_TINY
    },
    {
        .range_start = 160, .range_length = 13, .glyph_id_start = 96,
        .unicode_list = NULL, .glyph_id_ofs_list = NULL, .list_length = 0, .type = LV_FONT_FMT_TXT_CMAP_FORMAT0_TINY
    },
    {
        .range_start = 174, .range_length = 82, .glyph_id_start = 109,
        .unicode_list = NULL, .glyph_id_ofs_list = NULL, .list_length = 0, .type = LV_FONT_FMT_TXT_CMAP_FORMAT0_TINY
    },
    {
        .range_start = 8211, .range_length = 7, .glyph_id_start = 191,
        .unicode_list = unicode_list_3, .glyph_id_ofs_list = NULL, .list_length = 3, .type = LV_FONT_FMT_TXT_CMAP_SPARSE_TINY
    }
};

/*-----------------
 *    KERNING
 *----------------*/


/*Map glyph_ids to kern left classes*/
static const uint8_t kern_left_class_mapping[] =
{
    0, 0, 0, 1, 0, 0, 2, 3,
    1, 4, 0, 5, 6, 7, 6, 7,
    8, 9, 10, 11, 12, 13, 14, 15,
    16, 12, 9, 17, 17, 0, 18, 19,
    0, 20, 0, 0, 0, 0, 0, 0,
    0, 0, 0, 0, 0, 0, 0, 0,
    0, 0, 0, 0, 0, 0, 0, 0,
    0, 0, 0, 0, 4, 21, 0, 5,
    22, 0, 0, 0, 0, 0, 0, 0,
    0, 0, 0, 0, 0, 0, 0, 0,
    0, 0, 0, 0, 0, 0, 0, 0,
    0, 0, 0, 0, 4, 10, 0, 6,
    0, 23, 24, 0, 0, 0, 0, 0,
    0, 20, 0, 0, 0, 25, 0, 5,
    18, 0, 0, 0, 26, 10, 27, 0,
    0, 0, 28, 0, 0, 0, 29, 0,
    0, 0, 0, 0, 0, 0, 0, 0,
    0, 0, 0, 0, 0, 0, 0, 0,
    0, 0, 0, 0, 0, 0, 30, 0,
    0, 0, 0, 0, 0, 0, 0, 0,
    0, 0, 0, 0, 0, 0, 0, 0,
    0, 0, 0, 0, 0, 0, 0, 0,
    0, 0, 0, 0, 0, 0, 6, 0,
    0, 0, 0, 0, 0, 0, 0, 0,
    0, 31
};

/*Map glyph_ids to kern right classes*/
static const uint8_t kern_right_class_mapping[] =
{
    0, 1, 2, 3, 4, 5, 0, 6,
    3, 0, 7, 8, 9, 10, 9, 10,
    11, 12, 13, 14, 15, 16, 17, 12,
    18, 19, 20, 21, 21, 22, 23, 0,
    24, 25, 0, 0, 0, 0, 0, 0,
    0, 0, 0, 0, 0, 0, 0, 0,
    0, 0, 0, 0, 0, 0, 0, 0,
    0, 0, 0, 0, 0, 26, 7, 8,
    27, 0, 0, 0, 0, 0, 0, 0,
    0, 0, 0, 0, 0, 0, 0, 0,
    0, 0, 0, 0, 0, 0, 0, 0,
    0, 0, 0, 0, 0, 28, 7, 29,
    0, 0, 30, 0, 0, 0, 0, 0,
    0, 25, 0, 31, 32, 33, 0, 8,
    23, 0, 0, 0, 34, 35, 9, 0,
    0, 0, 36, 0, 0, 0, 37, 0,
    0, 0, 0, 0, 0, 0, 0, 0,
    0, 0, 0, 0, 0, 0, 0, 0,
    0, 0, 0, 0, 0, 0, 36, 0,
    0, 0, 0, 0, 0, 0, 0, 0,
    0, 0, 0, 0, 0, 0, 0, 0,
    0, 0, 0, 0, 0, 0, 0, 0,
    0, 0, 0, 0, 0, 0, 9, 0,
    0, 0, 0, 0, 0, 0, 0, 0,
    0, 38
};

/*Kern values between classes*/
static const int8_t kern_class_values[] =
{
    0, 0, 0, 0, 0, -16, 0, 0,
    0, -41, 0, 0, 0, 0, 0, -30,
    0, 0, 0, 0, 0, 0, 0, 0,
    0, 0, 0, 0, 0, -8, 0, 0,
    0, 0, 0, 0, 0, 0, 0, 0,
    0, 0, 0, 0, 0, 0, 0, 0,
    0, 0, 0, 0, 0, 0, 0, 0,
    0, 0, 0, 0, 0, 0, 0, 0,
    0, 0, 0, 0, 0, 0, 0, 0,
    0, 0, 0, -33, 0, 0, -16, 0,
    0, 0, 0, 0, 0, 0, 0, 0,
    0, 0, 0, 0, 0, 0, 0, 0,
    0, 0, 0, 0, 0, -30, 0, 0,
    0, 0, 0, 0, -11, 0, 0, 0,
    0, 0, 0, 0, 0, 0, 0, 0,
    0, 0, 0, 0, 0, 0, 0, 0,
    0, 0, 0, 0, 0, 0, 0, 0,
    0, 0, 0, 0, 0, 3, 0, -4,
    0, 0, 0, 0, 0, 0, 0, 0,
    0, 0, 0, 0, 0, -16, 0, 0,
    0, -65, 0, 0, 0, 0, 0, -22,
    0, 0, 0, 0, 0, 0, 0, 0,
    -6, 0, -33, 0, 0, 0, 0, 0,
    0, 0, 0, 0, 0, 0, 0, 0,
    0, 0, 0, 0, 0, 0, 0, 0,
    0, 0, 0, -14, -4, 0, 0, -12,
    0, 0, 0, 0, 0, 0, 0, -23,
    0, 0, 0, 0, 0, 0, 0, 0,
    -7, 0, 0, 0, -5, -2, -42, 0,
    0, 0, 0, 0, 0, 0, 0, -13,
    -42, 0, -12, 0, -6, -9, -12, -4,
    0, 0, 0, -42, -21, 0, 0, 0,
    0, 0, 0, 0, 0, 0, -24, 0,
    0, -33, 0, 0, 0, 0, 0, 0,
    0, 0, 0, -19, 0, 0, 0, 0,
    0, 0, 0, 0, 0, 0, 0, 0,
    0, 0, 0, 1, 0, 0, 0, 0,
    0, 0, 0, 0, 0, 0, 0, 0,
    0, 0, 0, 0, 0, 0, 0, 0,
    0, -13, 0, 0, 0, 0, 0, 0,
    0, -9, 0, 0, 0, 0, 0, 0,
    0, -7, -22, 0, 0, 0, 0, 0,
    0, 0, 0, 0, 0, 0, 0, 0,
    0, 0, 0, 0, 3, 0, 0, 0,
    0, 0, 0, 0, 0, 0, 0, 0,
    0, 0, 0, 0, 0, 0, 0, 0,
    3, 0, 0, 0, 0, 0, 0, 0,
    0, 0, 0, 0, 0, 0, 0, 0,
    0, 0, 0, 0, 0, 0, 0, 0,
    0, 0, 0, -7, 0, 0, 0, 0,
    0, 0, 0, 0, 0, 0, 0, 0,
    0, 0, 0, 0, 0, 0, 0, 0,
    0, 0, 0, 0, 0, 0, 0, 0,
    0, -6, 0, -11, 0, 0, 0, 0,
    0, 0, 0, 0, 0, 0, 0, 0,
    0, 0, 0, 0, 0, 0, 0, 0,
    -16, 0, 0, 0, 0, 0, 0, 0,
    0, 0, 0, 0, 0, 0, 0, -12,
    0, -16, 0, 0, -12, 0, 0, 0,
    0, 0, 0, 0, 0, 0, 0, 0,
    0, 0, 0, 0, 0, 0, 0, 0,
    -3, 0, -20, 0, 0, 0, 0, 0,
    0, 0, 0, 0, 0, -1, 0, -12,
    0, 0, 0, 0, 0, 0, 0, 0,
    0, 0, 0, 0, 0, 0, 0, 0,
    0, 0, 0, 0, 0, 0, -3, 0,
    0, 0, 0, 0, 0, 0, 0, 0,
    0, 0, 0, 0, 0, -15, 0, 0,
    0, 0, 0, 0, 0, 0, 0, 0,
    0, 0, 0, 0, 0, 0, -22, 0,
    0, 0, 0, 0, 0, 0, 0, 0,
    0, 0, 0, 0, 0, -27, 0, -22,
    0, 0, 0, -60, 0, -7, 0, 0,
    -8, -28, -5, 9, -7, -5, -16, -44,
    0, 0, 0, 0, -76, 0, 0, -24,
    -30, 0, 0, 0, 0, 0, 0, 0,
    0, 0, 0, 0, 0, 0, 0, 0,
    0, 0, 0, 0, 0, 0, 0, 0,
    0, 0, 0, 0, 0, 0, 0, 0,
    0, -30, 0, 0, 0, 0, 0, 0,
    0, 0, 0, 0, 0, 0, 0, 0,
    0, 0, 0, 0, 0, 0, 0, 0,
    0, 0, 0, 0, 0, 0, 0, 0,
    0, 0, 0, 0, 0, 0, 0, -33,
    0, 0, 0, 0, 0, 0, 0, 0,
    0, 0, 0, 0, 0, 0, 0, 0,
    0, 0, 0, 0, 0, 0, 0, 0,
    0, 0, 0, 0, 0, -35, 0, 0,
    0, 0, 0, 0, 0, -35, 0, 0,
    0, 0, 0, 0, 0, 0, 0, 0,
    0, 0, 0, 0, 0, 0, 0, 0,
    0, 0, 0, -21, -19, 0, 0, 0,
    0, 0, 0, 0, 0, 0, 0, 0,
    0, 0, 0, -17, -19, 0, 0, 0,
    0, 0, -3, 0, 0, 0, 0, 0,
    0, 0, -38, 0, -2, 0, 0, -41,
    -16, 0, 8, 0, -19, 0, 0, 0,
    0, 0, 0, 0, 0, -6, -24, -30,
    -18, -23, 0, 0, -16, -4, -16, -16,
    -34, 0, -24, -16, 0, -27, 0, 0,
    0, 0, 0, 0, 0, -33, 0, 0,
    0, -22, -52, 0, -22, -27, -22, 0,
    -22, -22, 0, 0, 0, 0, -19, -38,
    0, 16, 0, 0, 0, 0, 0, 0,
    -22, 0, 0, 0, 0, 0, 0, 0,
    0, 0, 0, 0, 0, 0, 0, 0,
    0, 0, 0, 0, 0, 0, 0, 0,
    0, 0, 0, 0, 0, -16, 0, 0,
    0, 0, 0, 0, 0, 0, 0, 0,
    0, 0, 0, 0, -8, 0, 0, 0,
    -6, 0, 0, 0, 0, 0, -16, 0,
    0, 0, 0, 0, 0, 0, 0, 0,
    0, 0, 0, -26, 0, 0, 0, 0,
    0, 0, -5, 0, 0, 0, 0, -11,
    0, 0, 0, 0, 0, -16, 0, 0,
    0, 0, 0, 0, 0, 0, 0, -24,
    0, 0, 0, 0, 0, 0, 0, 0,
    -3, 0, 0, 0, 0, -14, 0, 0,
    0, 0, 0, 0, 0, 0, 0, 0,
    0, 0, 0, 0, 0, 0, -19, 0,
    -16, 0, 0, 0, 0, 0, 0, 0,
    0, 0, 0, -19, 0, 0, 0, 0,
    -16, 0, -19, 0, 0, -16, 0, 0,
    0, 0, 0, 7, 0, 0, 0, 0,
    0, 0, 0, 0, 0, 0, 0, 0,
    0, -14, -4, 0, 0, -12, 0, 0,
    0, 0, 0, 0, 0, -19, 0, 0,
    0, 0, 0, 0, 0, 0, -7, 0,
    0, 0, 0, 0, 0, 0, 0, 0,
    0, 0, 0, 0, 0, 0, -19, -24,
    -22, 0, 0, -24, -16, 0, 0, 0,
    0, 0, 0, -30, 0, 0, 0, 0,
    0, 0, 0, 0, 0, 0, 0, 0,
    0, 0, 0, 0, 0, 0, 0, 0,
    0, 0, 0, 0, 0, 0, 0, 0,
    0, 0, 0, 0, 0, 0, 0, 0,
    0, -44, 0, 0, 0, 0, 0, 0,
    0, 0, 0, 0, 0, -16, 0, 0,
    0, 0, 0, 0, 0, 0, 0, 0,
    0, 0, 0, 0, 0, 0, 0, 0,
    0, 0, 0, 0, 0, 0, 0, -19,
    0, 0, 0, 0, 0, 0, 0, 0,
    0, 0, 0, 0, 0, 0, 0, -60,
    0, -33, 0, 0, -29, -52, -68, -22,
    0, 0, 0, -46, 0, -30, -19, 0,
    -27, -46, -27, 0, -27, 0, -19, 0,
    -22, -30, -41, -29, 0, -22, -5, 0,
    -33, 0
};


/*Collect the kern class' data in one place*/
static const lv_font_fmt_txt_kern_classes_t kern_classes =
{
    .class_pair_values   = kern_class_values,
    .left_class_mapping  = kern_left_class_mapping,
    .right_class_mapping = kern_right_class_mapping,
    .left_class_cnt      = 31,
    .right_class_cnt     = 38,
};

/*--------------------
 *  ALL CUSTOM DATA
 *--------------------*/

#if LVGL_VERSION_MAJOR == 8
/*Store all the custom data of the font*/
static  lv_font_fmt_txt_glyph_cache_t cache;
#endif

#if LVGL_VERSION_MAJOR >= 8
static const lv_font_fmt_txt_dsc_t font_dsc = {
#else
static lv_font_fmt_txt_dsc_t font_dsc = {
#endif
    .glyph_bitmap = glyph_bitmap,
    .glyph_dsc = glyph_dsc,
    .cmaps = cmaps,
    .kern_dsc = &kern_classes,
    .kern_scale = 16,
    .cmap_num = 4,
    .bpp = 4,
    .kern_classes = 1,
    .bitmap_format = 0,
#if LVGL_VERSION_MAJOR == 8
    .cache = &cache
#endif
};



/*-----------------
 *  PUBLIC FONT
 *----------------*/

/*Initialize a public general font descriptor*/
#if LVGL_VERSION_MAJOR >= 8
const lv_font_t inter_30 = {
#else
lv_font_t inter_30 = {
#endif
    .get_glyph_dsc = lv_font_get_glyph_dsc_fmt_txt,    /*Function pointer to get glyph's data*/
    .get_glyph_bitmap = lv_font_get_bitmap_fmt_txt,    /*Function pointer to get glyph's bitmap*/
    .line_height = 38,          /*The maximum line height required by the font*/
    .base_line = 7,             /*Baseline measured from the bottom of the line*/
#if !(LVGL_VERSION_MAJOR == 6 && LVGL_VERSION_MINOR == 0)
    .subpx = LV_FONT_SUBPX_NONE,
#endif
#if LV_VERSION_CHECK(7, 4, 0) || LVGL_VERSION_MAJOR >= 8
    .underline_position = -5,
    .underline_thickness = 2,
#endif
    .dsc = &font_dsc,          /*The custom font data. Will be accessed by `get_glyph_bitmap/dsc` */
#if LV_VERSION_CHECK(8, 2, 0) || LVGL_VERSION_MAJOR >= 9
    .fallback = &lv_font_montserrat_18,
#endif
    .user_data = NULL,
};



#endif /*#if INTER_30*/

