/*******************************************************************************
 * Size: 36 px
 * Bpp: 4
 * Opts: --font /tmp/inter_ttf/Inter-Medium.ttf --size 36 --bpp 4 --format lvgl --lv-include lvgl.h --range 0x20-0x7F,0xA0-0xFF,0x2013-0x2014,0x2019 --no-compress --force-fast-kern-format -o /home/laurenz/Documents/weather_display/main/fonts/inter_36.c
 ******************************************************************************/

#ifdef LV_LVGL_H_INCLUDE_SIMPLE
#include "lvgl.h"
#else
#include "lvgl.h"
#endif

#ifndef INTER_36
#define INTER_36 1
#endif

#if INTER_36

/*-----------------
 *    BITMAPS
 *----------------*/

/*Store the image of the glyphs*/
static LV_ATTRIBUTE_LARGE_CONST const uint8_t glyph_bitmap[] = {
    /* U+0020 " " */

    /* U+0021 "!" */
    0xa, 0xff, 0xf9, 0x0, 0xaf, 0xff, 0x90, 0xa,
    0xff, 0xf9, 0x0, 0x9f, 0xff, 0x80, 0x9, 0xff,
    0xf8, 0x0, 0x9f, 0xff, 0x80, 0x9, 0xff, 0xf8,
    0x0, 0x8f, 0xff, 0x70, 0x8, 0xff, 0xf7, 0x0,
    0x8f, 0xff, 0x70, 0x8, 0xff, 0xf7, 0x0, 0x7f,
    0xff, 0x60, 0x7, 0xff, 0xf6, 0x0, 0x7f, 0xff,
    0x60, 0x7, 0xff, 0xf6, 0x0, 0x6f, 0xff, 0x50,
    0x6, 0xff, 0xf5, 0x0, 0x5e, 0xee, 0x40, 0x0,
    0x0, 0x0, 0x0, 0x0, 0x0, 0x0, 0x0, 0x1,
    0x0, 0x0, 0x4e, 0xfe, 0x30, 0xe, 0xff, 0xfe,
    0x1, 0xff, 0xff, 0xf0, 0xd, 0xff, 0xfd, 0x0,
    0x2c, 0xfc, 0x20,

    /* U+0022 "\"" */
    0x5f, 0xff, 0x90, 0xc, 0xff, 0xf2, 0x4f, 0xff,
    0x80, 0xc, 0xff, 0xf1, 0x4f, 0xff, 0x80, 0xb,
    0xff, 0xf0, 0x3f, 0xff, 0x70, 0xa, 0xff, 0xf0,
    0x2f, 0xff, 0x60, 0xa, 0xff, 0xf0, 0x2f, 0xff,
    0x50, 0x9, 0xff, 0xe0, 0x1f, 0xff, 0x50, 0x8,
    0xff, 0xe0, 0xf, 0xff, 0x40, 0x8, 0xff, 0xd0,
    0xf, 0xff, 0x30, 0x7, 0xff, 0xc0, 0xf, 0xff,
    0x30, 0x6, 0xff, 0xc0, 0x4, 0x55, 0x0, 0x2,
    0x55, 0x30,

    /* U+0023 "#" */
    0x0, 0x0, 0x0, 0x9, 0xff, 0x70, 0x0, 0x0,
    0x6f, 0xfb, 0x0, 0x0, 0x0, 0x0, 0x0, 0xcf,
    0xf4, 0x0, 0x0, 0x9, 0xff, 0x80, 0x0, 0x0,
    0x0, 0x0, 0xf, 0xff, 0x10, 0x0, 0x0, 0xcf,
    0xf5, 0x0, 0x0, 0x0, 0x0, 0x3, 0xff, 0xe0,
    0x0, 0x0, 0xf, 0xff, 0x20, 0x0, 0x0, 0x0,
    0x0, 0x6f, 0xfb, 0x0, 0x0, 0x2, 0xff, 0xe0,
    0x0, 0x0, 0x0, 0x0, 0x9, 0xff, 0x80, 0x0,
    0x0, 0x5f, 0xfc, 0x0, 0x0, 0x0, 0x8f, 0xff,
    0xff, 0xff, 0xff, 0xff, 0xff, 0xff, 0xff, 0xff,
    0x50, 0xa, 0xff, 0xff, 0xff, 0xff, 0xff, 0xff,
    0xff, 0xff, 0xff, 0xf3, 0x0, 0xdf, 0xff, 0xff,
    0xff, 0xff, 0xff, 0xff, 0xff, 0xff, 0xff, 0x0,
    0x1, 0x22, 0x5f, 0xfe, 0x22, 0x22, 0x22, 0xff,
    0xf3, 0x22, 0x10, 0x0, 0x0, 0x6, 0xff, 0xb0,
    0x0, 0x0, 0x2f, 0xff, 0x0, 0x0, 0x0, 0x0,
    0x0, 0x8f, 0xf9, 0x0, 0x0, 0x5, 0xff, 0xc0,
    0x0, 0x0, 0x0, 0x0, 0xa, 0xff, 0x70, 0x0,
    0x0, 0x7f, 0xfa, 0x0, 0x0, 0x0, 0x0, 0x0,
    0xcf, 0xf4, 0x0, 0x0, 0x9, 0xff, 0x80, 0x0,
    0x0, 0x0, 0x0, 0xf, 0xff, 0x20, 0x0, 0x0,
    0xcf, 0xf5, 0x0, 0x0, 0x0, 0x11, 0x12, 0xff,
    0xf2, 0x11, 0x11, 0x1e, 0xff, 0x41, 0x11, 0x0,
    0xf, 0xff, 0xff, 0xff, 0xff, 0xff, 0xff, 0xff,
    0xff, 0xff, 0xd0, 0x3, 0xff, 0xff, 0xff, 0xff,
    0xff, 0xff, 0xff, 0xff, 0xff, 0xfa, 0x0, 0x6f,
    0xff, 0xff, 0xff, 0xff, 0xff, 0xff, 0xff, 0xff,
    0xff, 0x70, 0x0, 0x0, 0xb, 0xff, 0x50, 0x0,
    0x0, 0x8f, 0xf8, 0x0, 0x0, 0x0, 0x0, 0x0,
    0xef, 0xf3, 0x0, 0x0, 0xb, 0xff, 0x60, 0x0,
    0x0, 0x0, 0x0, 0x1f, 0xff, 0x0, 0x0, 0x0,
    0xef, 0xf3, 0x0, 0x0, 0x0, 0x0, 0x3, 0xff,
    0xd0, 0x0, 0x0, 0xf, 0xff, 0x10, 0x0, 0x0,
    0x0, 0x0, 0x6f, 0xfb, 0x0, 0x0, 0x3, 0xff,
    0xe0, 0x0, 0x0, 0x0, 0x0, 0x8, 0xff, 0x80,
    0x0, 0x0, 0x6f, 0xfb, 0x0, 0x0, 0x0, 0x0,
    0x0, 0xbf, 0xf6, 0x0, 0x0, 0x8, 0xff, 0x90,
    0x0, 0x0, 0x0,

    /* U+0024 "$" */
    0x0, 0x0, 0x0, 0x0, 0x5, 0xfc, 0x0, 0x0,
    0x0, 0x0, 0x0, 0x0, 0x0, 0x0, 0x0, 0x5f,
    0xc0, 0x0, 0x0, 0x0, 0x0, 0x0, 0x0, 0x0,
    0x0, 0x5, 0xfc, 0x0, 0x0, 0x0, 0x0, 0x0,
    0x0, 0x0, 0x0, 0x0, 0x6f, 0xc0, 0x0, 0x0,
    0x0, 0x0, 0x0, 0x0, 0x0, 0x4a, 0xdf, 0xff,
    0xed, 0x93, 0x0, 0x0, 0x0, 0x0, 0x3, 0xdf,
    0xff, 0xff, 0xff, 0xff, 0xfb, 0x10, 0x0, 0x0,
    0x6, 0xff, 0xff, 0xff, 0xff, 0xff, 0xff, 0xfe,
    0x20, 0x0, 0x4, 0xff, 0xff, 0xfa, 0xaf, 0xd7,
    0xcf, 0xff, 0xfd, 0x0, 0x0, 0xdf, 0xff, 0xc2,
    0x5, 0xfc, 0x0, 0x4f, 0xff, 0xf7, 0x0, 0x3f,
    0xff, 0xe1, 0x0, 0x5f, 0xc0, 0x0, 0x5f, 0xff,
    0xc0, 0x5, 0xff, 0xfa, 0x0, 0x5, 0xfc, 0x0,
    0x0, 0xef, 0xfe, 0x0, 0x6f, 0xff, 0xa0, 0x0,
    0x5f, 0xc0, 0x0, 0x0, 0x0, 0x0, 0x4, 0xff,
    0xff, 0x10, 0x5, 0xfc, 0x0, 0x0, 0x0, 0x0,
    0x0, 0xf, 0xff, 0xfd, 0x30, 0x5f, 0xc0, 0x0,
    0x0, 0x0, 0x0, 0x0, 0x7f, 0xff, 0xff, 0xca,
    0xfc, 0x0, 0x0, 0x0, 0x0, 0x0, 0x0, 0x8f,
    0xff, 0xff, 0xff, 0xf9, 0x40, 0x0, 0x0, 0x0,
    0x0, 0x0, 0x5d, 0xff, 0xff, 0xff, 0xff, 0xe9,
    0x20, 0x0, 0x0, 0x0, 0x0, 0x5, 0xbf, 0xff,
    0xff, 0xff, 0xff, 0x80, 0x0, 0x0, 0x0, 0x0,
    0x0, 0x8, 0xff, 0xff, 0xff, 0xff, 0xb0, 0x0,
    0x0, 0x0, 0x0, 0x0, 0x5f, 0xc1, 0x7e, 0xff,
    0xff, 0x70, 0x0, 0x0, 0x0, 0x0, 0x5, 0xfc,
    0x0, 0x8, 0xff, 0xfe, 0x0, 0x0, 0x0, 0x0,
    0x0, 0x5f, 0xc0, 0x0, 0xc, 0xff, 0xf4, 0x5,
    0x55, 0x50, 0x0, 0x5, 0xfc, 0x0, 0x0, 0x9f,
    0xff, 0x50, 0xff, 0xff, 0x10, 0x0, 0x5f, 0xc0,
    0x0, 0xb, 0xff, 0xf5, 0xd, 0xff, 0xf8, 0x0,
    0x5, 0xfc, 0x0, 0x2, 0xff, 0xff, 0x20, 0x7f,
    0xff, 0xf7, 0x0, 0x5f, 0xc0, 0x4, 0xef, 0xff,
    0xd0, 0x0, 0xdf, 0xff, 0xfe, 0x99, 0xfd, 0x7c,
    0xff, 0xff, 0xf4, 0x0, 0x2, 0xef, 0xff, 0xff,
    0xff, 0xff, 0xff, 0xff, 0xf8, 0x0, 0x0, 0x2,
    0xcf, 0xff, 0xff, 0xff, 0xff, 0xff, 0xf6, 0x0,
    0x0, 0x0, 0x0, 0x39, 0xde, 0xff, 0xff, 0xeb,
    0x60, 0x0, 0x0, 0x0, 0x0, 0x0, 0x0, 0x5,
    0xfc, 0x0, 0x0, 0x0, 0x0, 0x0, 0x0, 0x0,
    0x0, 0x0, 0x5f, 0xc0, 0x0, 0x0, 0x0, 0x0,
    0x0, 0x0, 0x0, 0x0, 0x5, 0xfc, 0x0, 0x0,
    0x0, 0x0, 0x0, 0x0, 0x0, 0x0, 0x0, 0x4d,
    0x90, 0x0, 0x0, 0x0, 0x0,

    /* U+0025 "%" */
    0x0, 0x6, 0xce, 0xfd, 0x81, 0x0, 0x0, 0x0,
    0x0, 0x0, 0x2, 0xff, 0xe1, 0x0, 0x0, 0xc,
    0xff, 0xff, 0xff, 0xe2, 0x0, 0x0, 0x0, 0x0,
    0x0, 0xdf, 0xf5, 0x0, 0x0, 0x9, 0xff, 0xfb,
    0xae, 0xff, 0xc0, 0x0, 0x0, 0x0, 0x0, 0x8f,
    0xfa, 0x0, 0x0, 0x0, 0xff, 0xf4, 0x0, 0x1e,
    0xff, 0x30, 0x0, 0x0, 0x0, 0x3f, 0xfe, 0x10,
    0x0, 0x0, 0x2f, 0xfd, 0x0, 0x0, 0xaf, 0xf6,
    0x0, 0x0, 0x0, 0xd, 0xff, 0x40, 0x0, 0x0,
    0x3, 0xff, 0xc0, 0x0, 0x9, 0xff, 0x70, 0x0,
    0x0, 0x9, 0xff, 0x90, 0x0, 0x0, 0x0, 0x2f,
    0xfd, 0x0, 0x0, 0xaf, 0xf6, 0x0, 0x0, 0x5,
    0xff, 0xd0, 0x0, 0x0, 0x0, 0x0, 0xff, 0xf4,
    0x0, 0x1f, 0xff, 0x30, 0x0, 0x1, 0xef, 0xf3,
    0x0, 0x0, 0x0, 0x0, 0x9, 0xff, 0xfb, 0xae,
    0xff, 0xd0, 0x0, 0x0, 0xbf, 0xf8, 0x0, 0x0,
    0x0, 0x0, 0x0, 0xc, 0xff, 0xff, 0xff, 0xe2,
    0x0, 0x0, 0x6f, 0xfc, 0x0, 0x0, 0x0, 0x0,
    0x0, 0x0, 0x7, 0xcf, 0xfd, 0x81, 0x0, 0x0,
    0x2f, 0xff, 0x20, 0x0, 0x0, 0x0, 0x0, 0x0,
    0x0, 0x0, 0x0, 0x0, 0x0, 0x0, 0xc, 0xff,
    0x60, 0x0, 0x0, 0x0, 0x0, 0x0, 0x0, 0x0,
    0x0, 0x0, 0x0, 0x0, 0x7, 0xff, 0xb0, 0x0,
    0x0, 0x0, 0x0, 0x0, 0x0, 0x0, 0x0, 0x0,
    0x0, 0x0, 0x2, 0xff, 0xe1, 0x0, 0x0, 0x27,
    0x98, 0x40, 0x0, 0x0, 0x0, 0x0, 0x0, 0x0,
    0x0, 0xdf, 0xf5, 0x0, 0x0, 0x9f, 0xff, 0xff,
    0xd2, 0x0, 0x0, 0x0, 0x0, 0x0, 0x0, 0x8f,
    0xfa, 0x0, 0x0, 0x9f, 0xff, 0xff, 0xff, 0xd0,
    0x0, 0x0, 0x0, 0x0, 0x0, 0x3f, 0xfe, 0x10,
    0x0, 0x2f, 0xff, 0x60, 0x3d, 0xff, 0x70, 0x0,
    0x0, 0x0, 0x0, 0xd, 0xff, 0x40, 0x0, 0x7,
    0xff, 0xa0, 0x0, 0x5f, 0xfc, 0x0, 0x0, 0x0,
    0x0, 0x9, 0xff, 0x90, 0x0, 0x0, 0x9f, 0xf6,
    0x0, 0x1, 0xff, 0xe0, 0x0, 0x0, 0x0, 0x5,
    0xff, 0xd0, 0x0, 0x0, 0xa, 0xff, 0x50, 0x0,
    0xf, 0xff, 0x0, 0x0, 0x0, 0x1, 0xef, 0xf3,
    0x0, 0x0, 0x0, 0xaf, 0xf5, 0x0, 0x1, 0xff,
    0xf0, 0x0, 0x0, 0x0, 0xbf, 0xf8, 0x0, 0x0,
    0x0, 0x8, 0xff, 0x70, 0x0, 0x3f, 0xfd, 0x0,
    0x0, 0x0, 0x6f, 0xfc, 0x0, 0x0, 0x0, 0x0,
    0x4f, 0xfe, 0x10, 0xa, 0xff, 0x90, 0x0, 0x0,
    0x2f, 0xff, 0x20, 0x0, 0x0, 0x0, 0x0, 0xdf,
    0xfe, 0xad, 0xff, 0xf2, 0x0, 0x0, 0xc, 0xff,
    0x60, 0x0, 0x0, 0x0, 0x0, 0x3, 0xef, 0xff,
    0xff, 0xf6, 0x0, 0x0, 0x7, 0xff, 0xb0, 0x0,
    0x0, 0x0, 0x0, 0x0, 0x1, 0x9d, 0xfe, 0xb3,
    0x0,

    /* U+0026 "&" */
    0x0, 0x0, 0x0, 0x6b, 0xef, 0xeb, 0x60, 0x0,
    0x0, 0x0, 0x0, 0x0, 0x0, 0x2, 0xdf, 0xff,
    0xff, 0xff, 0xd2, 0x0, 0x0, 0x0, 0x0, 0x0,
    0x1, 0xef, 0xff, 0xff, 0xff, 0xff, 0xe1, 0x0,
    0x0, 0x0, 0x0, 0x0, 0x9f, 0xff, 0xe7, 0x46,
    0xdf, 0xff, 0x80, 0x0, 0x0, 0x0, 0x0, 0xe,
    0xff, 0xf2, 0x0, 0x1, 0xef, 0xfd, 0x0, 0x0,
    0x0, 0x0, 0x0, 0xff, 0xfa, 0x0, 0x0, 0x9,
    0xff, 0xf0, 0x0, 0x0, 0x0, 0x0, 0xf, 0xff,
    0x90, 0x0, 0x0, 0xaf, 0xfe, 0x0, 0x0, 0x0,
    0x0, 0x0, 0xef, 0xfc, 0x0, 0x0, 0x1e, 0xff,
    0xa0, 0x0, 0x0, 0x0, 0x0, 0x8, 0xff, 0xf3,
    0x0, 0x1c, 0xff, 0xf2, 0x0, 0x0, 0x0, 0x0,
    0x0, 0x1f, 0xff, 0xd0, 0x3d, 0xff, 0xf6, 0x0,
    0x0, 0x0, 0x0, 0x0, 0x0, 0x6f, 0xff, 0xcf,
    0xff, 0xf6, 0x0, 0x0, 0x0, 0x0, 0x0, 0x0,
    0x0, 0xaf, 0xff, 0xff, 0xe3, 0x0, 0x0, 0x0,
    0x0, 0x0, 0x0, 0x0, 0x2c, 0xff, 0xff, 0xf1,
    0x0, 0x0, 0x0, 0x0, 0x0, 0x0, 0x0, 0x4f,
    0xff, 0xff, 0xff, 0x90, 0x0, 0x0, 0x0, 0x0,
    0x0, 0x0, 0x5f, 0xff, 0xfc, 0xef, 0xff, 0x70,
    0x0, 0xf, 0xff, 0x70, 0x0, 0x3f, 0xff, 0xf9,
    0x3, 0xff, 0xff, 0x50, 0x1, 0xff, 0xf6, 0x0,
    0xc, 0xff, 0xf8, 0x0, 0x4, 0xff, 0xff, 0x40,
    0x4f, 0xff, 0x50, 0x1, 0xff, 0xfe, 0x0, 0x0,
    0x6, 0xff, 0xff, 0x2a, 0xff, 0xf1, 0x0, 0x4f,
    0xff, 0xa0, 0x0, 0x0, 0x8, 0xff, 0xfe, 0xff,
    0xfc, 0x0, 0x4, 0xff, 0xfa, 0x0, 0x0, 0x0,
    0xa, 0xff, 0xff, 0xff, 0x50, 0x0, 0x2f, 0xff,
    0xe0, 0x0, 0x0, 0x0, 0xb, 0xff, 0xff, 0xc0,
    0x0, 0x0, 0xcf, 0xff, 0xa0, 0x0, 0x0, 0x2,
    0xbf, 0xff, 0xf9, 0x0, 0x0, 0x4, 0xff, 0xff,
    0xd7, 0x55, 0x6b, 0xff, 0xff, 0xff, 0xf5, 0x0,
    0x0, 0x6, 0xff, 0xff, 0xff, 0xff, 0xff, 0xff,
    0xef, 0xff, 0xf2, 0x0, 0x0, 0x4, 0xef, 0xff,
    0xff, 0xff, 0xff, 0xa1, 0x6f, 0xff, 0xd0, 0x0,
    0x0, 0x0, 0x5a, 0xde, 0xfe, 0xb7, 0x20, 0x0,
    0xaf, 0xff, 0xb0,

    /* U+0027 "'" */
    0x5f, 0xff, 0x94, 0xff, 0xf8, 0x4f, 0xff, 0x83,
    0xff, 0xf7, 0x2f, 0xff, 0x62, 0xff, 0xf5, 0x1f,
    0xff, 0x50, 0xff, 0xf4, 0xf, 0xff, 0x30, 0xff,
    0xf3, 0x4, 0x55, 0x0,

    /* U+0028 "(" */
    0x0, 0x0, 0x1d, 0xdd, 0x70, 0x0, 0x9, 0xff,
    0xf2, 0x0, 0x2, 0xff, 0xfb, 0x0, 0x0, 0x8f,
    0xff, 0x50, 0x0, 0xe, 0xff, 0xf0, 0x0, 0x5,
    0xff, 0xf9, 0x0, 0x0, 0xaf, 0xff, 0x40, 0x0,
    0xe, 0xff, 0xf0, 0x0, 0x3, 0xff, 0xfb, 0x0,
    0x0, 0x7f, 0xff, 0x70, 0x0, 0xb, 0xff, 0xf4,
    0x0, 0x0, 0xef, 0xff, 0x10, 0x0, 0xf, 0xff,
    0xe0, 0x0, 0x2, 0xff, 0xfc, 0x0, 0x0, 0x4f,
    0xff, 0xa0, 0x0, 0x5, 0xff, 0xf9, 0x0, 0x0,
    0x6f, 0xff, 0x80, 0x0, 0x7, 0xff, 0xf7, 0x0,
    0x0, 0x6f, 0xff, 0x80, 0x0, 0x5, 0xff, 0xf9,
    0x0, 0x0, 0x4f, 0xff, 0xb0, 0x0, 0x2, 0xff,
    0xfd, 0x0, 0x0, 0xf, 0xff, 0xf0, 0x0, 0x0,
    0xbf, 0xff, 0x30, 0x0, 0x8, 0xff, 0xf7, 0x0,
    0x0, 0x3f, 0xff, 0xc0, 0x0, 0x0, 0xef, 0xff,
    0x10, 0x0, 0x8, 0xff, 0xf7, 0x0, 0x0, 0x2f,
    0xff, 0xd0, 0x0, 0x0, 0xbf, 0xff, 0x30, 0x0,
    0x3, 0xff, 0xfa, 0x0, 0x0, 0xb, 0xff, 0xf1,
    0x0, 0x0, 0x3f, 0xff, 0x80,

    /* U+0029 ")" */
    0x4d, 0xdd, 0x50, 0x0, 0x0, 0xef, 0xfe, 0x0,
    0x0, 0x7, 0xff, 0xf6, 0x0, 0x0, 0x1f, 0xff,
    0xd0, 0x0, 0x0, 0xbf, 0xff, 0x30, 0x0, 0x5,
    0xff, 0xf9, 0x0, 0x0, 0xf, 0xff, 0xe0, 0x0,
    0x0, 0xbf, 0xff, 0x30, 0x0, 0x7, 0xff, 0xf8,
    0x0, 0x0, 0x3f, 0xff, 0xb0, 0x0, 0x0, 0xff,
    0xff, 0x0, 0x0, 0xc, 0xff, 0xf2, 0x0, 0x0,
    0xaf, 0xff, 0x40, 0x0, 0x7, 0xff, 0xf7, 0x0,
    0x0, 0x5f, 0xff, 0x90, 0x0, 0x4, 0xff, 0xfa,
    0x0, 0x0, 0x3f, 0xff, 0xb0, 0x0, 0x3, 0xff,
    0xfb, 0x0, 0x0, 0x4f, 0xff, 0xb0, 0x0, 0x4,
    0xff, 0xfa, 0x0, 0x0, 0x6f, 0xff, 0x80, 0x0,
    0x9, 0xff, 0xf6, 0x0, 0x0, 0xcf, 0xff, 0x30,
    0x0, 0xf, 0xff, 0xf0, 0x0, 0x3, 0xff, 0xfc,
    0x0, 0x0, 0x8f, 0xff, 0x70, 0x0, 0xd, 0xff,
    0xf2, 0x0, 0x3, 0xff, 0xfd, 0x0, 0x0, 0x9f,
    0xff, 0x60, 0x0, 0xe, 0xff, 0xf0, 0x0, 0x6,
    0xff, 0xf8, 0x0, 0x0, 0xdf, 0xff, 0x10, 0x0,
    0x4f, 0xff, 0x70, 0x0, 0x0,

    /* U+002A "*" */
    0x0, 0x0, 0x0, 0xff, 0xc0, 0x0, 0x0, 0x0,
    0x0, 0x0, 0xf, 0xfb, 0x0, 0x0, 0x0, 0x3,
    0x10, 0x0, 0xef, 0xa0, 0x0, 0x31, 0x0, 0xde,
    0x50, 0xd, 0xf9, 0x0, 0x8f, 0xa0, 0x7f, 0xff,
    0xb1, 0xdf, 0x93, 0xdf, 0xff, 0x31, 0x9f, 0xff,
    0xfe, 0xfe, 0xff, 0xfe, 0x70, 0x0, 0x29, 0xff,
    0xff, 0xff, 0xe7, 0x0, 0x0, 0x0, 0x6, 0xff,
    0xff, 0xf3, 0x0, 0x0, 0x0, 0x4c, 0xff, 0xff,
    0xff, 0xfa, 0x20, 0x3, 0xcf, 0xff, 0xde, 0xfc,
    0xef, 0xff, 0x91, 0x6f, 0xff, 0x80, 0xdf, 0x91,
    0xaf, 0xff, 0x20, 0xcc, 0x20, 0xd, 0xfa, 0x0,
    0x5e, 0x80, 0x1, 0x0, 0x0, 0xef, 0xa0, 0x0,
    0x10, 0x0, 0x0, 0x0, 0xf, 0xfb, 0x0, 0x0,
    0x0, 0x0, 0x0, 0x0, 0xcc, 0x90, 0x0, 0x0,
    0x0,

    /* U+002B "+" */
    0x0, 0x0, 0x0, 0x4, 0x66, 0x50, 0x0, 0x0,
    0x0, 0x0, 0x0, 0x0, 0xb, 0xff, 0xc0, 0x0,
    0x0, 0x0, 0x0, 0x0, 0x0, 0xb, 0xff, 0xc0,
    0x0, 0x0, 0x0, 0x0, 0x0, 0x0, 0xb, 0xff,
    0xc0, 0x0, 0x0, 0x0, 0x0, 0x0, 0x0, 0xb,
    0xff, 0xc0, 0x0, 0x0, 0x0, 0x0, 0x0, 0x0,
    0xb, 0xff, 0xc0, 0x0, 0x0, 0x0, 0x0, 0x0,
    0x0, 0xb, 0xff, 0xc0, 0x0, 0x0, 0x0, 0x34,
    0x44, 0x44, 0x4c, 0xff, 0xd4, 0x44, 0x44, 0x43,
    0xaf, 0xff, 0xff, 0xff, 0xff, 0xff, 0xff, 0xff,
    0xfa, 0xaf, 0xff, 0xff, 0xff, 0xff, 0xff, 0xff,
    0xff, 0xfa, 0xaf, 0xff, 0xff, 0xff, 0xff, 0xff,
    0xff, 0xff, 0xfa, 0x0, 0x0, 0x0, 0xb, 0xff,
    0xc0, 0x0, 0x0, 0x0, 0x0, 0x0, 0x0, 0xb,
    0xff, 0xc0, 0x0, 0x0, 0x0, 0x0, 0x0, 0x0,
    0xb, 0xff, 0xc0, 0x0, 0x0, 0x0, 0x0, 0x0,
    0x0, 0xb, 0xff, 0xc0, 0x0, 0x0, 0x0, 0x0,
    0x0, 0x0, 0xb, 0xff, 0xc0, 0x0, 0x0, 0x0,
    0x0, 0x0, 0x0, 0xb, 0xff, 0xc0, 0x0, 0x0,
    0x0, 0x0, 0x0, 0x0, 0xb, 0xff, 0xc0, 0x0,
    0x0, 0x0,

    /* U+002C "," */
    0x1, 0x55, 0x54, 0x6, 0xff, 0xfa, 0x8, 0xff,
    0xf6, 0xa, 0xff, 0xf1, 0xd, 0xff, 0xd0, 0xf,
    0xff, 0x80, 0x2f, 0xff, 0x40, 0x4f, 0xff, 0x0,
    0x6f, 0xfb, 0x0, 0x9f, 0xf6, 0x0, 0xbf, 0xf2,
    0x0,

    /* U+002D "-" */
    0x26, 0x66, 0x66, 0x66, 0x66, 0x66, 0x7, 0xff,
    0xff, 0xff, 0xff, 0xff, 0xf2, 0x7f, 0xff, 0xff,
    0xff, 0xff, 0xff, 0x27, 0xff, 0xff, 0xff, 0xff,
    0xff, 0xf2,

    /* U+002E "." */
    0x0, 0x2, 0x0, 0x0, 0x4e, 0xfe, 0x30, 0xe,
    0xff, 0xfd, 0x1, 0xff, 0xff, 0xf0, 0xd, 0xff,
    0xfc, 0x0, 0x2c, 0xfb, 0x20,

    /* U+002F "/" */
    0x0, 0x0, 0x0, 0x0, 0x7, 0x88, 0x40, 0x0,
    0x0, 0x0, 0x2, 0xff, 0xf5, 0x0, 0x0, 0x0,
    0x0, 0x6f, 0xff, 0x10, 0x0, 0x0, 0x0, 0xa,
    0xff, 0xc0, 0x0, 0x0, 0x0, 0x0, 0xef, 0xf8,
    0x0, 0x0, 0x0, 0x0, 0x3f, 0xff, 0x40, 0x0,
    0x0, 0x0, 0x7, 0xff, 0xf0, 0x0, 0x0, 0x0,
    0x0, 0xbf, 0xfb, 0x0, 0x0, 0x0, 0x0, 0xf,
    0xff, 0x70, 0x0, 0x0, 0x0, 0x4, 0xff, 0xf3,
    0x0, 0x0, 0x0, 0x0, 0x8f, 0xfe, 0x0, 0x0,
    0x0, 0x0, 0xc, 0xff, 0xa0, 0x0, 0x0, 0x0,
    0x1, 0xff, 0xf6, 0x0, 0x0, 0x0, 0x0, 0x5f,
    0xff, 0x20, 0x0, 0x0, 0x0, 0x9, 0xff, 0xd0,
    0x0, 0x0, 0x0, 0x0, 0xef, 0xf9, 0x0, 0x0,
    0x0, 0x0, 0x2f, 0xff, 0x50, 0x0, 0x0, 0x0,
    0x6, 0xff, 0xf1, 0x0, 0x0, 0x0, 0x0, 0xaf,
    0xfc, 0x0, 0x0, 0x0, 0x0, 0xe, 0xff, 0x80,
    0x0, 0x0, 0x0, 0x3, 0xff, 0xf4, 0x0, 0x0,
    0x0, 0x0, 0x7f, 0xff, 0x0, 0x0, 0x0, 0x0,
    0xc, 0xff, 0xb0, 0x0, 0x0, 0x0, 0x0, 0xff,
    0xf7, 0x0, 0x0, 0x0, 0x0, 0x4f, 0xff, 0x20,
    0x0, 0x0, 0x0, 0x8, 0xff, 0xe0, 0x0, 0x0,
    0x0, 0x0, 0xdf, 0xfa, 0x0, 0x0, 0x0, 0x0,
    0x1f, 0xff, 0x60, 0x0, 0x0, 0x0, 0x5, 0xff,
    0xf1, 0x0, 0x0, 0x0, 0x0, 0xaf, 0xfd, 0x0,
    0x0, 0x0, 0x0, 0xe, 0xff, 0x90, 0x0, 0x0,
    0x0, 0x2, 0xff, 0xf4, 0x0, 0x0, 0x0, 0x0,

    /* U+0030 "0" */
    0x0, 0x0, 0x0, 0x17, 0xce, 0xfe, 0xc8, 0x20,
    0x0, 0x0, 0x0, 0x0, 0x0, 0x7f, 0xff, 0xff,
    0xff, 0xff, 0x90, 0x0, 0x0, 0x0, 0x0, 0x9f,
    0xff, 0xff, 0xff, 0xff, 0xff, 0xc0, 0x0, 0x0,
    0x0, 0x7f, 0xff, 0xfe, 0x97, 0x8d, 0xff, 0xff,
    0xb0, 0x0, 0x0, 0x2f, 0xff, 0xfa, 0x0, 0x0,
    0x7, 0xff, 0xff, 0x50, 0x0, 0xa, 0xff, 0xfb,
    0x0, 0x0, 0x0, 0x8, 0xff, 0xfd, 0x0, 0x0,
    0xff, 0xff, 0x20, 0x0, 0x0, 0x0, 0xe, 0xff,
    0xf3, 0x0, 0x5f, 0xff, 0xb0, 0x0, 0x0, 0x0,
    0x0, 0x8f, 0xff, 0x90, 0x8, 0xff, 0xf7, 0x0,
    0x0, 0x0, 0x0, 0x3, 0xff, 0xfc, 0x0, 0xbf,
    0xff, 0x30, 0x0, 0x0, 0x0, 0x0, 0xf, 0xff,
    0xf0, 0xe, 0xff, 0xf1, 0x0, 0x0, 0x0, 0x0,
    0x0, 0xdf, 0xff, 0x10, 0xef, 0xff, 0x0, 0x0,
    0x0, 0x0, 0x0, 0xc, 0xff, 0xf2, 0xf, 0xff,
    0xf0, 0x0, 0x0, 0x0, 0x0, 0x0, 0xbf, 0xff,
    0x30, 0xff, 0xff, 0x0, 0x0, 0x0, 0x0, 0x0,
    0xb, 0xff, 0xf3, 0xf, 0xff, 0xf0, 0x0, 0x0,
    0x0, 0x0, 0x0, 0xcf, 0xff, 0x20, 0xef, 0xff,
    0x10, 0x0, 0x0, 0x0, 0x0, 0xd, 0xff, 0xf1,
    0xc, 0xff, 0xf3, 0x0, 0x0, 0x0, 0x0, 0x0,
    0xff, 0xff, 0x0, 0x9f, 0xff, 0x60, 0x0, 0x0,
    0x0, 0x0, 0x3f, 0xff, 0xc0, 0x5, 0xff, 0xfb,
    0x0, 0x0, 0x0, 0x0, 0x8, 0xff, 0xf9, 0x0,
    0xf, 0xff, 0xf2, 0x0, 0x0, 0x0, 0x0, 0xef,
    0xff, 0x40, 0x0, 0xaf, 0xff, 0xb0, 0x0, 0x0,
    0x0, 0x8f, 0xff, 0xe0, 0x0, 0x2, 0xff, 0xff,
    0xa0, 0x0, 0x0, 0x7f, 0xff, 0xf5, 0x0, 0x0,
    0x8, 0xff, 0xff, 0xe9, 0x78, 0xdf, 0xff, 0xfb,
    0x0, 0x0, 0x0, 0xa, 0xff, 0xff, 0xff, 0xff,
    0xff, 0xfd, 0x0, 0x0, 0x0, 0x0, 0x7, 0xff,
    0xff, 0xff, 0xff, 0xfa, 0x10, 0x0, 0x0, 0x0,
    0x0, 0x1, 0x7c, 0xef, 0xec, 0x83, 0x0, 0x0,
    0x0,

    /* U+0031 "1" */
    0x0, 0x0, 0x5, 0xff, 0xff, 0xf0, 0x0, 0x0,
    0xaf, 0xff, 0xff, 0xf0, 0x0, 0x3d, 0xff, 0xff,
    0xff, 0xf0, 0x7, 0xff, 0xff, 0xdf, 0xff, 0xf0,
    0x5f, 0xff, 0xf9, 0xf, 0xff, 0xf0, 0x5f, 0xff,
    0x50, 0xf, 0xff, 0xf0, 0x5f, 0xc1, 0x0, 0xf,
    0xff, 0xf0, 0x58, 0x0, 0x0, 0xf, 0xff, 0xf0,
    0x0, 0x0, 0x0, 0xf, 0xff, 0xf0, 0x0, 0x0,
    0x0, 0xf, 0xff, 0xf0, 0x0, 0x0, 0x0, 0xf,
    0xff, 0xf0, 0x0, 0x0, 0x0, 0xf, 0xff, 0xf0,
    0x0, 0x0, 0x0, 0xf, 0xff, 0xf0, 0x0, 0x0,
    0x0, 0xf, 0xff, 0xf0, 0x0, 0x0, 0x0, 0xf,
    0xff, 0xf0, 0x0, 0x0, 0x0, 0xf, 0xff, 0xf0,
    0x0, 0x0, 0x0, 0xf, 0xff, 0xf0, 0x0, 0x0,
    0x0, 0xf, 0xff, 0xf0, 0x0, 0x0, 0x0, 0xf,
    0xff, 0xf0, 0x0, 0x0, 0x0, 0xf, 0xff, 0xf0,
    0x0, 0x0, 0x0, 0xf, 0xff, 0xf0, 0x0, 0x0,
    0x0, 0xf, 0xff, 0xf0, 0x0, 0x0, 0x0, 0xf,
    0xff, 0xf0, 0x0, 0x0, 0x0, 0xf, 0xff, 0xf0,
    0x0, 0x0, 0x0, 0xf, 0xff, 0xf0, 0x0, 0x0,
    0x0, 0xf, 0xff, 0xf0,

    /* U+0032 "2" */
    0x0, 0x0, 0x5, 0xad, 0xff, 0xda, 0x50, 0x0,
    0x0, 0x0, 0x3, 0xdf, 0xff, 0xff, 0xff, 0xfe,
    0x40, 0x0, 0x0, 0x5f, 0xff, 0xff, 0xff, 0xff,
    0xff, 0xf6, 0x0, 0x3, 0xff, 0xff, 0xe9, 0x66,
    0x9e, 0xff, 0xff, 0x40, 0xc, 0xff, 0xfb, 0x0,
    0x0, 0x1, 0xbf, 0xff, 0xd0, 0x2f, 0xff, 0xe0,
    0x0, 0x0, 0x0, 0xe, 0xff, 0xf2, 0x6f, 0xff,
    0x80, 0x0, 0x0, 0x0, 0x8, 0xff, 0xf5, 0x6d,
    0xdd, 0x50, 0x0, 0x0, 0x0, 0x7, 0xff, 0xf6,
    0x0, 0x0, 0x0, 0x0, 0x0, 0x0, 0x8, 0xff,
    0xf4, 0x0, 0x0, 0x0, 0x0, 0x0, 0x0, 0xd,
    0xff, 0xf1, 0x0, 0x0, 0x0, 0x0, 0x0, 0x0,
    0x6f, 0xff, 0xa0, 0x0, 0x0, 0x0, 0x0, 0x0,
    0x3, 0xff, 0xff, 0x20, 0x0, 0x0, 0x0, 0x0,
    0x0, 0x2e, 0xff, 0xf6, 0x0, 0x0, 0x0, 0x0,
    0x0, 0x1, 0xdf, 0xff, 0xa0, 0x0, 0x0, 0x0,
    0x0, 0x0, 0x1d, 0xff, 0xfc, 0x0, 0x0, 0x0,
    0x0, 0x0, 0x1, 0xdf, 0xff, 0xc1, 0x0, 0x0,
    0x0, 0x0, 0x0, 0x1d, 0xff, 0xfd, 0x10, 0x0,
    0x0, 0x0, 0x0, 0x1, 0xdf, 0xff, 0xd1, 0x0,
    0x0, 0x0, 0x0, 0x0, 0x1d, 0xff, 0xfd, 0x10,
    0x0, 0x0, 0x0, 0x0, 0x1, 0xdf, 0xff, 0xd1,
    0x0, 0x0, 0x0, 0x0, 0x0, 0x1d, 0xff, 0xfe,
    0x10, 0x0, 0x0, 0x0, 0x0, 0x1, 0xcf, 0xff,
    0xe2, 0x0, 0x0, 0x0, 0x0, 0x0, 0x1c, 0xff,
    0xff, 0xb8, 0x88, 0x88, 0x88, 0x88, 0x87, 0x7f,
    0xff, 0xff, 0xff, 0xff, 0xff, 0xff, 0xff, 0xfd,
    0x7f, 0xff, 0xff, 0xff, 0xff, 0xff, 0xff, 0xff,
    0xfd, 0x7f, 0xff, 0xff, 0xff, 0xff, 0xff, 0xff,
    0xff, 0xfd,

    /* U+0033 "3" */
    0x0, 0x0, 0x4, 0x9d, 0xef, 0xec, 0x82, 0x0,
    0x0, 0x0, 0x0, 0x4d, 0xff, 0xff, 0xff, 0xff,
    0xf9, 0x0, 0x0, 0x0, 0x6f, 0xff, 0xff, 0xff,
    0xff, 0xff, 0xfc, 0x0, 0x0, 0x4f, 0xff, 0xff,
    0xa7, 0x68, 0xcf, 0xff, 0xfa, 0x0, 0xd, 0xff,
    0xfa, 0x10, 0x0, 0x0, 0x6f, 0xff, 0xf3, 0x3,
    0xff, 0xfd, 0x0, 0x0, 0x0, 0x0, 0x9f, 0xff,
    0x70, 0x4c, 0xcc, 0x60, 0x0, 0x0, 0x0, 0x5,
    0xff, 0xf9, 0x0, 0x0, 0x0, 0x0, 0x0, 0x0,
    0x0, 0x5f, 0xff, 0x90, 0x0, 0x0, 0x0, 0x0,
    0x0, 0x0, 0xa, 0xff, 0xf5, 0x0, 0x0, 0x0,
    0x0, 0x0, 0x0, 0x6, 0xff, 0xfd, 0x0, 0x0,
    0x0, 0x0, 0x14, 0x45, 0x7c, 0xff, 0xfd, 0x20,
    0x0, 0x0, 0x0, 0x6, 0xff, 0xff, 0xff, 0xf9,
    0x10, 0x0, 0x0, 0x0, 0x0, 0x6f, 0xff, 0xff,
    0xfa, 0x40, 0x0, 0x0, 0x0, 0x0, 0x6, 0xff,
    0xff, 0xff, 0xff, 0xd3, 0x0, 0x0, 0x0, 0x0,
    0x0, 0x0, 0x26, 0xdf, 0xff, 0xf3, 0x0, 0x0,
    0x0, 0x0, 0x0, 0x0, 0x0, 0xaf, 0xff, 0xd0,
    0x0, 0x0, 0x0, 0x0, 0x0, 0x0, 0x0, 0xef,
    0xff, 0x40, 0x0, 0x0, 0x0, 0x0, 0x0, 0x0,
    0x9, 0xff, 0xf7, 0x22, 0x22, 0x0, 0x0, 0x0,
    0x0, 0x0, 0x7f, 0xff, 0x8e, 0xff, 0xf3, 0x0,
    0x0, 0x0, 0x0, 0xa, 0xff, 0xf7, 0xbf, 0xff,
    0xa0, 0x0, 0x0, 0x0, 0x2, 0xff, 0xff, 0x45,
    0xff, 0xff, 0x91, 0x0, 0x0, 0x4, 0xef, 0xff,
    0xd0, 0xb, 0xff, 0xff, 0xfb, 0x97, 0x9d, 0xff,
    0xff, 0xf4, 0x0, 0xb, 0xff, 0xff, 0xff, 0xff,
    0xff, 0xff, 0xf5, 0x0, 0x0, 0x7, 0xff, 0xff,
    0xff, 0xff, 0xff, 0xc2, 0x0, 0x0, 0x0, 0x1,
    0x6a, 0xde, 0xfe, 0xc8, 0x30, 0x0, 0x0,

    /* U+0034 "4" */
    0x0, 0x0, 0x0, 0x0, 0x0, 0x1e, 0xff, 0xff,
    0x40, 0x0, 0x0, 0x0, 0x0, 0x0, 0x0, 0xaf,
    0xff, 0xff, 0x40, 0x0, 0x0, 0x0, 0x0, 0x0,
    0x4, 0xff, 0xff, 0xff, 0x40, 0x0, 0x0, 0x0,
    0x0, 0x0, 0xe, 0xff, 0xff, 0xff, 0x40, 0x0,
    0x0, 0x0, 0x0, 0x0, 0x9f, 0xff, 0xef, 0xff,
    0x40, 0x0, 0x0, 0x0, 0x0, 0x3, 0xff, 0xfb,
    0x9f, 0xff, 0x40, 0x0, 0x0, 0x0, 0x0, 0xd,
    0xff, 0xf2, 0x9f, 0xff, 0x40, 0x0, 0x0, 0x0,
    0x0, 0x7f, 0xff, 0x70, 0x9f, 0xff, 0x40, 0x0,
    0x0, 0x0, 0x2, 0xff, 0xfd, 0x0, 0x9f, 0xff,
    0x40, 0x0, 0x0, 0x0, 0xb, 0xff, 0xf3, 0x0,
    0x9f, 0xff, 0x40, 0x0, 0x0, 0x0, 0x6f, 0xff,
    0x90, 0x0, 0x9f, 0xff, 0x40, 0x0, 0x0, 0x1,
    0xef, 0xfe, 0x10, 0x0, 0x9f, 0xff, 0x40, 0x0,
    0x0, 0xa, 0xff, 0xf5, 0x0, 0x0, 0x9f, 0xff,
    0x40, 0x0, 0x0, 0x4f, 0xff, 0xb0, 0x0, 0x0,
    0x9f, 0xff, 0x40, 0x0, 0x0, 0xef, 0xff, 0x20,
    0x0, 0x0, 0x9f, 0xff, 0x40, 0x0, 0x9, 0xff,
    0xf7, 0x0, 0x0, 0x0, 0x9f, 0xff, 0x40, 0x0,
    0x3f, 0xff, 0xd0, 0x0, 0x0, 0x0, 0x9f, 0xff,
    0x40, 0x0, 0xdf, 0xff, 0xa6, 0x66, 0x66, 0x66,
    0xbf, 0xff, 0x96, 0x64, 0xff, 0xff, 0xff, 0xff,
    0xff, 0xff, 0xff, 0xff, 0xff, 0xfb, 0xff, 0xff,
    0xff, 0xff, 0xff, 0xff, 0xff, 0xff, 0xff, 0xfb,
    0xff, 0xff, 0xff, 0xff, 0xff, 0xff, 0xff, 0xff,
    0xff, 0xfb, 0x0, 0x0, 0x0, 0x0, 0x0, 0x0,
    0x9f, 0xff, 0x40, 0x0, 0x0, 0x0, 0x0, 0x0,
    0x0, 0x0, 0x9f, 0xff, 0x40, 0x0, 0x0, 0x0,
    0x0, 0x0, 0x0, 0x0, 0x9f, 0xff, 0x40, 0x0,
    0x0, 0x0, 0x0, 0x0, 0x0, 0x0, 0x9f, 0xff,
    0x40, 0x0, 0x0, 0x0, 0x0, 0x0, 0x0, 0x0,
    0x9f, 0xff, 0x40, 0x0,

    /* U+0035 "5" */
    0x1, 0xff, 0xff, 0xff, 0xff, 0xff, 0xff, 0xff,
    0x60, 0x3, 0xff, 0xff, 0xff, 0xff, 0xff, 0xff,
    0xff, 0x60, 0x5, 0xff, 0xff, 0xff, 0xff, 0xff,
    0xff, 0xff, 0x60, 0x7, 0xff, 0xf9, 0x77, 0x77,
    0x77, 0x77, 0x77, 0x20, 0x8, 0xff, 0xf2, 0x0,
    0x0, 0x0, 0x0, 0x0, 0x0, 0xa, 0xff, 0xf1,
    0x0, 0x0, 0x0, 0x0, 0x0, 0x0, 0xc, 0xff,
    0xf0, 0x0, 0x0, 0x0, 0x0, 0x0, 0x0, 0xe,
    0xff, 0xd0, 0x0, 0x0, 0x0, 0x0, 0x0, 0x0,
    0xf, 0xff, 0xb0, 0x0, 0x34, 0x30, 0x0, 0x0,
    0x0, 0x1f, 0xff, 0x93, 0xbf, 0xff, 0xff, 0xb4,
    0x0, 0x0, 0x3f, 0xff, 0xdf, 0xff, 0xff, 0xff,
    0xff, 0x80, 0x0, 0x5f, 0xff, 0xff, 0xff, 0xff,
    0xff, 0xff, 0xfa, 0x0, 0x6f, 0xff, 0xfa, 0x41,
    0x1, 0x6d, 0xff, 0xff, 0x50, 0x1, 0x35, 0x30,
    0x0, 0x0, 0x0, 0xbf, 0xff, 0xe0, 0x0, 0x0,
    0x0, 0x0, 0x0, 0x0, 0x1e, 0xff, 0xf4, 0x0,
    0x0, 0x0, 0x0, 0x0, 0x0, 0x8, 0xff, 0xf8,
    0x0, 0x0, 0x0, 0x0, 0x0, 0x0, 0x4, 0xff,
    0xfa, 0x0, 0x0, 0x0, 0x0, 0x0, 0x0, 0x3,
    0xff, 0xfb, 0x22, 0x22, 0x0, 0x0, 0x0, 0x0,
    0x5, 0xff, 0xfa, 0xef, 0xff, 0x10, 0x0, 0x0,
    0x0, 0x9, 0xff, 0xf7, 0xbf, 0xff, 0x70, 0x0,
    0x0, 0x0, 0x2f, 0xff, 0xf2, 0x5f, 0xff, 0xf6,
    0x0, 0x0, 0x3, 0xef, 0xff, 0xb0, 0xb, 0xff,
    0xff, 0xd8, 0x67, 0xbf, 0xff, 0xfe, 0x10, 0x0,
    0xcf, 0xff, 0xff, 0xff, 0xff, 0xff, 0xe3, 0x0,
    0x0, 0x9, 0xff, 0xff, 0xff, 0xff, 0xfc, 0x10,
    0x0, 0x0, 0x0, 0x27, 0xce, 0xff, 0xd9, 0x40,
    0x0, 0x0,

    /* U+0036 "6" */
    0x0, 0x0, 0x0, 0x5, 0xae, 0xff, 0xda, 0x40,
    0x0, 0x0, 0x0, 0x0, 0x4, 0xdf, 0xff, 0xff,
    0xff, 0xfd, 0x30, 0x0, 0x0, 0x0, 0x5f, 0xff,
    0xff, 0xff, 0xff, 0xff, 0xf4, 0x0, 0x0, 0x3,
    0xff, 0xff, 0xfb, 0x99, 0xcf, 0xff, 0xff, 0x20,
    0x0, 0xd, 0xff, 0xfb, 0x10, 0x0, 0x3, 0xef,
    0xff, 0xb0, 0x0, 0x6f, 0xff, 0xb0, 0x0, 0x0,
    0x0, 0x2f, 0xff, 0xf1, 0x0, 0xdf, 0xff, 0x10,
    0x0, 0x0, 0x0, 0x7, 0xcc, 0xc4, 0x2, 0xff,
    0xf9, 0x0, 0x0, 0x0, 0x0, 0x0, 0x0, 0x0,
    0x7, 0xff, 0xf4, 0x0, 0x0, 0x23, 0x30, 0x0,
    0x0, 0x0, 0xa, 0xff, 0xf1, 0x2, 0x9f, 0xff,
    0xff, 0xb3, 0x0, 0x0, 0xc, 0xff, 0xf0, 0x6f,
    0xff, 0xff, 0xff, 0xff, 0x80, 0x0, 0xe, 0xff,
    0xe5, 0xff, 0xff, 0xff, 0xff, 0xff, 0xf9, 0x0,
    0xf, 0xff, 0xff, 0xff, 0x72, 0x1, 0x5d, 0xff,
    0xff, 0x50, 0xf, 0xff, 0xff, 0xd2, 0x0, 0x0,
    0x0, 0xbf, 0xff, 0xe0, 0xf, 0xff, 0xff, 0x30,
    0x0, 0x0, 0x0, 0xe, 0xff, 0xf4, 0xf, 0xff,
    0xfb, 0x0, 0x0, 0x0, 0x0, 0x8, 0xff, 0xf8,
    0xd, 0xff, 0xf7, 0x0, 0x0, 0x0, 0x0, 0x4,
    0xff, 0xfa, 0xb, 0xff, 0xf6, 0x0, 0x0, 0x0,
    0x0, 0x3, 0xff, 0xfa, 0x8, 0xff, 0xf8, 0x0,
    0x0, 0x0, 0x0, 0x5, 0xff, 0xf9, 0x3, 0xff,
    0xfd, 0x0, 0x0, 0x0, 0x0, 0xb, 0xff, 0xf6,
    0x0, 0xcf, 0xff, 0x70, 0x0, 0x0, 0x0, 0x4f,
    0xff, 0xf1, 0x0, 0x5f, 0xff, 0xf6, 0x0, 0x0,
    0x5, 0xff, 0xff, 0xa0, 0x0, 0xa, 0xff, 0xff,
    0xd8, 0x68, 0xcf, 0xff, 0xfd, 0x10, 0x0, 0x0,
    0xcf, 0xff, 0xff, 0xff, 0xff, 0xff, 0xe3, 0x0,
    0x0, 0x0, 0x9, 0xff, 0xff, 0xff, 0xff, 0xfb,
    0x10, 0x0, 0x0, 0x0, 0x0, 0x17, 0xce, 0xff,
    0xd9, 0x40, 0x0, 0x0,

    /* U+0037 "7" */
    0x6f, 0xff, 0xff, 0xff, 0xff, 0xff, 0xff, 0xff,
    0xff, 0x6f, 0xff, 0xff, 0xff, 0xff, 0xff, 0xff,
    0xff, 0xff, 0x6f, 0xff, 0xff, 0xff, 0xff, 0xff,
    0xff, 0xff, 0xff, 0x38, 0x88, 0x88, 0x88, 0x88,
    0x88, 0x8b, 0xff, 0xfe, 0x0, 0x0, 0x0, 0x0,
    0x0, 0x0, 0xb, 0xff, 0xf8, 0x0, 0x0, 0x0,
    0x0, 0x0, 0x0, 0x3f, 0xff, 0xe0, 0x0, 0x0,
    0x0, 0x0, 0x0, 0x0, 0xbf, 0xff, 0x70, 0x0,
    0x0, 0x0, 0x0, 0x0, 0x3, 0xff, 0xfe, 0x0,
    0x0, 0x0, 0x0, 0x0, 0x0, 0xb, 0xff, 0xf7,
    0x0, 0x0, 0x0, 0x0, 0x0, 0x0, 0x4f, 0xff,
    0xe0, 0x0, 0x0, 0x0, 0x0, 0x0, 0x0, 0xcf,
    0xff, 0x70, 0x0, 0x0, 0x0, 0x0, 0x0, 0x4,
    0xff, 0xfe, 0x0, 0x0, 0x0, 0x0, 0x0, 0x0,
    0xc, 0xff, 0xf6, 0x0, 0x0, 0x0, 0x0, 0x0,
    0x0, 0x4f, 0xff, 0xe0, 0x0, 0x0, 0x0, 0x0,
    0x0, 0x0, 0xcf, 0xff, 0x60, 0x0, 0x0, 0x0,
    0x0, 0x0, 0x4, 0xff, 0xfe, 0x0, 0x0, 0x0,
    0x0, 0x0, 0x0, 0xc, 0xff, 0xf6, 0x0, 0x0,
    0x0, 0x0, 0x0, 0x0, 0x5f, 0xff, 0xd0, 0x0,
    0x0, 0x0, 0x0, 0x0, 0x0, 0xdf, 0xff, 0x60,
    0x0, 0x0, 0x0, 0x0, 0x0, 0x5, 0xff, 0xfd,
    0x0, 0x0, 0x0, 0x0, 0x0, 0x0, 0xd, 0xff,
    0xf5, 0x0, 0x0, 0x0, 0x0, 0x0, 0x0, 0x5f,
    0xff, 0xd0, 0x0, 0x0, 0x0, 0x0, 0x0, 0x0,
    0xdf, 0xff, 0x50, 0x0, 0x0, 0x0, 0x0, 0x0,
    0x5, 0xff, 0xfd, 0x0, 0x0, 0x0, 0x0, 0x0,
    0x0, 0xd, 0xff, 0xf5, 0x0, 0x0, 0x0, 0x0,
    0x0, 0x0, 0x5f, 0xff, 0xd0, 0x0, 0x0, 0x0,
    0x0, 0x0,

    /* U+0038 "8" */
    0x0, 0x0, 0x0, 0x49, 0xde, 0xfe, 0xc7, 0x20,
    0x0, 0x0, 0x0, 0x0, 0x3d, 0xff, 0xff, 0xff,
    0xff, 0xf9, 0x10, 0x0, 0x0, 0x4, 0xff, 0xff,
    0xff, 0xff, 0xff, 0xff, 0xd1, 0x0, 0x0, 0x2f,
    0xff, 0xff, 0x96, 0x56, 0xbf, 0xff, 0xfc, 0x0,
    0x0, 0xaf, 0xff, 0xd1, 0x0, 0x0, 0x5, 0xff,
    0xff, 0x40, 0x0, 0xff, 0xff, 0x20, 0x0, 0x0,
    0x0, 0x8f, 0xff, 0x90, 0x0, 0xff, 0xfe, 0x0,
    0x0, 0x0, 0x0, 0x4f, 0xff, 0xa0, 0x0, 0xff,
    0xfe, 0x0, 0x0, 0x0, 0x0, 0x4f, 0xff, 0x90,
    0x0, 0xcf, 0xff, 0x20, 0x0, 0x0, 0x0, 0x8f,
    0xff, 0x60, 0x0, 0x4f, 0xff, 0xc1, 0x0, 0x0,
    0x4, 0xff, 0xfe, 0x0, 0x0, 0x9, 0xff, 0xfe,
    0x74, 0x35, 0xaf, 0xff, 0xf3, 0x0, 0x0, 0x0,
    0x6e, 0xff, 0xff, 0xff, 0xff, 0xfb, 0x20, 0x0,
    0x0, 0x0, 0x17, 0xff, 0xff, 0xff, 0xff, 0xc6,
    0x0, 0x0, 0x0, 0x6, 0xff, 0xff, 0xff, 0xff,
    0xff, 0xff, 0xd2, 0x0, 0x0, 0x7f, 0xff, 0xfa,
    0x41, 0x1, 0x6d, 0xff, 0xfe, 0x20, 0x2, 0xff,
    0xff, 0x50, 0x0, 0x0, 0x0, 0xaf, 0xff, 0xc0,
    0x9, 0xff, 0xf8, 0x0, 0x0, 0x0, 0x0, 0xe,
    0xff, 0xf3, 0xd, 0xff, 0xf2, 0x0, 0x0, 0x0,
    0x0, 0x8, 0xff, 0xf8, 0xf, 0xff, 0xf0, 0x0,
    0x0, 0x0, 0x0, 0x6, 0xff, 0xfa, 0xf, 0xff,
    0xf2, 0x0, 0x0, 0x0, 0x0, 0x8, 0xff, 0xfa,
    0xc, 0xff, 0xf8, 0x0, 0x0, 0x0, 0x0, 0xe,
    0xff, 0xf7, 0x6, 0xff, 0xff, 0x60, 0x0, 0x0,
    0x1, 0xbf, 0xff, 0xf1, 0x0, 0xcf, 0xff, 0xfc,
    0x75, 0x45, 0x9e, 0xff, 0xff, 0x70, 0x0, 0x1c,
    0xff, 0xff, 0xff, 0xff, 0xff, 0xff, 0xf8, 0x0,
    0x0, 0x0, 0x8f, 0xff, 0xff, 0xff, 0xff, 0xfd,
    0x40, 0x0, 0x0, 0x0, 0x1, 0x6b, 0xde, 0xfe,
    0xc9, 0x40, 0x0, 0x0,

    /* U+0039 "9" */
    0x0, 0x0, 0x0, 0x6b, 0xdf, 0xfe, 0xa6, 0x0,
    0x0, 0x0, 0x0, 0x0, 0x5e, 0xff, 0xff, 0xff,
    0xff, 0xe5, 0x0, 0x0, 0x0, 0x8, 0xff, 0xff,
    0xff, 0xff, 0xff, 0xff, 0x80, 0x0, 0x0, 0x6f,
    0xff, 0xff, 0xa7, 0x79, 0xef, 0xff, 0xf5, 0x0,
    0x1, 0xff, 0xff, 0xc1, 0x0, 0x0, 0x9, 0xff,
    0xff, 0x10, 0x8, 0xff, 0xfc, 0x0, 0x0, 0x0,
    0x0, 0x9f, 0xff, 0x80, 0xd, 0xff, 0xf4, 0x0,
    0x0, 0x0, 0x0, 0x1f, 0xff, 0xe0, 0xf, 0xff,
    0xf0, 0x0, 0x0, 0x0, 0x0, 0xb, 0xff, 0xf3,
    0xf, 0xff, 0xf0, 0x0, 0x0, 0x0, 0x0, 0xb,
    0xff, 0xf6, 0xe, 0xff, 0xf1, 0x0, 0x0, 0x0,
    0x0, 0xe, 0xff, 0xf8, 0xb, 0xff, 0xf8, 0x0,
    0x0, 0x0, 0x0, 0x5f, 0xff, 0xfa, 0x5, 0xff,
    0xff, 0x50, 0x0, 0x0, 0x4, 0xff, 0xff, 0xfa,
    0x0, 0xcf, 0xff, 0xf9, 0x30, 0x3, 0x9f, 0xfe,
    0xff, 0xfa, 0x0, 0x2e, 0xff, 0xff, 0xff, 0xff,
    0xff, 0xe4, 0xff, 0xfa, 0x0, 0x2, 0xdf, 0xff,
    0xff, 0xff, 0xfd, 0x33, 0xff, 0xf9, 0x0, 0x0,
    0x7, 0xdf, 0xff, 0xfe, 0x70, 0x5, 0xff, 0xf7,
    0x0, 0x0, 0x0, 0x1, 0x33, 0x10, 0x0, 0x7,
    0xff, 0xf5, 0x0, 0x0, 0x0, 0x0, 0x0, 0x0,
    0x0, 0xb, 0xff, 0xf1, 0x5, 0x77, 0x71, 0x0,
    0x0, 0x0, 0x0, 0x1f, 0xff, 0xd0, 0x8, 0xff,
    0xf8, 0x0, 0x0, 0x0, 0x0, 0x8f, 0xff, 0x80,
    0x4, 0xff, 0xfe, 0x10, 0x0, 0x0, 0x3, 0xff,
    0xff, 0x10, 0x0, 0xdf, 0xff, 0xc1, 0x0, 0x0,
    0x5e, 0xff, 0xf8, 0x0, 0x0, 0x4f, 0xff, 0xff,
    0xb8, 0x9d, 0xff, 0xff, 0xd0, 0x0, 0x0, 0x6,
    0xff, 0xff, 0xff, 0xff, 0xff, 0xfd, 0x20, 0x0,
    0x0, 0x0, 0x4e, 0xff, 0xff, 0xff, 0xff, 0xb1,
    0x0, 0x0, 0x0, 0x0, 0x0, 0x5b, 0xdf, 0xfd,
    0x93, 0x0, 0x0, 0x0,

    /* U+003A ":" */
    0x0, 0x2, 0x0, 0x0, 0x4e, 0xfe, 0x30, 0xe,
    0xff, 0xfd, 0x1, 0xff, 0xff, 0xf0, 0xd, 0xff,
    0xfc, 0x0, 0x2c, 0xfb, 0x20, 0x0, 0x0, 0x0,
    0x0, 0x0, 0x0, 0x0, 0x0, 0x0, 0x0, 0x0,
    0x0, 0x0, 0x0, 0x0, 0x0, 0x0, 0x0, 0x0,
    0x0, 0x0, 0x0, 0x0, 0x0, 0x0, 0x0, 0x0,
    0x0, 0x0, 0x2, 0x0, 0x0, 0x4e, 0xfe, 0x30,
    0xe, 0xff, 0xfd, 0x1, 0xff, 0xff, 0xf0, 0xd,
    0xff, 0xfc, 0x0, 0x2c, 0xfb, 0x20,

    /* U+003B ";" */
    0x0, 0x1, 0x10, 0x0, 0xb, 0xff, 0x90, 0x7,
    0xff, 0xff, 0x40, 0xaf, 0xff, 0xf6, 0x6, 0xff,
    0xff, 0x30, 0x8, 0xee, 0x60, 0x0, 0x0, 0x0,
    0x0, 0x0, 0x0, 0x0, 0x0, 0x0, 0x0, 0x0,
    0x0, 0x0, 0x0, 0x0, 0x0, 0x0, 0x0, 0x0,
    0x0, 0x0, 0x0, 0x0, 0x0, 0x0, 0x0, 0x0,
    0x0, 0x0, 0x0, 0x0, 0x0, 0x15, 0x55, 0x40,
    0x6, 0xff, 0xfa, 0x0, 0x8f, 0xff, 0x60, 0xa,
    0xff, 0xf1, 0x0, 0xdf, 0xfd, 0x0, 0xf, 0xff,
    0x80, 0x2, 0xff, 0xf4, 0x0, 0x4f, 0xff, 0x0,
    0x6, 0xff, 0xb0, 0x0, 0x9f, 0xf6, 0x0, 0xb,
    0xff, 0x20, 0x0,

    /* U+003C "<" */
    0x0, 0x0, 0x0, 0x0, 0x0, 0x0, 0x0, 0x0,
    0x0, 0x0, 0x0, 0x0, 0x0, 0x0, 0x0, 0x0,
    0x5, 0xd0, 0x0, 0x0, 0x0, 0x0, 0x0, 0x0,
    0x6, 0xdf, 0xf0, 0x0, 0x0, 0x0, 0x0, 0x0,
    0x6, 0xef, 0xff, 0xf0, 0x0, 0x0, 0x0, 0x0,
    0x7, 0xef, 0xff, 0xff, 0xf0, 0x0, 0x0, 0x0,
    0x7, 0xef, 0xff, 0xff, 0xf9, 0x20, 0x0, 0x0,
    0x17, 0xef, 0xff, 0xff, 0xe8, 0x10, 0x0, 0x0,
    0x18, 0xff, 0xff, 0xff, 0xd6, 0x0, 0x0, 0x0,
    0x18, 0xff, 0xff, 0xff, 0xc5, 0x0, 0x0, 0x0,
    0x0, 0xff, 0xff, 0xff, 0xb3, 0x0, 0x0, 0x0,
    0x0, 0x0, 0xff, 0xff, 0xd2, 0x0, 0x0, 0x0,
    0x0, 0x0, 0x0, 0xff, 0xff, 0xfd, 0x60, 0x0,
    0x0, 0x0, 0x0, 0x0, 0x5d, 0xff, 0xff, 0xfe,
    0x71, 0x0, 0x0, 0x0, 0x0, 0x0, 0x4c, 0xff,
    0xff, 0xff, 0x92, 0x0, 0x0, 0x0, 0x0, 0x0,
    0x4c, 0xff, 0xff, 0xff, 0xa3, 0x0, 0x0, 0x0,
    0x0, 0x0, 0x3b, 0xff, 0xff, 0xff, 0xc4, 0x0,
    0x0, 0x0, 0x0, 0x0, 0x3b, 0xff, 0xff, 0xff,
    0xd0, 0x0, 0x0, 0x0, 0x0, 0x0, 0x3a, 0xff,
    0xff, 0xf0, 0x0, 0x0, 0x0, 0x0, 0x0, 0x0,
    0x2a, 0xff, 0xf0, 0x0, 0x0, 0x0, 0x0, 0x0,
    0x0, 0x0, 0x29, 0xf0, 0x0, 0x0, 0x0, 0x0,
    0x0, 0x0, 0x0, 0x0, 0x10,

    /* U+003D "=" */
    0x17, 0x77, 0x77, 0x77, 0x77, 0x77, 0x77, 0x77,
    0x71, 0x3f, 0xff, 0xff, 0xff, 0xff, 0xff, 0xff,
    0xff, 0xf3, 0x3f, 0xff, 0xff, 0xff, 0xff, 0xff,
    0xff, 0xff, 0xf3, 0x3f, 0xff, 0xff, 0xff, 0xff,
    0xff, 0xff, 0xff, 0xf3, 0x0, 0x0, 0x0, 0x0,
    0x0, 0x0, 0x0, 0x0, 0x0, 0x0, 0x0, 0x0,
    0x0, 0x0, 0x0, 0x0, 0x0, 0x0, 0x0, 0x0,
    0x0, 0x0, 0x0, 0x0, 0x0, 0x0, 0x0, 0x0,
    0x0, 0x0, 0x0, 0x0, 0x0, 0x0, 0x0, 0x0,
    0x17, 0x77, 0x77, 0x77, 0x77, 0x77, 0x77, 0x77,
    0x71, 0x3f, 0xff, 0xff, 0xff, 0xff, 0xff, 0xff,
    0xff, 0xf3, 0x3f, 0xff, 0xff, 0xff, 0xff, 0xff,
    0xff, 0xff, 0xf3, 0x3f, 0xff, 0xff, 0xff, 0xff,
    0xff, 0xff, 0xff, 0xf3,

    /* U+003E ">" */
    0x0, 0x0, 0x0, 0x0, 0x0, 0x0, 0x0, 0x0,
    0x0, 0xd, 0x50, 0x0, 0x0, 0x0, 0x0, 0x0,
    0x0, 0x0, 0xf, 0xfd, 0x60, 0x0, 0x0, 0x0,
    0x0, 0x0, 0x0, 0xf, 0xff, 0xfe, 0x60, 0x0,
    0x0, 0x0, 0x0, 0x0, 0xf, 0xff, 0xff, 0xfe,
    0x70, 0x0, 0x0, 0x0, 0x0, 0x2, 0x9f, 0xff,
    0xff, 0xfe, 0x70, 0x0, 0x0, 0x0, 0x0, 0x1,
    0x7e, 0xff, 0xff, 0xfe, 0x81, 0x0, 0x0, 0x0,
    0x0, 0x0, 0x6d, 0xff, 0xff, 0xff, 0x81, 0x0,
    0x0, 0x0, 0x0, 0x0, 0x5c, 0xff, 0xff, 0xff,
    0x81, 0x0, 0x0, 0x0, 0x0, 0x0, 0x3a, 0xff,
    0xff, 0xff, 0x0, 0x0, 0x0, 0x0, 0x0, 0x0,
    0x2d, 0xff, 0xff, 0x0, 0x0, 0x0, 0x0, 0x0,
    0x6, 0xdf, 0xff, 0xff, 0x0, 0x0, 0x0, 0x0,
    0x17, 0xef, 0xff, 0xff, 0xd5, 0x0, 0x0, 0x0,
    0x29, 0xff, 0xff, 0xff, 0xc4, 0x0, 0x0, 0x0,
    0x3a, 0xff, 0xff, 0xff, 0xc4, 0x0, 0x0, 0x0,
    0x4c, 0xff, 0xff, 0xff, 0xb4, 0x0, 0x0, 0x0,
    0xd, 0xff, 0xff, 0xff, 0xb3, 0x0, 0x0, 0x0,
    0x0, 0xf, 0xff, 0xff, 0xa3, 0x0, 0x0, 0x0,
    0x0, 0x0, 0xf, 0xff, 0xa2, 0x0, 0x0, 0x0,
    0x0, 0x0, 0x0, 0xf, 0x92, 0x0, 0x0, 0x0,
    0x0, 0x0, 0x0, 0x0, 0x1, 0x0, 0x0, 0x0,
    0x0, 0x0, 0x0, 0x0, 0x0,

    /* U+003F "?" */
    0x0, 0x0, 0x38, 0xce, 0xfe, 0xc7, 0x20, 0x0,
    0x0, 0x1, 0xaf, 0xff, 0xff, 0xff, 0xff, 0x80,
    0x0, 0x0, 0xcf, 0xff, 0xff, 0xff, 0xff, 0xff,
    0xa0, 0x0, 0x9f, 0xff, 0xfc, 0x75, 0x7e, 0xff,
    0xff, 0x50, 0x1f, 0xff, 0xf5, 0x0, 0x0, 0xa,
    0xff, 0xfd, 0x5, 0xff, 0xfa, 0x0, 0x0, 0x0,
    0xf, 0xff, 0xf1, 0x7f, 0xff, 0x60, 0x0, 0x0,
    0x0, 0xcf, 0xff, 0x30, 0x0, 0x0, 0x0, 0x0,
    0x0, 0xd, 0xff, 0xf2, 0x0, 0x0, 0x0, 0x0,
    0x0, 0x3, 0xff, 0xff, 0x0, 0x0, 0x0, 0x0,
    0x0, 0x1, 0xdf, 0xff, 0x90, 0x0, 0x0, 0x0,
    0x0, 0x3, 0xdf, 0xff, 0xe1, 0x0, 0x0, 0x0,
    0x0, 0x8, 0xff, 0xff, 0xe3, 0x0, 0x0, 0x0,
    0x0, 0xb, 0xff, 0xff, 0xb1, 0x0, 0x0, 0x0,
    0x0, 0x7, 0xff, 0xff, 0x60, 0x0, 0x0, 0x0,
    0x0, 0x0, 0xdf, 0xff, 0x40, 0x0, 0x0, 0x0,
    0x0, 0x0, 0x1f, 0xff, 0xc0, 0x0, 0x0, 0x0,
    0x0, 0x0, 0x2, 0xff, 0xf8, 0x0, 0x0, 0x0,
    0x0, 0x0, 0x0, 0x3e, 0xee, 0x60, 0x0, 0x0,
    0x0, 0x0, 0x0, 0x0, 0x0, 0x0, 0x0, 0x0,
    0x0, 0x0, 0x0, 0x0, 0x0, 0x0, 0x0, 0x0,
    0x0, 0x0, 0x0, 0x0, 0x0, 0x1, 0x0, 0x0,
    0x0, 0x0, 0x0, 0x0, 0x0, 0x2d, 0xff, 0x50,
    0x0, 0x0, 0x0, 0x0, 0x0, 0xc, 0xff, 0xff,
    0x10, 0x0, 0x0, 0x0, 0x0, 0x0, 0xef, 0xff,
    0xf3, 0x0, 0x0, 0x0, 0x0, 0x0, 0xb, 0xff,
    0xfe, 0x0, 0x0, 0x0, 0x0, 0x0, 0x0, 0x1b,
    0xfd, 0x30, 0x0, 0x0, 0x0,

    /* U+0040 "@" */
    0x0, 0x0, 0x0, 0x0, 0x0, 0x3, 0x7a, 0xde,
    0xff, 0xfd, 0xb8, 0x30, 0x0, 0x0, 0x0, 0x0,
    0x0, 0x0, 0x0, 0x0, 0x1, 0x7e, 0xff, 0xff,
    0xff, 0xff, 0xff, 0xff, 0xe6, 0x0, 0x0, 0x0,
    0x0, 0x0, 0x0, 0x0, 0x6, 0xef, 0xff, 0xff,
    0xff, 0xff, 0xff, 0xff, 0xff, 0xfd, 0x40, 0x0,
    0x0, 0x0, 0x0, 0x0, 0xa, 0xff, 0xff, 0xfb,
    0x74, 0x11, 0x1, 0x35, 0xae, 0xff, 0xff, 0x70,
    0x0, 0x0, 0x0, 0x0, 0xc, 0xff, 0xff, 0x81,
    0x0, 0x0, 0x0, 0x0, 0x0, 0x7, 0xff, 0xff,
    0x90, 0x0, 0x0, 0x0, 0xa, 0xff, 0xfd, 0x30,
    0x0, 0x0, 0x0, 0x0, 0x0, 0x0, 0x2, 0xcf,
    0xff, 0x60, 0x0, 0x0, 0x5, 0xff, 0xfd, 0x10,
    0x0, 0x0, 0x0, 0x0, 0x0, 0x0, 0x0, 0x0,
    0xcf, 0xff, 0x20, 0x0, 0x0, 0xef, 0xfe, 0x20,
    0x0, 0x0, 0x0, 0x0, 0x0, 0x0, 0x0, 0x0,
    0x1, 0xef, 0xfa, 0x0, 0x0, 0x7f, 0xff, 0x60,
    0x0, 0x0, 0x17, 0xcf, 0xfd, 0x91, 0x19, 0x98,
    0x0, 0x6, 0xff, 0xf2, 0x0, 0xd, 0xff, 0xd0,
    0x0, 0x0, 0x3e, 0xff, 0xff, 0xff, 0xf6, 0xff,
    0xe0, 0x0, 0xe, 0xff, 0x90, 0x2, 0xff, 0xf6,
    0x0, 0x0, 0x3f, 0xff, 0xff, 0xff, 0xff, 0xff,
    0xfe, 0x0, 0x0, 0x8f, 0xfe, 0x0, 0x7f, 0xff,
    0x10, 0x0, 0xd, 0xff, 0xf7, 0x32, 0x37, 0xef,
    0xff, 0xe0, 0x0, 0x3, 0xff, 0xf1, 0xa, 0xff,
    0xd0, 0x0, 0x7, 0xff, 0xf3, 0x0, 0x0, 0x2,
    0xff, 0xfe, 0x0, 0x0, 0xf, 0xff, 0x40, 0xcf,
    0xfa, 0x0, 0x0, 0xcf, 0xf8, 0x0, 0x0, 0x0,
    0x8, 0xff, 0xe0, 0x0, 0x0, 0xff, 0xf5, 0xe,
    0xff, 0x80, 0x0, 0xf, 0xff, 0x10, 0x0, 0x0,
    0x0, 0x4f, 0xfe, 0x0, 0x0, 0xe, 0xff, 0x60,
    0xff, 0xf7, 0x0, 0x2, 0xff, 0xf0, 0x0, 0x0,
    0x0, 0x2, 0xff, 0xe0, 0x0, 0x0, 0xef, 0xf5,
    0xf, 0xff, 0x60, 0x0, 0x3f, 0xfe, 0x0, 0x0,
    0x0, 0x0, 0x2f, 0xfe, 0x0, 0x0, 0xf, 0xff,
    0x50, 0xff, 0xf7, 0x0, 0x1, 0xff, 0xf0, 0x0,
    0x0, 0x0, 0x3, 0xff, 0xe0, 0x0, 0x0, 0xff,
    0xf3, 0xe, 0xff, 0x80, 0x0, 0xf, 0xff, 0x30,
    0x0, 0x0, 0x0, 0x6f, 0xfe, 0x0, 0x0, 0x2f,
    0xff, 0x10, 0xdf, 0xfa, 0x0, 0x0, 0xcf, 0xf9,
    0x0, 0x0, 0x0, 0xb, 0xff, 0xe0, 0x0, 0x5,
    0xff, 0xe0, 0xb, 0xff, 0xd0, 0x0, 0x7, 0xff,
    0xf3, 0x0, 0x0, 0x4, 0xff, 0xff, 0x0, 0x0,
    0x9f, 0xf9, 0x0, 0x8f, 0xff, 0x10, 0x0, 0x1e,
    0xff, 0xf8, 0x32, 0x49, 0xff, 0xff, 0xf8, 0x0,
    0x4f, 0xff, 0x30, 0x4, 0xff, 0xf6, 0x0, 0x0,
    0x5f, 0xff, 0xff, 0xff, 0xff, 0xbb, 0xff, 0xfe,
    0xdf, 0xff, 0xa0, 0x0, 0xe, 0xff, 0xd0, 0x0,
    0x0, 0x6f, 0xff, 0xff, 0xff, 0xd1, 0x3f, 0xff,
    0xff, 0xff, 0xc1, 0x0, 0x0, 0x8f, 0xff, 0x50,
    0x0, 0x0, 0x29, 0xdf, 0xfd, 0x71, 0x0, 0x19,
    0xdf, 0xec, 0x70, 0x0, 0x0, 0x1, 0xff, 0xfe,
    0x20, 0x0, 0x0, 0x0, 0x0, 0x0, 0x0, 0x0,
    0x0, 0x0, 0x0, 0x0, 0x0, 0x0, 0x7, 0xff,
    0xfd, 0x10, 0x0, 0x0, 0x0, 0x0, 0x0, 0x0,
    0x0, 0x0, 0x0, 0x0, 0x0, 0x0, 0x0, 0xc,
    0xff, 0xfe, 0x30, 0x0, 0x0, 0x0, 0x0, 0x0,
    0x0, 0x0, 0x0, 0x0, 0x0, 0x0, 0x0, 0x0,
    0x1d, 0xff, 0xff, 0xa2, 0x0, 0x0, 0x0, 0x0,
    0x0, 0x2, 0x30, 0x0, 0x0, 0x0, 0x0, 0x0,
    0x0, 0x1c, 0xff, 0xff, 0xfc, 0x85, 0x32, 0x12,
    0x35, 0x8d, 0xfc, 0x0, 0x0, 0x0, 0x0, 0x0,
    0x0, 0x0, 0x7, 0xff, 0xff, 0xff, 0xff, 0xff,
    0xff, 0xff, 0xff, 0xf2, 0x0, 0x0, 0x0, 0x0,
    0x0, 0x0, 0x0, 0x1, 0x8e, 0xff, 0xff, 0xff,
    0xff, 0xff, 0xff, 0xfc, 0x30, 0x0, 0x0, 0x0,
    0x0, 0x0, 0x0, 0x0, 0x0, 0x3, 0x7b, 0xde,
    0xff, 0xed, 0xc9, 0x51, 0x0, 0x0, 0x0, 0x0,
    0x0,

    /* U+0041 "A" */
    0x0, 0x0, 0x0, 0x0, 0x0, 0xef, 0xff, 0xf5,
    0x0, 0x0, 0x0, 0x0, 0x0, 0x0, 0x0, 0x0,
    0x0, 0x5f, 0xff, 0xff, 0xa0, 0x0, 0x0, 0x0,
    0x0, 0x0, 0x0, 0x0, 0x0, 0xa, 0xff, 0xff,
    0xff, 0x10, 0x0, 0x0, 0x0, 0x0, 0x0, 0x0,
    0x0, 0x1, 0xff, 0xfc, 0xff, 0xf6, 0x0, 0x0,
    0x0, 0x0, 0x0, 0x0, 0x0, 0x0, 0x6f, 0xff,
    0x4e, 0xff, 0xc0, 0x0, 0x0, 0x0, 0x0, 0x0,
    0x0, 0x0, 0xc, 0xff, 0xf0, 0xaf, 0xff, 0x20,
    0x0, 0x0, 0x0, 0x0, 0x0, 0x0, 0x1, 0xff,
    0xfb, 0x5, 0xff, 0xf8, 0x0, 0x0, 0x0, 0x0,
    0x0, 0x0, 0x0, 0x7f, 0xff, 0x60, 0x1f, 0xff,
    0xd0, 0x0, 0x0, 0x0, 0x0, 0x0, 0x0, 0xd,
    0xff, 0xf1, 0x0, 0xcf, 0xff, 0x30, 0x0, 0x0,
    0x0, 0x0, 0x0, 0x3, 0xff, 0xfc, 0x0, 0x7,
    0xff, 0xf9, 0x0, 0x0, 0x0, 0x0, 0x0, 0x0,
    0x8f, 0xff, 0x70, 0x0, 0x1f, 0xff, 0xe0, 0x0,
    0x0, 0x0, 0x0, 0x0, 0xe, 0xff, 0xf2, 0x0,
    0x0, 0xcf, 0xff, 0x50, 0x0, 0x0, 0x0, 0x0,
    0x4, 0xff, 0xfc, 0x0, 0x0, 0x6, 0xff, 0xfb,
    0x0, 0x0, 0x0, 0x0, 0x0, 0xaf, 0xff, 0x70,
    0x0, 0x0, 0x1f, 0xff, 0xf1, 0x0, 0x0, 0x0,
    0x0, 0xf, 0xff, 0xf1, 0x0, 0x0, 0x0, 0xbf,
    0xff, 0x60, 0x0, 0x0, 0x0, 0x5, 0xff, 0xfe,
    0x55, 0x55, 0x55, 0x59, 0xff, 0xfc, 0x0, 0x0,
    0x0, 0x0, 0xbf, 0xff, 0xff, 0xff, 0xff, 0xff,
    0xff, 0xff, 0xf2, 0x0, 0x0, 0x0, 0x1f, 0xff,
    0xff, 0xff, 0xff, 0xff, 0xff, 0xff, 0xff, 0x80,
    0x0, 0x0, 0x6, 0xff, 0xff, 0xff, 0xff, 0xff,
    0xff, 0xff, 0xff, 0xfe, 0x0, 0x0, 0x0, 0xcf,
    0xff, 0x60, 0x0, 0x0, 0x0, 0x0, 0xe, 0xff,
    0xf4, 0x0, 0x0, 0x2f, 0xff, 0xf1, 0x0, 0x0,
    0x0, 0x0, 0x0, 0x9f, 0xff, 0x90, 0x0, 0x7,
    0xff, 0xfb, 0x0, 0x0, 0x0, 0x0, 0x0, 0x4,
    0xff, 0xff, 0x0, 0x0, 0xdf, 0xff, 0x60, 0x0,
    0x0, 0x0, 0x0, 0x0, 0xe, 0xff, 0xf5, 0x0,
    0x3f, 0xff, 0xf1, 0x0, 0x0, 0x0, 0x0, 0x0,
    0x0, 0x9f, 0xff, 0xb0, 0x9, 0xff, 0xfb, 0x0,
    0x0, 0x0, 0x0, 0x0, 0x0, 0x3, 0xff, 0xff,
    0x10, 0xef, 0xff, 0x60, 0x0, 0x0, 0x0, 0x0,
    0x0, 0x0, 0xe, 0xff, 0xf7,

    /* U+0042 "B" */
    0x1f, 0xff, 0xff, 0xff, 0xff, 0xfe, 0xda, 0x50,
    0x0, 0x0, 0x1f, 0xff, 0xff, 0xff, 0xff, 0xff,
    0xff, 0xfd, 0x30, 0x0, 0x1f, 0xff, 0xff, 0xff,
    0xff, 0xff, 0xff, 0xff, 0xf4, 0x0, 0x1f, 0xff,
    0xf7, 0x77, 0x77, 0x78, 0xcf, 0xff, 0xfe, 0x0,
    0x1f, 0xff, 0xe0, 0x0, 0x0, 0x0, 0x5, 0xff,
    0xff, 0x60, 0x1f, 0xff, 0xe0, 0x0, 0x0, 0x0,
    0x0, 0x8f, 0xff, 0xa0, 0x1f, 0xff, 0xe0, 0x0,
    0x0, 0x0, 0x0, 0x3f, 0xff, 0xc0, 0x1f, 0xff,
    0xe0, 0x0, 0x0, 0x0, 0x0, 0x3f, 0xff, 0xb0,
    0x1f, 0xff, 0xe0, 0x0, 0x0, 0x0, 0x0, 0x7f,
    0xff, 0x80, 0x1f, 0xff, 0xe0, 0x0, 0x0, 0x0,
    0x2, 0xef, 0xff, 0x20, 0x1f, 0xff, 0xe0, 0x0,
    0x0, 0x2, 0x7f, 0xff, 0xf5, 0x0, 0x1f, 0xff,
    0xff, 0xff, 0xff, 0xff, 0xff, 0xfa, 0x20, 0x0,
    0x1f, 0xff, 0xff, 0xff, 0xff, 0xff, 0xff, 0xb6,
    0x10, 0x0, 0x1f, 0xff, 0xff, 0xff, 0xff, 0xff,
    0xff, 0xff, 0xf5, 0x0, 0x1f, 0xff, 0xe1, 0x11,
    0x11, 0x12, 0x5c, 0xff, 0xff, 0x50, 0x1f, 0xff,
    0xe0, 0x0, 0x0, 0x0, 0x0, 0x8f, 0xff, 0xf1,
    0x1f, 0xff, 0xe0, 0x0, 0x0, 0x0, 0x0, 0xc,
    0xff, 0xf6, 0x1f, 0xff, 0xe0, 0x0, 0x0, 0x0,
    0x0, 0x5, 0xff, 0xfa, 0x1f, 0xff, 0xe0, 0x0,
    0x0, 0x0, 0x0, 0x2, 0xff, 0xfc, 0x1f, 0xff,
    0xe0, 0x0, 0x0, 0x0, 0x0, 0x4, 0xff, 0xfb,
    0x1f, 0xff, 0xe0, 0x0, 0x0, 0x0, 0x0, 0xa,
    0xff, 0xf9, 0x1f, 0xff, 0xe0, 0x0, 0x0, 0x0,
    0x0, 0x8f, 0xff, 0xf4, 0x1f, 0xff, 0xf7, 0x77,
    0x77, 0x78, 0xae, 0xff, 0xff, 0xd0, 0x1f, 0xff,
    0xff, 0xff, 0xff, 0xff, 0xff, 0xff, 0xfe, 0x20,
    0x1f, 0xff, 0xff, 0xff, 0xff, 0xff, 0xff, 0xff,
    0xc2, 0x0, 0x1f, 0xff, 0xff, 0xff, 0xff, 0xff,
    0xec, 0x93, 0x0, 0x0,

    /* U+0043 "C" */
    0x0, 0x0, 0x0, 0x0, 0x49, 0xce, 0xff, 0xeb,
    0x71, 0x0, 0x0, 0x0, 0x0, 0x0, 0x0, 0x4d,
    0xff, 0xff, 0xff, 0xff, 0xff, 0x90, 0x0, 0x0,
    0x0, 0x0, 0x9, 0xff, 0xff, 0xff, 0xff, 0xff,
    0xff, 0xfe, 0x30, 0x0, 0x0, 0x0, 0xaf, 0xff,
    0xff, 0xfc, 0xbb, 0xdf, 0xff, 0xff, 0xf3, 0x0,
    0x0, 0x7, 0xff, 0xff, 0xe6, 0x0, 0x0, 0x2,
    0x9f, 0xff, 0xfe, 0x10, 0x0, 0x2f, 0xff, 0xfb,
    0x10, 0x0, 0x0, 0x0, 0x3, 0xff, 0xff, 0x90,
    0x0, 0xaf, 0xff, 0xd0, 0x0, 0x0, 0x0, 0x0,
    0x0, 0x5f, 0xff, 0xf0, 0x1, 0xff, 0xff, 0x30,
    0x0, 0x0, 0x0, 0x0, 0x0, 0xc, 0xff, 0xf5,
    0x6, 0xff, 0xfb, 0x0, 0x0, 0x0, 0x0, 0x0,
    0x0, 0x5, 0x99, 0x94, 0xa, 0xff, 0xf6, 0x0,
    0x0, 0x0, 0x0, 0x0, 0x0, 0x0, 0x0, 0x0,
    0xd, 0xff, 0xf2, 0x0, 0x0, 0x0, 0x0, 0x0,
    0x0, 0x0, 0x0, 0x0, 0xf, 0xff, 0xf0, 0x0,
    0x0, 0x0, 0x0, 0x0, 0x0, 0x0, 0x0, 0x0,
    0xf, 0xff, 0xf0, 0x0, 0x0, 0x0, 0x0, 0x0,
    0x0, 0x0, 0x0, 0x0, 0xf, 0xff, 0xf0, 0x0,
    0x0, 0x0, 0x0, 0x0, 0x0, 0x0, 0x0, 0x0,
    0xf, 0xff, 0xf0, 0x0, 0x0, 0x0, 0x0, 0x0,
    0x0, 0x0, 0x0, 0x0, 0xd, 0xff, 0xf2, 0x0,
    0x0, 0x0, 0x0, 0x0, 0x0, 0x0, 0x0, 0x0,
    0xa, 0xff, 0xf6, 0x0, 0x0, 0x0, 0x0, 0x0,
    0x0, 0x0, 0x0, 0x0, 0x6, 0xff, 0xfb, 0x0,
    0x0, 0x0, 0x0, 0x0, 0x0, 0x5, 0xaa, 0xa5,
    0x2, 0xff, 0xff, 0x30, 0x0, 0x0, 0x0, 0x0,
    0x0, 0xc, 0xff, 0xf5, 0x0, 0xbf, 0xff, 0xd0,
    0x0, 0x0, 0x0, 0x0, 0x0, 0x5f, 0xff, 0xf0,
    0x0, 0x2f, 0xff, 0xfb, 0x0, 0x0, 0x0, 0x0,
    0x3, 0xff, 0xff, 0x80, 0x0, 0x8, 0xff, 0xff,
    0xe6, 0x0, 0x0, 0x2, 0x9f, 0xff, 0xfe, 0x0,
    0x0, 0x0, 0xaf, 0xff, 0xff, 0xfc, 0xbb, 0xdf,
    0xff, 0xff, 0xe2, 0x0, 0x0, 0x0, 0x9, 0xff,
    0xff, 0xff, 0xff, 0xff, 0xff, 0xfd, 0x20, 0x0,
    0x0, 0x0, 0x0, 0x4d, 0xff, 0xff, 0xff, 0xff,
    0xff, 0x80, 0x0, 0x0, 0x0, 0x0, 0x0, 0x0,
    0x49, 0xce, 0xff, 0xeb, 0x71, 0x0, 0x0, 0x0,

    /* U+0044 "D" */
    0x1f, 0xff, 0xff, 0xff, 0xff, 0xfe, 0xb8, 0x30,
    0x0, 0x0, 0x0, 0x1, 0xff, 0xff, 0xff, 0xff,
    0xff, 0xff, 0xff, 0xc4, 0x0, 0x0, 0x0, 0x1f,
    0xff, 0xff, 0xff, 0xff, 0xff, 0xff, 0xff, 0xf9,
    0x0, 0x0, 0x1, 0xff, 0xff, 0x88, 0x88, 0x89,
    0xbf, 0xff, 0xff, 0xfb, 0x0, 0x0, 0x1f, 0xff,
    0xe0, 0x0, 0x0, 0x0, 0x4, 0xdf, 0xff, 0xf9,
    0x0, 0x1, 0xff, 0xfe, 0x0, 0x0, 0x0, 0x0,
    0x0, 0xaf, 0xff, 0xf3, 0x0, 0x1f, 0xff, 0xe0,
    0x0, 0x0, 0x0, 0x0, 0x0, 0xbf, 0xff, 0xb0,
    0x1, 0xff, 0xfe, 0x0, 0x0, 0x0, 0x0, 0x0,
    0x1, 0xff, 0xff, 0x20, 0x1f, 0xff, 0xe0, 0x0,
    0x0, 0x0, 0x0, 0x0, 0xa, 0xff, 0xf7, 0x1,
    0xff, 0xfe, 0x0, 0x0, 0x0, 0x0, 0x0, 0x0,
    0x5f, 0xff, 0xa0, 0x1f, 0xff, 0xe0, 0x0, 0x0,
    0x0, 0x0, 0x0, 0x2, 0xff, 0xfd, 0x1, 0xff,
    0xfe, 0x0, 0x0, 0x0, 0x0, 0x0, 0x0, 0xf,
    0xff, 0xf0, 0x1f, 0xff, 0xe0, 0x0, 0x0, 0x0,
    0x0, 0x0, 0x0, 0xff, 0xff, 0x1, 0xff, 0xfe,
    0x0, 0x0, 0x0, 0x0, 0x0, 0x0, 0xf, 0xff,
    0xf0, 0x1f, 0xff, 0xe0, 0x0, 0x0, 0x0, 0x0,
    0x0, 0x0, 0xff, 0xff, 0x1, 0xff, 0xfe, 0x0,
    0x0, 0x0, 0x0, 0x0, 0x0, 0x2f, 0xff, 0xd0,
    0x1f, 0xff, 0xe0, 0x0, 0x0, 0x0, 0x0, 0x0,
    0x5, 0xff, 0xfa, 0x1, 0xff, 0xfe, 0x0, 0x0,
    0x0, 0x0, 0x0, 0x0, 0xaf, 0xff, 0x60, 0x1f,
    0xff, 0xe0, 0x0, 0x0, 0x0, 0x0, 0x0, 0x2f,
    0xff, 0xf2, 0x1, 0xff, 0xfe, 0x0, 0x0, 0x0,
    0x0, 0x0, 0xc, 0xff, 0xfb, 0x0, 0x1f, 0xff,
    0xe0, 0x0, 0x0, 0x0, 0x0, 0xa, 0xff, 0xff,
    0x30, 0x1, 0xff, 0xfe, 0x0, 0x0, 0x0, 0x0,
    0x5d, 0xff, 0xff, 0x80, 0x0, 0x1f, 0xff, 0xf8,
    0x88, 0x88, 0x9b, 0xff, 0xff, 0xff, 0xb0, 0x0,
    0x1, 0xff, 0xff, 0xff, 0xff, 0xff, 0xff, 0xff,
    0xff, 0x90, 0x0, 0x0, 0x1f, 0xff, 0xff, 0xff,
    0xff, 0xff, 0xff, 0xfc, 0x40, 0x0, 0x0, 0x1,
    0xff, 0xff, 0xff, 0xff, 0xff, 0xdb, 0x73, 0x0,
    0x0, 0x0, 0x0,

    /* U+0045 "E" */
    0x1f, 0xff, 0xff, 0xff, 0xff, 0xff, 0xff, 0xff,
    0xf6, 0x1f, 0xff, 0xff, 0xff, 0xff, 0xff, 0xff,
    0xff, 0xf6, 0x1f, 0xff, 0xff, 0xff, 0xff, 0xff,
    0xff, 0xff, 0xf6, 0x1f, 0xff, 0xf7, 0x77, 0x77,
    0x77, 0x77, 0x77, 0x72, 0x1f, 0xff, 0xe0, 0x0,
    0x0, 0x0, 0x0, 0x0, 0x0, 0x1f, 0xff, 0xe0,
    0x0, 0x0, 0x0, 0x0, 0x0, 0x0, 0x1f, 0xff,
    0xe0, 0x0, 0x0, 0x0, 0x0, 0x0, 0x0, 0x1f,
    0xff, 0xe0, 0x0, 0x0, 0x0, 0x0, 0x0, 0x0,
    0x1f, 0xff, 0xe0, 0x0, 0x0, 0x0, 0x0, 0x0,
    0x0, 0x1f, 0xff, 0xe0, 0x0, 0x0, 0x0, 0x0,
    0x0, 0x0, 0x1f, 0xff, 0xe0, 0x0, 0x0, 0x0,
    0x0, 0x0, 0x0, 0x1f, 0xff, 0xff, 0xff, 0xff,
    0xff, 0xff, 0xff, 0x80, 0x1f, 0xff, 0xff, 0xff,
    0xff, 0xff, 0xff, 0xff, 0x80, 0x1f, 0xff, 0xff,
    0xff, 0xff, 0xff, 0xff, 0xff, 0x80, 0x1f, 0xff,
    0xf7, 0x77, 0x77, 0x77, 0x77, 0x77, 0x30, 0x1f,
    0xff, 0xe0, 0x0, 0x0, 0x0, 0x0, 0x0, 0x0,
    0x1f, 0xff, 0xe0, 0x0, 0x0, 0x0, 0x0, 0x0,
    0x0, 0x1f, 0xff, 0xe0, 0x0, 0x0, 0x0, 0x0,
    0x0, 0x0, 0x1f, 0xff, 0xe0, 0x0, 0x0, 0x0,
    0x0, 0x0, 0x0, 0x1f, 0xff, 0xe0, 0x0, 0x0,
    0x0, 0x0, 0x0, 0x0, 0x1f, 0xff, 0xe0, 0x0,
    0x0, 0x0, 0x0, 0x0, 0x0, 0x1f, 0xff, 0xe0,
    0x0, 0x0, 0x0, 0x0, 0x0, 0x0, 0x1f, 0xff,
    0xf7, 0x77, 0x77, 0x77, 0x77, 0x77, 0x73, 0x1f,
    0xff, 0xff, 0xff, 0xff, 0xff, 0xff, 0xff, 0xf8,
    0x1f, 0xff, 0xff, 0xff, 0xff, 0xff, 0xff, 0xff,
    0xf8, 0x1f, 0xff, 0xff, 0xff, 0xff, 0xff, 0xff,
    0xff, 0xf8,

    /* U+0046 "F" */
    0x1f, 0xff, 0xff, 0xff, 0xff, 0xff, 0xff, 0xff,
    0xf3, 0x1f, 0xff, 0xff, 0xff, 0xff, 0xff, 0xff,
    0xff, 0xf3, 0x1f, 0xff, 0xff, 0xff, 0xff, 0xff,
    0xff, 0xff, 0xf3, 0x1f, 0xff, 0xf7, 0x77, 0x77,
    0x77, 0x77, 0x77, 0x71, 0x1f, 0xff, 0xe0, 0x0,
    0x0, 0x0, 0x0, 0x0, 0x0, 0x1f, 0xff, 0xe0,
    0x0, 0x0, 0x0, 0x0, 0x0, 0x0, 0x1f, 0xff,
    0xe0, 0x0, 0x0, 0x0, 0x0, 0x0, 0x0, 0x1f,
    0xff, 0xe0, 0x0, 0x0, 0x0, 0x0, 0x0, 0x0,
    0x1f, 0xff, 0xe0, 0x0, 0x0, 0x0, 0x0, 0x0,
    0x0, 0x1f, 0xff, 0xe0, 0x0, 0x0, 0x0, 0x0,
    0x0, 0x0, 0x1f, 0xff, 0xe0, 0x0, 0x0, 0x0,
    0x0, 0x0, 0x0, 0x1f, 0xff, 0xf7, 0x77, 0x77,
    0x77, 0x77, 0x77, 0x0, 0x1f, 0xff, 0xff, 0xff,
    0xff, 0xff, 0xff, 0xff, 0x0, 0x1f, 0xff, 0xff,
    0xff, 0xff, 0xff, 0xff, 0xff, 0x0, 0x1f, 0xff,
    0xff, 0xff, 0xff, 0xff, 0xff, 0xff, 0x0, 0x1f,
    0xff, 0xe0, 0x0, 0x0, 0x0, 0x0, 0x0, 0x0,
    0x1f, 0xff, 0xe0, 0x0, 0x0, 0x0, 0x0, 0x0,
    0x0, 0x1f, 0xff, 0xe0, 0x0, 0x0, 0x0, 0x0,
    0x0, 0x0, 0x1f, 0xff, 0xe0, 0x0, 0x0, 0x0,
    0x0, 0x0, 0x0, 0x1f, 0xff, 0xe0, 0x0, 0x0,
    0x0, 0x0, 0x0, 0x0, 0x1f, 0xff, 0xe0, 0x0,
    0x0, 0x0, 0x0, 0x0, 0x0, 0x1f, 0xff, 0xe0,
    0x0, 0x0, 0x0, 0x0, 0x0, 0x0, 0x1f, 0xff,
    0xe0, 0x0, 0x0, 0x0, 0x0, 0x0, 0x0, 0x1f,
    0xff, 0xe0, 0x0, 0x0, 0x0, 0x0, 0x0, 0x0,
    0x1f, 0xff, 0xe0, 0x0, 0x0, 0x0, 0x0, 0x0,
    0x0, 0x1f, 0xff, 0xe0, 0x0, 0x0, 0x0, 0x0,
    0x0, 0x0,

    /* U+0047 "G" */
    0x0, 0x0, 0x0, 0x0, 0x49, 0xce, 0xff, 0xdb,
    0x71, 0x0, 0x0, 0x0, 0x0, 0x0, 0x0, 0x4d,
    0xff, 0xff, 0xff, 0xff, 0xff, 0x91, 0x0, 0x0,
    0x0, 0x0, 0x9, 0xff, 0xff, 0xff, 0xff, 0xff,
    0xff, 0xfe, 0x40, 0x0, 0x0, 0x0, 0xaf, 0xff,
    0xff, 0xfc, 0xbb, 0xdf, 0xff, 0xff, 0xf4, 0x0,
    0x0, 0x8, 0xff, 0xff, 0xe6, 0x0, 0x0, 0x1,
    0x8f, 0xff, 0xff, 0x20, 0x0, 0x2f, 0xff, 0xfb,
    0x10, 0x0, 0x0, 0x0, 0x4, 0xff, 0xff, 0xb0,
    0x0, 0xbf, 0xff, 0xd0, 0x0, 0x0, 0x0, 0x0,
    0x0, 0x5f, 0xff, 0xf2, 0x1, 0xff, 0xff, 0x30,
    0x0, 0x0, 0x0, 0x0, 0x0, 0xc, 0xff, 0xf7,
    0x6, 0xff, 0xfb, 0x0, 0x0, 0x0, 0x0, 0x0,
    0x0, 0x0, 0x11, 0x10, 0xa, 0xff, 0xf6, 0x0,
    0x0, 0x0, 0x0, 0x0, 0x0, 0x0, 0x0, 0x0,
    0xd, 0xff, 0xf2, 0x0, 0x0, 0x0, 0x0, 0x0,
    0x0, 0x0, 0x0, 0x0, 0xf, 0xff, 0xf0, 0x0,
    0x0, 0x0, 0x0, 0x0, 0x0, 0x0, 0x0, 0x0,
    0xf, 0xff, 0xf0, 0x0, 0x0, 0x0, 0x8, 0xff,
    0xff, 0xff, 0xff, 0xfd, 0xf, 0xff, 0xf0, 0x0,
    0x0, 0x0, 0x8, 0xff, 0xff, 0xff, 0xff, 0xfd,
    0xf, 0xff, 0xf0, 0x0, 0x0, 0x0, 0x8, 0xff,
    0xff, 0xff, 0xff, 0xfd, 0xd, 0xff, 0xf2, 0x0,
    0x0, 0x0, 0x2, 0x55, 0x55, 0x56, 0xff, 0xfd,
    0xa, 0xff, 0xf6, 0x0, 0x0, 0x0, 0x0, 0x0,
    0x0, 0x3, 0xff, 0xfc, 0x7, 0xff, 0xfb, 0x0,
    0x0, 0x0, 0x0, 0x0, 0x0, 0x6, 0xff, 0xf9,
    0x2, 0xff, 0xff, 0x40, 0x0, 0x0, 0x0, 0x0,
    0x0, 0xc, 0xff, 0xf6, 0x0, 0xbf, 0xff, 0xd0,
    0x0, 0x0, 0x0, 0x0, 0x0, 0x5f, 0xff, 0xf1,
    0x0, 0x3f, 0xff, 0xfc, 0x10, 0x0, 0x0, 0x0,
    0x3, 0xff, 0xff, 0x90, 0x0, 0x8, 0xff, 0xff,
    0xe6, 0x0, 0x0, 0x1, 0x8f, 0xff, 0xfe, 0x10,
    0x0, 0x0, 0xbf, 0xff, 0xff, 0xfc, 0xbb, 0xdf,
    0xff, 0xff, 0xf4, 0x0, 0x0, 0x0, 0x9, 0xff,
    0xff, 0xff, 0xff, 0xff, 0xff, 0xfe, 0x40, 0x0,
    0x0, 0x0, 0x0, 0x4d, 0xff, 0xff, 0xff, 0xff,
    0xff, 0xa1, 0x0, 0x0, 0x0, 0x0, 0x0, 0x0,
    0x49, 0xce, 0xff, 0xeb, 0x72, 0x0, 0x0, 0x0,

    /* U+0048 "H" */
    0x1f, 0xff, 0xe0, 0x0, 0x0, 0x0, 0x0, 0x0,
    0x2, 0xff, 0xfe, 0x1f, 0xff, 0xe0, 0x0, 0x0,
    0x0, 0x0, 0x0, 0x2, 0xff, 0xfe, 0x1f, 0xff,
    0xe0, 0x0, 0x0, 0x0, 0x0, 0x0, 0x2, 0xff,
    0xfe, 0x1f, 0xff, 0xe0, 0x0, 0x0, 0x0, 0x0,
    0x0, 0x2, 0xff, 0xfe, 0x1f, 0xff, 0xe0, 0x0,
    0x0, 0x0, 0x0, 0x0, 0x2, 0xff, 0xfe, 0x1f,
    0xff, 0xe0, 0x0, 0x0, 0x0, 0x0, 0x0, 0x2,
    0xff, 0xfe, 0x1f, 0xff, 0xe0, 0x0, 0x0, 0x0,
    0x0, 0x0, 0x2, 0xff, 0xfe, 0x1f, 0xff, 0xe0,
    0x0, 0x0, 0x0, 0x0, 0x0, 0x2, 0xff, 0xfe,
    0x1f, 0xff, 0xe0, 0x0, 0x0, 0x0, 0x0, 0x0,
    0x2, 0xff, 0xfe, 0x1f, 0xff, 0xe0, 0x0, 0x0,
    0x0, 0x0, 0x0, 0x2, 0xff, 0xfe, 0x1f, 0xff,
    0xe0, 0x0, 0x0, 0x0, 0x0, 0x0, 0x2, 0xff,
    0xfe, 0x1f, 0xff, 0xff, 0xff, 0xff, 0xff, 0xff,
    0xff, 0xff, 0xff, 0xfe, 0x1f, 0xff, 0xff, 0xff,
    0xff, 0xff, 0xff, 0xff, 0xff, 0xff, 0xfe, 0x1f,
    0xff, 0xff, 0xff, 0xff, 0xff, 0xff, 0xff, 0xff,
    0xff, 0xfe, 0x1f, 0xff, 0xf7, 0x77, 0x77, 0x77,
    0x77, 0x77, 0x78, 0xff, 0xfe, 0x1f, 0xff, 0xe0,
    0x0, 0x0, 0x0, 0x0, 0x0, 0x2, 0xff, 0xfe,
    0x1f, 0xff, 0xe0, 0x0, 0x0, 0x0, 0x0, 0x0,
    0x2, 0xff, 0xfe, 0x1f, 0xff, 0xe0, 0x0, 0x0,
    0x0, 0x0, 0x0, 0x2, 0xff, 0xfe, 0x1f, 0xff,
    0xe0, 0x0, 0x0, 0x0, 0x0, 0x0, 0x2, 0xff,
    0xfe, 0x1f, 0xff, 0xe0, 0x0, 0x0, 0x0, 0x0,
    0x0, 0x2, 0xff, 0xfe, 0x1f, 0xff, 0xe0, 0x0,
    0x0, 0x0, 0x0, 0x0, 0x2, 0xff, 0xfe, 0x1f,
    0xff, 0xe0, 0x0, 0x0, 0x0, 0x0, 0x0, 0x2,
    0xff, 0xfe, 0x1f, 0xff, 0xe0, 0x0, 0x0, 0x0,
    0x0, 0x0, 0x2, 0xff, 0xfe, 0x1f, 0xff, 0xe0,
    0x0, 0x0, 0x0, 0x0, 0x0, 0x2, 0xff, 0xfe,
    0x1f, 0xff, 0xe0, 0x0, 0x0, 0x0, 0x0, 0x0,
    0x2, 0xff, 0xfe, 0x1f, 0xff, 0xe0, 0x0, 0x0,
    0x0, 0x0, 0x0, 0x2, 0xff, 0xfe,

    /* U+0049 "I" */
    0x1f, 0xff, 0xe1, 0xff, 0xfe, 0x1f, 0xff, 0xe1,
    0xff, 0xfe, 0x1f, 0xff, 0xe1, 0xff, 0xfe, 0x1f,
    0xff, 0xe1, 0xff, 0xfe, 0x1f, 0xff, 0xe1, 0xff,
    0xfe, 0x1f, 0xff, 0xe1, 0xff, 0xfe, 0x1f, 0xff,
    0xe1, 0xff, 0xfe, 0x1f, 0xff, 0xe1, 0xff, 0xfe,
    0x1f, 0xff, 0xe1, 0xff, 0xfe, 0x1f, 0xff, 0xe1,
    0xff, 0xfe, 0x1f, 0xff, 0xe1, 0xff, 0xfe, 0x1f,
    0xff, 0xe1, 0xff, 0xfe, 0x1f, 0xff, 0xe1, 0xff,
    0xfe,

    /* U+004A "J" */
    0x0, 0x0, 0x0, 0x0, 0x0, 0x0, 0x3f, 0xff,
    0xd0, 0x0, 0x0, 0x0, 0x0, 0x0, 0x3, 0xff,
    0xfd, 0x0, 0x0, 0x0, 0x0, 0x0, 0x0, 0x3f,
    0xff, 0xd0, 0x0, 0x0, 0x0, 0x0, 0x0, 0x3,
    0xff, 0xfd, 0x0, 0x0, 0x0, 0x0, 0x0, 0x0,
    0x3f, 0xff, 0xd0, 0x0, 0x0, 0x0, 0x0, 0x0,
    0x3, 0xff, 0xfd, 0x0, 0x0, 0x0, 0x0, 0x0,
    0x0, 0x3f, 0xff, 0xd0, 0x0, 0x0, 0x0, 0x0,
    0x0, 0x3, 0xff, 0xfd, 0x0, 0x0, 0x0, 0x0,
    0x0, 0x0, 0x3f, 0xff, 0xd0, 0x0, 0x0, 0x0,
    0x0, 0x0, 0x3, 0xff, 0xfd, 0x0, 0x0, 0x0,
    0x0, 0x0, 0x0, 0x3f, 0xff, 0xd0, 0x0, 0x0,
    0x0, 0x0, 0x0, 0x3, 0xff, 0xfd, 0x0, 0x0,
    0x0, 0x0, 0x0, 0x0, 0x3f, 0xff, 0xd0, 0x0,
    0x0, 0x0, 0x0, 0x0, 0x3, 0xff, 0xfd, 0x0,
    0x0, 0x0, 0x0, 0x0, 0x0, 0x3f, 0xff, 0xd0,
    0x0, 0x0, 0x0, 0x0, 0x0, 0x3, 0xff, 0xfd,
    0x24, 0x44, 0x20, 0x0, 0x0, 0x0, 0x3f, 0xff,
    0xd7, 0xff, 0xf9, 0x0, 0x0, 0x0, 0x3, 0xff,
    0xfd, 0x6f, 0xff, 0x90, 0x0, 0x0, 0x0, 0x3f,
    0xff, 0xc5, 0xff, 0xfb, 0x0, 0x0, 0x0, 0x5,
    0xff, 0xfb, 0x2f, 0xff, 0xf1, 0x0, 0x0, 0x0,
    0xaf, 0xff, 0x80, 0xdf, 0xff, 0xc1, 0x0, 0x0,
    0x6f, 0xff, 0xf3, 0x5, 0xff, 0xff, 0xe9, 0x78,
    0xcf, 0xff, 0xfb, 0x0, 0x9, 0xff, 0xff, 0xff,
    0xff, 0xff, 0xfe, 0x10, 0x0, 0x7, 0xff, 0xff,
    0xff, 0xff, 0xfc, 0x10, 0x0, 0x0, 0x1, 0x8c,
    0xef, 0xfd, 0x94, 0x0, 0x0,

    /* U+004B "K" */
    0x1f, 0xff, 0xe0, 0x0, 0x0, 0x0, 0x0, 0x0,
    0xdf, 0xff, 0xf3, 0x1f, 0xff, 0xe0, 0x0, 0x0,
    0x0, 0x0, 0xc, 0xff, 0xff, 0x40, 0x1f, 0xff,
    0xe0, 0x0, 0x0, 0x0, 0x0, 0xaf, 0xff, 0xf6,
    0x0, 0x1f, 0xff, 0xe0, 0x0, 0x0, 0x0, 0x9,
    0xff, 0xff, 0x70, 0x0, 0x1f, 0xff, 0xe0, 0x0,
    0x0, 0x0, 0x8f, 0xff, 0xf8, 0x0, 0x0, 0x1f,
    0xff, 0xe0, 0x0, 0x0, 0x6, 0xff, 0xff, 0xa0,
    0x0, 0x0, 0x1f, 0xff, 0xe0, 0x0, 0x0, 0x5f,
    0xff, 0xfb, 0x0, 0x0, 0x0, 0x1f, 0xff, 0xe0,
    0x0, 0x4, 0xff, 0xff, 0xc0, 0x0, 0x0, 0x0,
    0x1f, 0xff, 0xe0, 0x0, 0x2f, 0xff, 0xfd, 0x10,
    0x0, 0x0, 0x0, 0x1f, 0xff, 0xe0, 0x1, 0xef,
    0xff, 0xd1, 0x0, 0x0, 0x0, 0x0, 0x1f, 0xff,
    0xe0, 0xc, 0xff, 0xfe, 0x20, 0x0, 0x0, 0x0,
    0x0, 0x1f, 0xff, 0xe0, 0xaf, 0xff, 0xf9, 0x0,
    0x0, 0x0, 0x0, 0x0, 0x1f, 0xff, 0xd6, 0xff,
    0xff, 0xff, 0x40, 0x0, 0x0, 0x0, 0x0, 0x1f,
    0xff, 0xff, 0xff, 0xff, 0xff, 0xe1, 0x0, 0x0,
    0x0, 0x0, 0x1f, 0xff, 0xff, 0xfe, 0x3e, 0xff,
    0xfa, 0x0, 0x0, 0x0, 0x0, 0x1f, 0xff, 0xff,
    0xe2, 0x5, 0xff, 0xff, 0x50, 0x0, 0x0, 0x0,
    0x1f, 0xff, 0xff, 0x30, 0x0, 0x9f, 0xff, 0xf2,
    0x0, 0x0, 0x0, 0x1f, 0xff, 0xf3, 0x0, 0x0,
    0xd, 0xff, 0xfc, 0x0, 0x0, 0x0, 0x1f, 0xff,
    0xe0, 0x0, 0x0, 0x3, 0xff, 0xff, 0x70, 0x0,
    0x0, 0x1f, 0xff, 0xe0, 0x0, 0x0, 0x0, 0x8f,
    0xff, 0xf3, 0x0, 0x0, 0x1f, 0xff, 0xe0, 0x0,
    0x0, 0x0, 0xc, 0xff, 0xfd, 0x0, 0x0, 0x1f,
    0xff, 0xe0, 0x0, 0x0, 0x0, 0x2, 0xff, 0xff,
    0x90, 0x0, 0x1f, 0xff, 0xe0, 0x0, 0x0, 0x0,
    0x0, 0x6f, 0xff, 0xf5, 0x0, 0x1f, 0xff, 0xe0,
    0x0, 0x0, 0x0, 0x0, 0xb, 0xff, 0xfe, 0x10,
    0x1f, 0xff, 0xe0, 0x0, 0x0, 0x0, 0x0, 0x1,
    0xef, 0xff, 0xb0, 0x1f, 0xff, 0xe0, 0x0, 0x0,
    0x0, 0x0, 0x0, 0x5f, 0xff, 0xf6,

    /* U+004C "L" */
    0x1f, 0xff, 0xe0, 0x0, 0x0, 0x0, 0x0, 0x0,
    0x1, 0xff, 0xfe, 0x0, 0x0, 0x0, 0x0, 0x0,
    0x0, 0x1f, 0xff, 0xe0, 0x0, 0x0, 0x0, 0x0,
    0x0, 0x1, 0xff, 0xfe, 0x0, 0x0, 0x0, 0x0,
    0x0, 0x0, 0x1f, 0xff, 0xe0, 0x0, 0x0, 0x0,
    0x0, 0x0, 0x1, 0xff, 0xfe, 0x0, 0x0, 0x0,
    0x0, 0x0, 0x0, 0x1f, 0xff, 0xe0, 0x0, 0x0,
    0x0, 0x0, 0x0, 0x1, 0xff, 0xfe, 0x0, 0x0,
    0x0, 0x0, 0x0, 0x0, 0x1f, 0xff, 0xe0, 0x0,
    0x0, 0x0, 0x0, 0x0, 0x1, 0xff, 0xfe, 0x0,
    0x0, 0x0, 0x0, 0x0, 0x0, 0x1f, 0xff, 0xe0,
    0x0, 0x0, 0x0, 0x0, 0x0, 0x1, 0xff, 0xfe,
    0x0, 0x0, 0x0, 0x0, 0x0, 0x0, 0x1f, 0xff,
    0xe0, 0x0, 0x0, 0x0, 0x0, 0x0, 0x1, 0xff,
    0xfe, 0x0, 0x0, 0x0, 0x0, 0x0, 0x0, 0x1f,
    0xff, 0xe0, 0x0, 0x0, 0x0, 0x0, 0x0, 0x1,
    0xff, 0xfe, 0x0, 0x0, 0x0, 0x0, 0x0, 0x0,
    0x1f, 0xff, 0xe0, 0x0, 0x0, 0x0, 0x0, 0x0,
    0x1, 0xff, 0xfe, 0x0, 0x0, 0x0, 0x0, 0x0,
    0x0, 0x1f, 0xff, 0xe0, 0x0, 0x0, 0x0, 0x0,
    0x0, 0x1, 0xff, 0xfe, 0x0, 0x0, 0x0, 0x0,
    0x0, 0x0, 0x1f, 0xff, 0xe0, 0x0, 0x0, 0x0,
    0x0, 0x0, 0x1, 0xff, 0xfe, 0x0, 0x0, 0x0,
    0x0, 0x0, 0x0, 0x1f, 0xff, 0xf7, 0x77, 0x77,
    0x77, 0x77, 0x77, 0x51, 0xff, 0xff, 0xff, 0xff,
    0xff, 0xff, 0xff, 0xfc, 0x1f, 0xff, 0xff, 0xff,
    0xff, 0xff, 0xff, 0xff, 0xc1, 0xff, 0xff, 0xff,
    0xff, 0xff, 0xff, 0xff, 0xfc,

    /* U+004D "M" */
    0x1f, 0xff, 0xff, 0xf0, 0x0, 0x0, 0x0, 0x0,
    0x0, 0x0, 0x2, 0xff, 0xff, 0xff, 0x1f, 0xff,
    0xff, 0xf6, 0x0, 0x0, 0x0, 0x0, 0x0, 0x0,
    0x8, 0xff, 0xff, 0xff, 0x1f, 0xff, 0xff, 0xfc,
    0x0, 0x0, 0x0, 0x0, 0x0, 0x0, 0xe, 0xff,
    0xff, 0xff, 0x1f, 0xff, 0xff, 0xff, 0x20, 0x0,
    0x0, 0x0, 0x0, 0x0, 0x4f, 0xff, 0xff, 0xff,
    0x1f, 0xff, 0xdf, 0xff, 0x80, 0x0, 0x0, 0x0,
    0x0, 0x0, 0xaf, 0xfe, 0xef, 0xff, 0x1f, 0xff,
    0xad, 0xff, 0xe0, 0x0, 0x0, 0x0, 0x0, 0x1,
    0xff, 0xfa, 0xef, 0xff, 0x1f, 0xff, 0xb8, 0xff,
    0xf4, 0x0, 0x0, 0x0, 0x0, 0x6, 0xff, 0xf5,
    0xff, 0xff, 0x1f, 0xff, 0xb3, 0xff, 0xfa, 0x0,
    0x0, 0x0, 0x0, 0xc, 0xff, 0xf0, 0xff, 0xff,
    0x1f, 0xff, 0xb0, 0xef, 0xff, 0x10, 0x0, 0x0,
    0x0, 0x2f, 0xff, 0xa0, 0xff, 0xff, 0x1f, 0xff,
    0xc0, 0x9f, 0xff, 0x70, 0x0, 0x0, 0x0, 0x8f,
    0xff, 0x50, 0xff, 0xff, 0x1f, 0xff, 0xc0, 0x4f,
    0xff, 0xd0, 0x0, 0x0, 0x0, 0xef, 0xff, 0x0,
    0xff, 0xff, 0x1f, 0xff, 0xc0, 0xe, 0xff, 0xf3,
    0x0, 0x0, 0x4, 0xff, 0xfa, 0x0, 0xff, 0xff,
    0x1f, 0xff, 0xc0, 0x8, 0xff, 0xf9, 0x0, 0x0,
    0xb, 0xff, 0xf5, 0x0, 0xff, 0xff, 0x1f, 0xff,
    0xc0, 0x2, 0xff, 0xff, 0x0, 0x0, 0x1f, 0xff,
    0xe0, 0x0, 0xff, 0xff, 0x1f, 0xff, 0xc0, 0x0,
    0xcf, 0xff, 0x50, 0x0, 0x7f, 0xff, 0x80, 0x0,
    0xff, 0xff, 0x1f, 0xff, 0xc0, 0x0, 0x5f, 0xff,
    0xb0, 0x0, 0xcf, 0xff, 0x20, 0x0, 0xff, 0xff,
    0x1f, 0xff, 0xc0, 0x0, 0xf, 0xff, 0xf0, 0x1,
    0xff, 0xfc, 0x0, 0x0, 0xff, 0xff, 0x1f, 0xff,
    0xc0, 0x0, 0x9, 0xff, 0xf5, 0x6, 0xff, 0xf6,
    0x0, 0x0, 0xff, 0xff, 0x1f, 0xff, 0xc0, 0x0,
    0x3, 0xff, 0xf9, 0xb, 0xff, 0xf0, 0x0, 0x0,
    0xff, 0xff, 0x1f, 0xff, 0xc0, 0x0, 0x0, 0xcf,
    0xfe, 0xf, 0xff, 0xa0, 0x0, 0x0, 0xff, 0xff,
    0x1f, 0xff, 0xc0, 0x0, 0x0, 0x6f, 0xff, 0x6f,
    0xff, 0x30, 0x0, 0x0, 0xff, 0xff, 0x1f, 0xff,
    0xc0, 0x0, 0x0, 0x1f, 0xff, 0xef, 0xfd, 0x0,
    0x0, 0x0, 0xff, 0xff, 0x1f, 0xff, 0xc0, 0x0,
    0x0, 0xa, 0xff, 0xff, 0xf7, 0x0, 0x0, 0x0,
    0xff, 0xff, 0x1f, 0xff, 0xc0, 0x0, 0x0, 0x4,
    0xff, 0xff, 0xf1, 0x0, 0x0, 0x0, 0xff, 0xff,
    0x1f, 0xff, 0xc0, 0x0, 0x0, 0x0, 0xdf, 0xff,
    0xb0, 0x0, 0x0, 0x0, 0xff, 0xff, 0x1f, 0xff,
    0xc0, 0x0, 0x0, 0x0, 0x7f, 0xff, 0x50, 0x0,
    0x0, 0x0, 0xff, 0xff,

    /* U+004E "N" */
    0x1f, 0xff, 0xfd, 0x0, 0x0, 0x0, 0x0, 0x0,
    0x0, 0xbf, 0xff, 0x51, 0xff, 0xff, 0xf7, 0x0,
    0x0, 0x0, 0x0, 0x0, 0xb, 0xff, 0xf5, 0x1f,
    0xff, 0xff, 0xf2, 0x0, 0x0, 0x0, 0x0, 0x0,
    0xbf, 0xff, 0x51, 0xff, 0xff, 0xff, 0xc0, 0x0,
    0x0, 0x0, 0x0, 0xb, 0xff, 0xf5, 0x1f, 0xff,
    0xff, 0xff, 0x60, 0x0, 0x0, 0x0, 0x0, 0xbf,
    0xff, 0x51, 0xff, 0xfb, 0xef, 0xfe, 0x10, 0x0,
    0x0, 0x0, 0xb, 0xff, 0xf5, 0x1f, 0xff, 0xb6,
    0xff, 0xfa, 0x0, 0x0, 0x0, 0x0, 0xbf, 0xff,
    0x51, 0xff, 0xfc, 0xd, 0xff, 0xf4, 0x0, 0x0,
    0x0, 0xb, 0xff, 0xf5, 0x1f, 0xff, 0xd0, 0x5f,
    0xff, 0xe0, 0x0, 0x0, 0x0, 0xbf, 0xff, 0x51,
    0xff, 0xfe, 0x0, 0xbf, 0xff, 0x90, 0x0, 0x0,
    0xb, 0xff, 0xf5, 0x1f, 0xff, 0xe0, 0x2, 0xff,
    0xff, 0x30, 0x0, 0x0, 0xbf, 0xff, 0x51, 0xff,
    0xff, 0x0, 0x8, 0xff, 0xfd, 0x0, 0x0, 0xb,
    0xff, 0xf5, 0x1f, 0xff, 0xf0, 0x0, 0xe, 0xff,
    0xf7, 0x0, 0x0, 0xbf, 0xff, 0x51, 0xff, 0xff,
    0x0, 0x0, 0x4f, 0xff, 0xf2, 0x0, 0xb, 0xff,
    0xf5, 0x1f, 0xff, 0xf0, 0x0, 0x0, 0xaf, 0xff,
    0xc0, 0x0, 0xbf, 0xff, 0x51, 0xff, 0xff, 0x0,
    0x0, 0x1, 0xef, 0xff, 0x60, 0xb, 0xff, 0xf5,
    0x1f, 0xff, 0xf0, 0x0, 0x0, 0x6, 0xff, 0xfe,
    0x10, 0xbf, 0xff, 0x51, 0xff, 0xff, 0x0, 0x0,
    0x0, 0xb, 0xff, 0xf9, 0xa, 0xff, 0xf5, 0x1f,
    0xff, 0xf0, 0x0, 0x0, 0x0, 0x2f, 0xff, 0xf2,
    0xaf, 0xff, 0x51, 0xff, 0xff, 0x0, 0x0, 0x0,
    0x0, 0x7f, 0xff, 0xa9, 0xff, 0xf5, 0x1f, 0xff,
    0xf0, 0x0, 0x0, 0x0, 0x0, 0xcf, 0xff, 0xbf,
    0xff, 0x51, 0xff, 0xff, 0x0, 0x0, 0x0, 0x0,
    0x3, 0xff, 0xff, 0xff, 0xf5, 0x1f, 0xff, 0xf0,
    0x0, 0x0, 0x0, 0x0, 0x8, 0xff, 0xff, 0xff,
    0x51, 0xff, 0xff, 0x0, 0x0, 0x0, 0x0, 0x0,
    0xd, 0xff, 0xff, 0xf5, 0x1f, 0xff, 0xf0, 0x0,
    0x0, 0x0, 0x0, 0x0, 0x4f, 0xff, 0xff, 0x51,
    0xff, 0xff, 0x0, 0x0, 0x0, 0x0, 0x0, 0x0,
    0xaf, 0xff, 0xf5,

    /* U+004F "O" */
    0x0, 0x0, 0x0, 0x0, 0x39, 0xce, 0xff, 0xeb,
    0x71, 0x0, 0x0, 0x0, 0x0, 0x0, 0x0, 0x4,
    0xcf, 0xff, 0xff, 0xff, 0xff, 0xf9, 0x10, 0x0,
    0x0, 0x0, 0x0, 0x9, 0xff, 0xff, 0xff, 0xff,
    0xff, 0xff, 0xfe, 0x40, 0x0, 0x0, 0x0, 0xa,
    0xff, 0xff, 0xff, 0xcb, 0xbd, 0xff, 0xff, 0xff,
    0x40, 0x0, 0x0, 0x7, 0xff, 0xff, 0xe6, 0x0,
    0x0, 0x2, 0x9f, 0xff, 0xfe, 0x20, 0x0, 0x2,
    0xff, 0xff, 0xb1, 0x0, 0x0, 0x0, 0x0, 0x4f,
    0xff, 0xfb, 0x0, 0x0, 0xaf, 0xff, 0xd0, 0x0,
    0x0, 0x0, 0x0, 0x0, 0x4f, 0xff, 0xf4, 0x0,
    0x1f, 0xff, 0xf3, 0x0, 0x0, 0x0, 0x0, 0x0,
    0x0, 0xaf, 0xff, 0xb0, 0x6, 0xff, 0xfb, 0x0,
    0x0, 0x0, 0x0, 0x0, 0x0, 0x2, 0xff, 0xff,
    0x0, 0xaf, 0xff, 0x60, 0x0, 0x0, 0x0, 0x0,
    0x0, 0x0, 0xc, 0xff, 0xf4, 0xd, 0xff, 0xf2,
    0x0, 0x0, 0x0, 0x0, 0x0, 0x0, 0x0, 0x9f,
    0xff, 0x60, 0xff, 0xff, 0x0, 0x0, 0x0, 0x0,
    0x0, 0x0, 0x0, 0x7, 0xff, 0xf8, 0xf, 0xff,
    0xf0, 0x0, 0x0, 0x0, 0x0, 0x0, 0x0, 0x0,
    0x6f, 0xff, 0x90, 0xff, 0xff, 0x0, 0x0, 0x0,
    0x0, 0x0, 0x0, 0x0, 0x6, 0xff, 0xf9, 0xf,
    0xff, 0xf0, 0x0, 0x0, 0x0, 0x0, 0x0, 0x0,
    0x0, 0x7f, 0xff, 0x80, 0xdf, 0xff, 0x20, 0x0,
    0x0, 0x0, 0x0, 0x0, 0x0, 0x9, 0xff, 0xf6,
    0xa, 0xff, 0xf6, 0x0, 0x0, 0x0, 0x0, 0x0,
    0x0, 0x0, 0xcf, 0xff, 0x40, 0x6f, 0xff, 0xb0,
    0x0, 0x0, 0x0, 0x0, 0x0, 0x0, 0x2f, 0xff,
    0xf0, 0x2, 0xff, 0xff, 0x30, 0x0, 0x0, 0x0,
    0x0, 0x0, 0xa, 0xff, 0xfb, 0x0, 0xb, 0xff,
    0xfd, 0x0, 0x0, 0x0, 0x0, 0x0, 0x5, 0xff,
    0xff, 0x40, 0x0, 0x2f, 0xff, 0xfc, 0x10, 0x0,
    0x0, 0x0, 0x5, 0xff, 0xff, 0xb0, 0x0, 0x0,
    0x7f, 0xff, 0xfe, 0x60, 0x0, 0x0, 0x29, 0xff,
    0xff, 0xf2, 0x0, 0x0, 0x0, 0xaf, 0xff, 0xff,
    0xfc, 0xbb, 0xdf, 0xff, 0xff, 0xf4, 0x0, 0x0,
    0x0, 0x0, 0x9f, 0xff, 0xff, 0xff, 0xff, 0xff,
    0xff, 0xe4, 0x0, 0x0, 0x0, 0x0, 0x0, 0x4c,
    0xff, 0xff, 0xff, 0xff, 0xff, 0xa1, 0x0, 0x0,
    0x0, 0x0, 0x0, 0x0, 0x3, 0x9c, 0xef, 0xfe,
    0xb7, 0x10, 0x0, 0x0, 0x0,

    /* U+0050 "P" */
    0x1f, 0xff, 0xff, 0xff, 0xff, 0xfe, 0xc9, 0x40,
    0x0, 0x0, 0x1f, 0xff, 0xff, 0xff, 0xff, 0xff,
    0xff, 0xfc, 0x20, 0x0, 0x1f, 0xff, 0xff, 0xff,
    0xff, 0xff, 0xff, 0xff, 0xe3, 0x0, 0x1f, 0xff,
    0xf7, 0x77, 0x77, 0x79, 0xef, 0xff, 0xfe, 0x0,
    0x1f, 0xff, 0xe0, 0x0, 0x0, 0x0, 0x7, 0xff,
    0xff, 0x70, 0x1f, 0xff, 0xe0, 0x0, 0x0, 0x0,
    0x0, 0x8f, 0xff, 0xd0, 0x1f, 0xff, 0xe0, 0x0,
    0x0, 0x0, 0x0, 0x1f, 0xff, 0xf2, 0x1f, 0xff,
    0xe0, 0x0, 0x0, 0x0, 0x0, 0xc, 0xff, 0xf4,
    0x1f, 0xff, 0xe0, 0x0, 0x0, 0x0, 0x0, 0xb,
    0xff, 0xf5, 0x1f, 0xff, 0xe0, 0x0, 0x0, 0x0,
    0x0, 0xc, 0xff, 0xf4, 0x1f, 0xff, 0xe0, 0x0,
    0x0, 0x0, 0x0, 0x1f, 0xff, 0xf2, 0x1f, 0xff,
    0xe0, 0x0, 0x0, 0x0, 0x0, 0x8f, 0xff, 0xe0,
    0x1f, 0xff, 0xe0, 0x0, 0x0, 0x0, 0x6, 0xff,
    0xff, 0x70, 0x1f, 0xff, 0xf6, 0x66, 0x66, 0x79,
    0xdf, 0xff, 0xfe, 0x0, 0x1f, 0xff, 0xff, 0xff,
    0xff, 0xff, 0xff, 0xff, 0xe3, 0x0, 0x1f, 0xff,
    0xff, 0xff, 0xff, 0xff, 0xff, 0xfc, 0x20, 0x0,
    0x1f, 0xff, 0xff, 0xff, 0xff, 0xff, 0xc9, 0x40,
    0x0, 0x0, 0x1f, 0xff, 0xe0, 0x0, 0x0, 0x0,
    0x0, 0x0, 0x0, 0x0, 0x1f, 0xff, 0xe0, 0x0,
    0x0, 0x0, 0x0, 0x0, 0x0, 0x0, 0x1f, 0xff,
    0xe0, 0x0, 0x0, 0x0, 0x0, 0x0, 0x0, 0x0,
    0x1f, 0xff, 0xe0, 0x0, 0x0, 0x0, 0x0, 0x0,
    0x0, 0x0, 0x1f, 0xff, 0xe0, 0x0, 0x0, 0x0,
    0x0, 0x0, 0x0, 0x0, 0x1f, 0xff, 0xe0, 0x0,
    0x0, 0x0, 0x0, 0x0, 0x0, 0x0, 0x1f, 0xff,
    0xe0, 0x0, 0x0, 0x0, 0x0, 0x0, 0x0, 0x0,
    0x1f, 0xff, 0xe0, 0x0, 0x0, 0x0, 0x0, 0x0,
    0x0, 0x0, 0x1f, 0xff, 0xe0, 0x0, 0x0, 0x0,
    0x0, 0x0, 0x0, 0x0,

    /* U+0051 "Q" */
    0x0, 0x0, 0x0, 0x0, 0x39, 0xce, 0xff, 0xeb,
    0x71, 0x0, 0x0, 0x0, 0x0, 0x0, 0x0, 0x4,
    0xcf, 0xff, 0xff, 0xff, 0xff, 0xf9, 0x10, 0x0,
    0x0, 0x0, 0x0, 0x9, 0xff, 0xff, 0xff, 0xff,
    0xff, 0xff, 0xfe, 0x40, 0x0, 0x0, 0x0, 0xa,
    0xff, 0xff, 0xff, 0xcb, 0xbd, 0xff, 0xff, 0xff,
    0x40, 0x0, 0x0, 0x7, 0xff, 0xff, 0xe6, 0x0,
    0x0, 0x2, 0x9f, 0xff, 0xff, 0x20, 0x0, 0x2,
    0xff, 0xff, 0xb1, 0x0, 0x0, 0x0, 0x0, 0x4f,
    0xff, 0xfb, 0x0, 0x0, 0xaf, 0xff, 0xd0, 0x0,
    0x0, 0x0, 0x0, 0x0, 0x4f, 0xff, 0xf4, 0x0,
    0x1f, 0xff, 0xf3, 0x0, 0x0, 0x0, 0x0, 0x0,
    0x0, 0xaf, 0xff, 0xb0, 0x6, 0xff, 0xfb, 0x0,
    0x0, 0x0, 0x0, 0x0, 0x0, 0x2, 0xff, 0xff,
    0x0, 0xaf, 0xff, 0x60, 0x0, 0x0, 0x0, 0x0,
    0x0, 0x0, 0xc, 0xff, 0xf4, 0xd, 0xff, 0xf2,
    0x0, 0x0, 0x0, 0x0, 0x0, 0x0, 0x0, 0x9f,
    0xff, 0x60, 0xff, 0xff, 0x0, 0x0, 0x0, 0x0,
    0x0, 0x0, 0x0, 0x7, 0xff, 0xf8, 0xf, 0xff,
    0xf0, 0x0, 0x0, 0x0, 0x0, 0x0, 0x0, 0x0,
    0x6f, 0xff, 0x90, 0xff, 0xff, 0x0, 0x0, 0x0,
    0x0, 0x0, 0x0, 0x0, 0x6, 0xff, 0xf9, 0xf,
    0xff, 0xf0, 0x0, 0x0, 0x0, 0x0, 0x0, 0x0,
    0x0, 0x7f, 0xff, 0x80, 0xdf, 0xff, 0x20, 0x0,
    0x0, 0x0, 0x0, 0x0, 0x0, 0x9, 0xff, 0xf6,
    0xa, 0xff, 0xf6, 0x0, 0x0, 0x0, 0x0, 0x0,
    0x0, 0x0, 0xdf, 0xff, 0x30, 0x6f, 0xff, 0xb0,
    0x0, 0x0, 0x29, 0x99, 0x50, 0x0, 0x2f, 0xff,
    0xf0, 0x2, 0xff, 0xff, 0x30, 0x0, 0x0, 0x9f,
    0xff, 0x40, 0xa, 0xff, 0xfa, 0x0, 0xb, 0xff,
    0xfd, 0x0, 0x0, 0x0, 0xcf, 0xfe, 0x24, 0xff,
    0xff, 0x30, 0x0, 0x2f, 0xff, 0xfc, 0x10, 0x0,
    0x1, 0xef, 0xfd, 0xff, 0xff, 0xa0, 0x0, 0x0,
    0x7f, 0xff, 0xfe, 0x60, 0x0, 0x3, 0xff, 0xff,
    0xff, 0xe1, 0x0, 0x0, 0x0, 0xaf, 0xff, 0xff,
    0xfc, 0xbb, 0xdf, 0xff, 0xff, 0xe2, 0x0, 0x0,
    0x0, 0x0, 0x9f, 0xff, 0xff, 0xff, 0xff, 0xff,
    0xff, 0xf6, 0x0, 0x0, 0x0, 0x0, 0x0, 0x4c,
    0xff, 0xff, 0xff, 0xff, 0xff, 0xff, 0xe1, 0x0,
    0x0, 0x0, 0x0, 0x0, 0x3, 0x9c, 0xef, 0xfd,
    0xa6, 0x4f, 0xff, 0xc0, 0x0, 0x0, 0x0, 0x0,
    0x0, 0x0, 0x0, 0x0, 0x0, 0x0, 0x6f, 0xff,
    0x90, 0x0, 0x0, 0x0, 0x0, 0x0, 0x0, 0x0,
    0x0, 0x0, 0x0, 0xaf, 0xff, 0x50,

    /* U+0052 "R" */
    0x1f, 0xff, 0xff, 0xff, 0xff, 0xff, 0xd9, 0x40,
    0x0, 0x0, 0x1, 0xff, 0xff, 0xff, 0xff, 0xff,
    0xff, 0xff, 0xd3, 0x0, 0x0, 0x1f, 0xff, 0xff,
    0xff, 0xff, 0xff, 0xff, 0xff, 0xf5, 0x0, 0x1,
    0xff, 0xff, 0x77, 0x77, 0x77, 0x9d, 0xff, 0xff,
    0xf2, 0x0, 0x1f, 0xff, 0xe0, 0x0, 0x0, 0x0,
    0x5, 0xff, 0xff, 0x90, 0x1, 0xff, 0xfe, 0x0,
    0x0, 0x0, 0x0, 0x6, 0xff, 0xff, 0x0, 0x1f,
    0xff, 0xe0, 0x0, 0x0, 0x0, 0x0, 0xe, 0xff,
    0xf2, 0x1, 0xff, 0xfe, 0x0, 0x0, 0x0, 0x0,
    0x0, 0xcf, 0xff, 0x40, 0x1f, 0xff, 0xe0, 0x0,
    0x0, 0x0, 0x0, 0xb, 0xff, 0xf5, 0x1, 0xff,
    0xfe, 0x0, 0x0, 0x0, 0x0, 0x0, 0xef, 0xff,
    0x30, 0x1f, 0xff, 0xe0, 0x0, 0x0, 0x0, 0x0,
    0x5f, 0xff, 0xf0, 0x1, 0xff, 0xfe, 0x0, 0x0,
    0x0, 0x0, 0x4e, 0xff, 0xfa, 0x0, 0x1f, 0xff,
    0xf7, 0x77, 0x77, 0x79, 0xdf, 0xff, 0xff, 0x20,
    0x1, 0xff, 0xff, 0xff, 0xff, 0xff, 0xff, 0xff,
    0xff, 0x60, 0x0, 0x1f, 0xff, 0xff, 0xff, 0xff,
    0xff, 0xff, 0xfd, 0x40, 0x0, 0x1, 0xff, 0xff,
    0xff, 0xff, 0xff, 0xff, 0xfc, 0x0, 0x0, 0x0,
    0x1f, 0xff, 0xe0, 0x0, 0x0, 0x4f, 0xff, 0xf3,
    0x0, 0x0, 0x1, 0xff, 0xfe, 0x0, 0x0, 0x0,
    0xbf, 0xff, 0xc0, 0x0, 0x0, 0x1f, 0xff, 0xe0,
    0x0, 0x0, 0x3, 0xff, 0xff, 0x40, 0x0, 0x1,
    0xff, 0xfe, 0x0, 0x0, 0x0, 0xa, 0xff, 0xfd,
    0x0, 0x0, 0x1f, 0xff, 0xe0, 0x0, 0x0, 0x0,
    0x2f, 0xff, 0xf6, 0x0, 0x1, 0xff, 0xfe, 0x0,
    0x0, 0x0, 0x0, 0x9f, 0xff, 0xe0, 0x0, 0x1f,
    0xff, 0xe0, 0x0, 0x0, 0x0, 0x1, 0xff, 0xff,
    0x70, 0x1, 0xff, 0xfe, 0x0, 0x0, 0x0, 0x0,
    0x8, 0xff, 0xfe, 0x10, 0x1f, 0xff, 0xe0, 0x0,
    0x0, 0x0, 0x0, 0x1e, 0xff, 0xf8, 0x1, 0xff,
    0xfe, 0x0, 0x0, 0x0, 0x0, 0x0, 0x7f, 0xff,
    0xf1,

    /* U+0053 "S" */
    0x0, 0x0, 0x0, 0x38, 0xce, 0xff, 0xdb, 0x61,
    0x0, 0x0, 0x0, 0x0, 0x2, 0xbf, 0xff, 0xff,
    0xff, 0xff, 0xf8, 0x0, 0x0, 0x0, 0x4, 0xff,
    0xff, 0xff, 0xff, 0xff, 0xff, 0xfd, 0x10, 0x0,
    0x3, 0xff, 0xff, 0xfd, 0x98, 0x9b, 0xff, 0xff,
    0xfc, 0x0, 0x0, 0xdf, 0xff, 0xe3, 0x0, 0x0,
    0x1, 0x7f, 0xff, 0xf6, 0x0, 0x3f, 0xff, 0xf2,
    0x0, 0x0, 0x0, 0x0, 0x7f, 0xff, 0xc0, 0x5,
    0xff, 0xfb, 0x0, 0x0, 0x0, 0x0, 0x0, 0xff,
    0xff, 0x0, 0x6f, 0xff, 0xa0, 0x0, 0x0, 0x0,
    0x0, 0x1, 0x11, 0x10, 0x4, 0xff, 0xfe, 0x0,
    0x0, 0x0, 0x0, 0x0, 0x0, 0x0, 0x0, 0xe,
    0xff, 0xfc, 0x10, 0x0, 0x0, 0x0, 0x0, 0x0,
    0x0, 0x0, 0x6f, 0xff, 0xff, 0xa5, 0x0, 0x0,
    0x0, 0x0, 0x0, 0x0, 0x0, 0x7f, 0xff, 0xff,
    0xff, 0xc8, 0x30, 0x0, 0x0, 0x0, 0x0, 0x0,
    0x3c, 0xff, 0xff, 0xff, 0xff, 0xe8, 0x10, 0x0,
    0x0, 0x0, 0x0, 0x3, 0x9d, 0xff, 0xff, 0xff,
    0xff, 0x80, 0x0, 0x0, 0x0, 0x0, 0x0, 0x2,
    0x6a, 0xff, 0xff, 0xff, 0xb0, 0x0, 0x0, 0x0,
    0x0, 0x0, 0x0, 0x0, 0x5c, 0xff, 0xff, 0x70,
    0x0, 0x0, 0x0, 0x0, 0x0, 0x0, 0x0, 0x6,
    0xff, 0xff, 0x0, 0x0, 0x0, 0x0, 0x0, 0x0,
    0x0, 0x0, 0xb, 0xff, 0xf4, 0x8, 0x88, 0x70,
    0x0, 0x0, 0x0, 0x0, 0x0, 0x9f, 0xff, 0x50,
    0xff, 0xff, 0x10, 0x0, 0x0, 0x0, 0x0, 0xc,
    0xff, 0xf5, 0xc, 0xff, 0xfa, 0x0, 0x0, 0x0,
    0x0, 0x4, 0xff, 0xff, 0x20, 0x5f, 0xff, 0xfa,
    0x30, 0x0, 0x0, 0x7, 0xff, 0xff, 0xc0, 0x0,
    0xcf, 0xff, 0xff, 0xda, 0x89, 0xbf, 0xff, 0xff,
    0xf3, 0x0, 0x1, 0xcf, 0xff, 0xff, 0xff, 0xff,
    0xff, 0xff, 0xf5, 0x0, 0x0, 0x0, 0x8f, 0xff,
    0xff, 0xff, 0xff, 0xff, 0xc3, 0x0, 0x0, 0x0,
    0x0, 0x16, 0xad, 0xef, 0xed, 0xb7, 0x30, 0x0,
    0x0,

    /* U+0054 "T" */
    0x6f, 0xff, 0xff, 0xff, 0xff, 0xff, 0xff, 0xff,
    0xff, 0xff, 0xe6, 0xff, 0xff, 0xff, 0xff, 0xff,
    0xff, 0xff, 0xff, 0xff, 0xfe, 0x6f, 0xff, 0xff,
    0xff, 0xff, 0xff, 0xff, 0xff, 0xff, 0xff, 0xe3,
    0x77, 0x77, 0x77, 0x79, 0xff, 0xfe, 0x77, 0x77,
    0x77, 0x76, 0x0, 0x0, 0x0, 0x0, 0x4f, 0xff,
    0xc0, 0x0, 0x0, 0x0, 0x0, 0x0, 0x0, 0x0,
    0x4, 0xff, 0xfc, 0x0, 0x0, 0x0, 0x0, 0x0,
    0x0, 0x0, 0x0, 0x4f, 0xff, 0xc0, 0x0, 0x0,
    0x0, 0x0, 0x0, 0x0, 0x0, 0x4, 0xff, 0xfc,
    0x0, 0x0, 0x0, 0x0, 0x0, 0x0, 0x0, 0x0,
    0x4f, 0xff, 0xc0, 0x0, 0x0, 0x0, 0x0, 0x0,
    0x0, 0x0, 0x4, 0xff, 0xfc, 0x0, 0x0, 0x0,
    0x0, 0x0, 0x0, 0x0, 0x0, 0x4f, 0xff, 0xc0,
    0x0, 0x0, 0x0, 0x0, 0x0, 0x0, 0x0, 0x4,
    0xff, 0xfc, 0x0, 0x0, 0x0, 0x0, 0x0, 0x0,
    0x0, 0x0, 0x4f, 0xff, 0xc0, 0x0, 0x0, 0x0,
    0x0, 0x0, 0x0, 0x0, 0x4, 0xff, 0xfc, 0x0,
    0x0, 0x0, 0x0, 0x0, 0x0, 0x0, 0x0, 0x4f,
    0xff, 0xc0, 0x0, 0x0, 0x0, 0x0, 0x0, 0x0,
    0x0, 0x4, 0xff, 0xfc, 0x0, 0x0, 0x0, 0x0,
    0x0, 0x0, 0x0, 0x0, 0x4f, 0xff, 0xc0, 0x0,
    0x0, 0x0, 0x0, 0x0, 0x0, 0x0, 0x4, 0xff,
    0xfc, 0x0, 0x0, 0x0, 0x0, 0x0, 0x0, 0x0,
    0x0, 0x4f, 0xff, 0xc0, 0x0, 0x0, 0x0, 0x0,
    0x0, 0x0, 0x0, 0x4, 0xff, 0xfc, 0x0, 0x0,
    0x0, 0x0, 0x0, 0x0, 0x0, 0x0, 0x4f, 0xff,
    0xc0, 0x0, 0x0, 0x0, 0x0, 0x0, 0x0, 0x0,
    0x4, 0xff, 0xfc, 0x0, 0x0, 0x0, 0x0, 0x0,
    0x0, 0x0, 0x0, 0x4f, 0xff, 0xc0, 0x0, 0x0,
    0x0, 0x0, 0x0, 0x0, 0x0, 0x4, 0xff, 0xfc,
    0x0, 0x0, 0x0, 0x0, 0x0, 0x0, 0x0, 0x0,
    0x4f, 0xff, 0xc0, 0x0, 0x0, 0x0, 0x0, 0x0,
    0x0, 0x0, 0x4, 0xff, 0xfc, 0x0, 0x0, 0x0,
    0x0,

    /* U+0055 "U" */
    0x1f, 0xff, 0xe0, 0x0, 0x0, 0x0, 0x0, 0x0,
    0x4, 0xff, 0xfc, 0x1f, 0xff, 0xe0, 0x0, 0x0,
    0x0, 0x0, 0x0, 0x4, 0xff, 0xfc, 0x1f, 0xff,
    0xe0, 0x0, 0x0, 0x0, 0x0, 0x0, 0x4, 0xff,
    0xfc, 0x1f, 0xff, 0xe0, 0x0, 0x0, 0x0, 0x0,
    0x0, 0x4, 0xff, 0xfc, 0x1f, 0xff, 0xe0, 0x0,
    0x0, 0x0, 0x0, 0x0, 0x4, 0xff, 0xfc, 0x1f,
    0xff, 0xe0, 0x0, 0x0, 0x0, 0x0, 0x0, 0x4,
    0xff, 0xfc, 0x1f, 0xff, 0xe0, 0x0, 0x0, 0x0,
    0x0, 0x0, 0x4, 0xff, 0xfc, 0x1f, 0xff, 0xe0,
    0x0, 0x0, 0x0, 0x0, 0x0, 0x4, 0xff, 0xfc,
    0x1f, 0xff, 0xe0, 0x0, 0x0, 0x0, 0x0, 0x0,
    0x4, 0xff, 0xfc, 0x1f, 0xff, 0xe0, 0x0, 0x0,
    0x0, 0x0, 0x0, 0x4, 0xff, 0xfc, 0x1f, 0xff,
    0xe0, 0x0, 0x0, 0x0, 0x0, 0x0, 0x4, 0xff,
    0xfc, 0x1f, 0xff, 0xe0, 0x0, 0x0, 0x0, 0x0,
    0x0, 0x4, 0xff, 0xfc, 0x1f, 0xff, 0xe0, 0x0,
    0x0, 0x0, 0x0, 0x0, 0x4, 0xff, 0xfc, 0x1f,
    0xff, 0xe0, 0x0, 0x0, 0x0, 0x0, 0x0, 0x4,
    0xff, 0xfc, 0x1f, 0xff, 0xe0, 0x0, 0x0, 0x0,
    0x0, 0x0, 0x4, 0xff, 0xfc, 0x1f, 0xff, 0xe0,
    0x0, 0x0, 0x0, 0x0, 0x0, 0x4, 0xff, 0xfc,
    0x1f, 0xff, 0xe0, 0x0, 0x0, 0x0, 0x0, 0x0,
    0x4, 0xff, 0xfb, 0xf, 0xff, 0xf0, 0x0, 0x0,
    0x0, 0x0, 0x0, 0x6, 0xff, 0xfb, 0xe, 0xff,
    0xf4, 0x0, 0x0, 0x0, 0x0, 0x0, 0xa, 0xff,
    0xf9, 0xb, 0xff, 0xfb, 0x0, 0x0, 0x0, 0x0,
    0x0, 0x2f, 0xff, 0xf5, 0x5, 0xff, 0xff, 0x80,
    0x0, 0x0, 0x0, 0x1, 0xcf, 0xff, 0xf0, 0x0,
    0xdf, 0xff, 0xfa, 0x20, 0x0, 0x0, 0x5d, 0xff,
    0xff, 0x70, 0x0, 0x2f, 0xff, 0xff, 0xfd, 0xba,
    0xbf, 0xff, 0xff, 0xfb, 0x0, 0x0, 0x3, 0xef,
    0xff, 0xff, 0xff, 0xff, 0xff, 0xff, 0xb0, 0x0,
    0x0, 0x0, 0x1a, 0xff, 0xff, 0xff, 0xff, 0xff,
    0xe6, 0x0, 0x0, 0x0, 0x0, 0x0, 0x17, 0xbe,
    0xff, 0xfd, 0xa5, 0x0, 0x0, 0x0,

    /* U+0056 "V" */
    0xe, 0xff, 0xf6, 0x0, 0x0, 0x0, 0x0, 0x0,
    0x0, 0x0, 0xef, 0xff, 0x70, 0x9f, 0xff, 0xb0,
    0x0, 0x0, 0x0, 0x0, 0x0, 0x0, 0x3f, 0xff,
    0xf1, 0x3, 0xff, 0xff, 0x10, 0x0, 0x0, 0x0,
    0x0, 0x0, 0x9, 0xff, 0xfb, 0x0, 0xd, 0xff,
    0xf7, 0x0, 0x0, 0x0, 0x0, 0x0, 0x0, 0xef,
    0xff, 0x50, 0x0, 0x7f, 0xff, 0xc0, 0x0, 0x0,
    0x0, 0x0, 0x0, 0x4f, 0xff, 0xf0, 0x0, 0x1,
    0xff, 0xff, 0x20, 0x0, 0x0, 0x0, 0x0, 0x9,
    0xff, 0xfa, 0x0, 0x0, 0xb, 0xff, 0xf8, 0x0,
    0x0, 0x0, 0x0, 0x0, 0xef, 0xff, 0x40, 0x0,
    0x0, 0x6f, 0xff, 0xd0, 0x0, 0x0, 0x0, 0x0,
    0x4f, 0xff, 0xe0, 0x0, 0x0, 0x0, 0xff, 0xff,
    0x30, 0x0, 0x0, 0x0, 0xa, 0xff, 0xf9, 0x0,
    0x0, 0x0, 0xa, 0xff, 0xf9, 0x0, 0x0, 0x0,
    0x0, 0xff, 0xff, 0x30, 0x0, 0x0, 0x0, 0x4f,
    0xff, 0xe0, 0x0, 0x0, 0x0, 0x5f, 0xff, 0xd0,
    0x0, 0x0, 0x0, 0x0, 0xef, 0xff, 0x40, 0x0,
    0x0, 0xa, 0xff, 0xf7, 0x0, 0x0, 0x0, 0x0,
    0x8, 0xff, 0xf9, 0x0, 0x0, 0x0, 0xff, 0xff,
    0x20, 0x0, 0x0, 0x0, 0x0, 0x3f, 0xff, 0xf0,
    0x0, 0x0, 0x5f, 0xff, 0xc0, 0x0, 0x0, 0x0,
    0x0, 0x0, 0xdf, 0xff, 0x50, 0x0, 0xa, 0xff,
    0xf6, 0x0, 0x0, 0x0, 0x0, 0x0, 0x7, 0xff,
    0xfa, 0x0, 0x0, 0xff, 0xff, 0x10, 0x0, 0x0,
    0x0, 0x0, 0x0, 0x1f, 0xff, 0xf0, 0x0, 0x4f,
    0xff, 0xb0, 0x0, 0x0, 0x0, 0x0, 0x0, 0x0,
    0xbf, 0xff, 0x40, 0x9, 0xff, 0xf5, 0x0, 0x0,
    0x0, 0x0, 0x0, 0x0, 0x5, 0xff, 0xf9, 0x0,
    0xef, 0xff, 0x0, 0x0, 0x0, 0x0, 0x0, 0x0,
    0x0, 0xf, 0xff, 0xe0, 0x3f, 0xff, 0x90, 0x0,
    0x0, 0x0, 0x0, 0x0, 0x0, 0x0, 0xaf, 0xff,
    0x27, 0xff, 0xf4, 0x0, 0x0, 0x0, 0x0, 0x0,
    0x0, 0x0, 0x4, 0xff, 0xf7, 0xcf, 0xfe, 0x0,
    0x0, 0x0, 0x0, 0x0, 0x0, 0x0, 0x0, 0xe,
    0xff, 0xdf, 0xff, 0x80, 0x0, 0x0, 0x0, 0x0,
    0x0, 0x0, 0x0, 0x0, 0x8f, 0xff, 0xff, 0xf2,
    0x0, 0x0, 0x0, 0x0, 0x0, 0x0, 0x0, 0x0,
    0x2, 0xff, 0xff, 0xfd, 0x0, 0x0, 0x0, 0x0,
    0x0, 0x0, 0x0, 0x0, 0x0, 0xc, 0xff, 0xff,
    0x70, 0x0, 0x0, 0x0, 0x0,

    /* U+0057 "W" */
    0xf, 0xff, 0xf3, 0x0, 0x0, 0x0, 0x0, 0x4,
    0xff, 0xff, 0x60, 0x0, 0x0, 0x0, 0x0, 0x2f,
    0xff, 0xf1, 0xb, 0xff, 0xf7, 0x0, 0x0, 0x0,
    0x0, 0x8, 0xff, 0xff, 0xa0, 0x0, 0x0, 0x0,
    0x0, 0x6f, 0xff, 0xc0, 0x6, 0xff, 0xfb, 0x0,
    0x0, 0x0, 0x0, 0xc, 0xff, 0xff, 0xe0, 0x0,
    0x0, 0x0, 0x0, 0xaf, 0xff, 0x80, 0x2, 0xff,
    0xff, 0x0, 0x0, 0x0, 0x0, 0x1f, 0xff, 0xff,
    0xf2, 0x0, 0x0, 0x0, 0x0, 0xef, 0xff, 0x30,
    0x0, 0xef, 0xff, 0x30, 0x0, 0x0, 0x0, 0x5f,
    0xff, 0xff, 0xf6, 0x0, 0x0, 0x0, 0x3, 0xff,
    0xff, 0x0, 0x0, 0x9f, 0xff, 0x80, 0x0, 0x0,
    0x0, 0x9f, 0xfd, 0xcf, 0xfa, 0x0, 0x0, 0x0,
    0x7, 0xff, 0xfb, 0x0, 0x0, 0x5f, 0xff, 0xc0,
    0x0, 0x0, 0x0, 0xdf, 0xfa, 0x9f, 0xfe, 0x0,
    0x0, 0x0, 0xb, 0xff, 0xf6, 0x0, 0x0, 0x1f,
    0xff, 0xf0, 0x0, 0x0, 0x1, 0xff, 0xf7, 0x6f,
    0xff, 0x20, 0x0, 0x0, 0xf, 0xff, 0xf2, 0x0,
    0x0, 0xc, 0xff, 0xf4, 0x0, 0x0, 0x5, 0xff,
    0xf4, 0x3f, 0xff, 0x70, 0x0, 0x0, 0x3f, 0xff,
    0xd0, 0x0, 0x0, 0x8, 0xff, 0xf8, 0x0, 0x0,
    0x9, 0xff, 0xf0, 0xf, 0xff, 0xb0, 0x0, 0x0,
    0x7f, 0xff, 0x90, 0x0, 0x0, 0x3, 0xff, 0xfc,
    0x0, 0x0, 0xe, 0xff, 0xc0, 0xb, 0xff, 0xf0,
    0x0, 0x0, 0xbf, 0xff, 0x50, 0x0, 0x0, 0x0,
    0xff, 0xff, 0x0, 0x0, 0x2f, 0xff, 0x80, 0x7,
    0xff, 0xf3, 0x0, 0x0, 0xff, 0xff, 0x10, 0x0,
    0x0, 0x0, 0xbf, 0xff, 0x40, 0x0, 0x6f, 0xff,
    0x40, 0x3, 0xff, 0xf7, 0x0, 0x3, 0xff, 0xfc,
    0x0, 0x0, 0x0, 0x0, 0x6f, 0xff, 0x80, 0x0,
    0xaf, 0xff, 0x0, 0x0, 0xef, 0xfb, 0x0, 0x7,
    0xff, 0xf8, 0x0, 0x0, 0x0, 0x0, 0x2f, 0xff,
    0xc0, 0x0, 0xef, 0xfb, 0x0, 0x0, 0xaf, 0xff,
    0x0, 0xb, 0xff, 0xf3, 0x0, 0x0, 0x0, 0x0,
    0xd, 0xff, 0xf0, 0x2, 0xff, 0xf7, 0x0, 0x0,
    0x6f, 0xff, 0x30, 0xf, 0xff, 0xf0, 0x0, 0x0,
    0x0, 0x0, 0x9, 0xff, 0xf3, 0x6, 0xff, 0xf3,
    0x0, 0x0, 0x1f, 0xff, 0x70, 0x2f, 0xff, 0xa0,
    0x0, 0x0, 0x0, 0x0, 0x5, 0xff, 0xf7, 0xa,
    0xff, 0xe0, 0x0, 0x0, 0xd, 0xff, 0xb0, 0x6f,
    0xff, 0x60, 0x0, 0x0, 0x0, 0x0, 0x1, 0xff,
    0xfb, 0xd, 0xff, 0xa0, 0x0, 0x0, 0x9, 0xff,
    0xe0, 0x9f, 0xff, 0x20, 0x0, 0x0, 0x0, 0x0,
    0x0, 0xcf, 0xfe, 0x1f, 0xff, 0x60, 0x0, 0x0,
    0x4, 0xff, 0xf2, 0xdf, 0xfd, 0x0, 0x0, 0x0,
    0x0, 0x0, 0x0, 0x8f, 0xff, 0x5f, 0xff, 0x10,
    0x0, 0x0, 0x0, 0xff, 0xf6, 0xff, 0xf9, 0x0,
    0x0, 0x0, 0x0, 0x0, 0x0, 0x3f, 0xff, 0xbf,
    0xfd, 0x0, 0x0, 0x0, 0x0, 0xcf, 0xfc, 0xff,
    0xf4, 0x0, 0x0, 0x0, 0x0, 0x0, 0x0, 0xf,
    0xff, 0xff, 0xf9, 0x0, 0x0, 0x0, 0x0, 0x7f,
    0xff, 0xff, 0xf0, 0x0, 0x0, 0x0, 0x0, 0x0,
    0x0, 0xb, 0xff, 0xff, 0xf4, 0x0, 0x0, 0x0,
    0x0, 0x3f, 0xff, 0xff, 0xc0, 0x0, 0x0, 0x0,
    0x0, 0x0, 0x0, 0x6, 0xff, 0xff, 0xf0, 0x0,
    0x0, 0x0, 0x0, 0xf, 0xff, 0xff, 0x70, 0x0,
    0x0, 0x0, 0x0, 0x0, 0x0, 0x2, 0xff, 0xff,
    0xc0, 0x0, 0x0, 0x0, 0x0, 0xa, 0xff, 0xff,
    0x30, 0x0, 0x0, 0x0,

    /* U+0058 "X" */
    0x1, 0xef, 0xff, 0xa0, 0x0, 0x0, 0x0, 0x0,
    0x0, 0x3f, 0xff, 0xf5, 0x0, 0x5, 0xff, 0xff,
    0x40, 0x0, 0x0, 0x0, 0x0, 0xd, 0xff, 0xfa,
    0x0, 0x0, 0xa, 0xff, 0xfe, 0x10, 0x0, 0x0,
    0x0, 0x9, 0xff, 0xfe, 0x0, 0x0, 0x0, 0x1e,
    0xff, 0xfa, 0x0, 0x0, 0x0, 0x4, 0xff, 0xff,
    0x40, 0x0, 0x0, 0x0, 0x4f, 0xff, 0xf5, 0x0,
    0x0, 0x1, 0xef, 0xff, 0x80, 0x0, 0x0, 0x0,
    0x0, 0x9f, 0xff, 0xe1, 0x0, 0x0, 0xaf, 0xff,
    0xd0, 0x0, 0x0, 0x0, 0x0, 0x0, 0xdf, 0xff,
    0xa0, 0x0, 0x5f, 0xff, 0xf3, 0x0, 0x0, 0x0,
    0x0, 0x0, 0x3, 0xff, 0xff, 0x40, 0xe, 0xff,
    0xf7, 0x0, 0x0, 0x0, 0x0, 0x0, 0x0, 0x8,
    0xff, 0xfc, 0x8, 0xff, 0xfc, 0x0, 0x0, 0x0,
    0x0, 0x0, 0x0, 0x0, 0xc, 0xff, 0xf7, 0xff,
    0xff, 0x20, 0x0, 0x0, 0x0, 0x0, 0x0, 0x0,
    0x0, 0x2f, 0xff, 0xff, 0xff, 0x60, 0x0, 0x0,
    0x0, 0x0, 0x0, 0x0, 0x0, 0x0, 0x7f, 0xff,
    0xff, 0xb0, 0x0, 0x0, 0x0, 0x0, 0x0, 0x0,
    0x0, 0x0, 0x0, 0xdf, 0xff, 0xf2, 0x0, 0x0,
    0x0, 0x0, 0x0, 0x0, 0x0, 0x0, 0x0, 0x3f,
    0xff, 0xff, 0xa0, 0x0, 0x0, 0x0, 0x0, 0x0,
    0x0, 0x0, 0x0, 0xd, 0xff, 0xff, 0xff, 0x50,
    0x0, 0x0, 0x0, 0x0, 0x0, 0x0, 0x0, 0xa,
    0xff, 0xfc, 0xff, 0xfe, 0x10, 0x0, 0x0, 0x0,
    0x0, 0x0, 0x0, 0x5, 0xff, 0xfe, 0x1c, 0xff,
    0xfb, 0x0, 0x0, 0x0, 0x0, 0x0, 0x0, 0x1,
    0xef, 0xff, 0x60, 0x3f, 0xff, 0xf6, 0x0, 0x0,
    0x0, 0x0, 0x0, 0x0, 0xbf, 0xff, 0xc0, 0x0,
    0x8f, 0xff, 0xf2, 0x0, 0x0, 0x0, 0x0, 0x0,
    0x7f, 0xff, 0xf2, 0x0, 0x0, 0xdf, 0xff, 0xc0,
    0x0, 0x0, 0x0, 0x0, 0x2f, 0xff, 0xf6, 0x0,
    0x0, 0x3, 0xff, 0xff, 0x70, 0x0, 0x0, 0x0,
    0xd, 0xff, 0xfb, 0x0, 0x0, 0x0, 0x8, 0xff,
    0xff, 0x20, 0x0, 0x0, 0x9, 0xff, 0xfe, 0x10,
    0x0, 0x0, 0x0, 0xc, 0xff, 0xfd, 0x0, 0x0,
    0x4, 0xff, 0xff, 0x50, 0x0, 0x0, 0x0, 0x0,
    0x2f, 0xff, 0xf8, 0x0, 0x1, 0xef, 0xff, 0x90,
    0x0, 0x0, 0x0, 0x0, 0x0, 0x7f, 0xff, 0xf3,
    0x0, 0xaf, 0xff, 0xd0, 0x0, 0x0, 0x0, 0x0,
    0x0, 0x0, 0xcf, 0xff, 0xd0,

    /* U+0059 "Y" */
    0xc, 0xff, 0xfd, 0x0, 0x0, 0x0, 0x0, 0x0,
    0x0, 0xc, 0xff, 0xfd, 0x0, 0x3f, 0xff, 0xf7,
    0x0, 0x0, 0x0, 0x0, 0x0, 0x5, 0xff, 0xff,
    0x40, 0x0, 0x9f, 0xff, 0xf1, 0x0, 0x0, 0x0,
    0x0, 0x0, 0xef, 0xff, 0xa0, 0x0, 0x0, 0xef,
    0xff, 0xa0, 0x0, 0x0, 0x0, 0x0, 0x8f, 0xff,
    0xe1, 0x0, 0x0, 0x5, 0xff, 0xff, 0x30, 0x0,
    0x0, 0x0, 0x2f, 0xff, 0xf6, 0x0, 0x0, 0x0,
    0xb, 0xff, 0xfd, 0x0, 0x0, 0x0, 0xb, 0xff,
    0xfc, 0x0, 0x0, 0x0, 0x0, 0x2f, 0xff, 0xf6,
    0x0, 0x0, 0x4, 0xff, 0xff, 0x30, 0x0, 0x0,
    0x0, 0x0, 0x7f, 0xff, 0xf1, 0x0, 0x0, 0xdf,
    0xff, 0x90, 0x0, 0x0, 0x0, 0x0, 0x0, 0xdf,
    0xff, 0x90, 0x0, 0x7f, 0xff, 0xe0, 0x0, 0x0,
    0x0, 0x0, 0x0, 0x4, 0xff, 0xff, 0x30, 0x1f,
    0xff, 0xf5, 0x0, 0x0, 0x0, 0x0, 0x0, 0x0,
    0xa, 0xff, 0xfb, 0x9, 0xff, 0xfb, 0x0, 0x0,
    0x0, 0x0, 0x0, 0x0, 0x0, 0x1e, 0xff, 0xf4,
    0xff, 0xff, 0x20, 0x0, 0x0, 0x0, 0x0, 0x0,
    0x0, 0x0, 0x6f, 0xff, 0xff, 0xff, 0x70, 0x0,
    0x0, 0x0, 0x0, 0x0, 0x0, 0x0, 0x0, 0xcf,
    0xff, 0xff, 0xd0, 0x0, 0x0, 0x0, 0x0, 0x0,
    0x0, 0x0, 0x0, 0x2, 0xff, 0xff, 0xf4, 0x0,
    0x0, 0x0, 0x0, 0x0, 0x0, 0x0, 0x0, 0x0,
    0x9, 0xff, 0xfb, 0x0, 0x0, 0x0, 0x0, 0x0,
    0x0, 0x0, 0x0, 0x0, 0x0, 0x7f, 0xff, 0x90,
    0x0, 0x0, 0x0, 0x0, 0x0, 0x0, 0x0, 0x0,
    0x0, 0x7, 0xff, 0xf9, 0x0, 0x0, 0x0, 0x0,
    0x0, 0x0, 0x0, 0x0, 0x0, 0x0, 0x7f, 0xff,
    0x90, 0x0, 0x0, 0x0, 0x0, 0x0, 0x0, 0x0,
    0x0, 0x0, 0x7, 0xff, 0xf9, 0x0, 0x0, 0x0,
    0x0, 0x0, 0x0, 0x0, 0x0, 0x0, 0x0, 0x7f,
    0xff, 0x90, 0x0, 0x0, 0x0, 0x0, 0x0, 0x0,
    0x0, 0x0, 0x0, 0x7, 0xff, 0xf9, 0x0, 0x0,
    0x0, 0x0, 0x0, 0x0, 0x0, 0x0, 0x0, 0x0,
    0x7f, 0xff, 0x90, 0x0, 0x0, 0x0, 0x0, 0x0,
    0x0, 0x0, 0x0, 0x0, 0x7, 0xff, 0xf9, 0x0,
    0x0, 0x0, 0x0, 0x0, 0x0, 0x0, 0x0, 0x0,
    0x0, 0x7f, 0xff, 0x90, 0x0, 0x0, 0x0, 0x0,
    0x0, 0x0, 0x0, 0x0, 0x0, 0x7, 0xff, 0xf9,
    0x0, 0x0, 0x0, 0x0, 0x0,

    /* U+005A "Z" */
    0xef, 0xff, 0xff, 0xff, 0xff, 0xff, 0xff, 0xff,
    0xff, 0xde, 0xff, 0xff, 0xff, 0xff, 0xff, 0xff,
    0xff, 0xff, 0xfd, 0xef, 0xff, 0xff, 0xff, 0xff,
    0xff, 0xff, 0xff, 0xff, 0xd6, 0x66, 0x66, 0x66,
    0x66, 0x66, 0x66, 0x7f, 0xff, 0xf4, 0x0, 0x0,
    0x0, 0x0, 0x0, 0x0, 0x9, 0xff, 0xf9, 0x0,
    0x0, 0x0, 0x0, 0x0, 0x0, 0x6, 0xff, 0xfd,
    0x0, 0x0, 0x0, 0x0, 0x0, 0x0, 0x2, 0xff,
    0xff, 0x30, 0x0, 0x0, 0x0, 0x0, 0x0, 0x0,
    0xdf, 0xff, 0x80, 0x0, 0x0, 0x0, 0x0, 0x0,
    0x0, 0x8f, 0xff, 0xd0, 0x0, 0x0, 0x0, 0x0,
    0x0, 0x0, 0x3f, 0xff, 0xf2, 0x0, 0x0, 0x0,
    0x0, 0x0, 0x0, 0xd, 0xff, 0xf7, 0x0, 0x0,
    0x0, 0x0, 0x0, 0x0, 0x9, 0xff, 0xfc, 0x0,
    0x0, 0x0, 0x0, 0x0, 0x0, 0x4, 0xff, 0xff,
    0x20, 0x0, 0x0, 0x0, 0x0, 0x0, 0x1, 0xef,
    0xff, 0x60, 0x0, 0x0, 0x0, 0x0, 0x0, 0x0,
    0xaf, 0xff, 0xa0, 0x0, 0x0, 0x0, 0x0, 0x0,
    0x0, 0x5f, 0xff, 0xe1, 0x0, 0x0, 0x0, 0x0,
    0x0, 0x0, 0x1f, 0xff, 0xf4, 0x0, 0x0, 0x0,
    0x0, 0x0, 0x0, 0xb, 0xff, 0xf9, 0x0, 0x0,
    0x0, 0x0, 0x0, 0x0, 0x7, 0xff, 0xfd, 0x0,
    0x0, 0x0, 0x0, 0x0, 0x0, 0x2, 0xff, 0xff,
    0x30, 0x0, 0x0, 0x0, 0x0, 0x0, 0x0, 0xcf,
    0xff, 0x70, 0x0, 0x0, 0x0, 0x0, 0x0, 0x0,
    0x8f, 0xff, 0xa0, 0x0, 0x0, 0x0, 0x0, 0x0,
    0x0, 0x3f, 0xff, 0xf7, 0x66, 0x66, 0x66, 0x66,
    0x66, 0x66, 0x6c, 0xff, 0xff, 0xff, 0xff, 0xff,
    0xff, 0xff, 0xff, 0xff, 0xcf, 0xff, 0xff, 0xff,
    0xff, 0xff, 0xff, 0xff, 0xff, 0xfc, 0xff, 0xff,
    0xff, 0xff, 0xff, 0xff, 0xff, 0xff, 0xff,

    /* U+005B "[" */
    0x4f, 0xff, 0xff, 0xff, 0x34, 0xff, 0xff, 0xff,
    0xf3, 0x4f, 0xff, 0xff, 0xff, 0x34, 0xff, 0xf8,
    0x22, 0x20, 0x4f, 0xff, 0x60, 0x0, 0x4, 0xff,
    0xf6, 0x0, 0x0, 0x4f, 0xff, 0x60, 0x0, 0x4,
    0xff, 0xf6, 0x0, 0x0, 0x4f, 0xff, 0x60, 0x0,
    0x4, 0xff, 0xf6, 0x0, 0x0, 0x4f, 0xff, 0x60,
    0x0, 0x4, 0xff, 0xf6, 0x0, 0x0, 0x4f, 0xff,
    0x60, 0x0, 0x4, 0xff, 0xf6, 0x0, 0x0, 0x4f,
    0xff, 0x60, 0x0, 0x4, 0xff, 0xf6, 0x0, 0x0,
    0x4f, 0xff, 0x60, 0x0, 0x4, 0xff, 0xf6, 0x0,
    0x0, 0x4f, 0xff, 0x60, 0x0, 0x4, 0xff, 0xf6,
    0x0, 0x0, 0x4f, 0xff, 0x60, 0x0, 0x4, 0xff,
    0xf6, 0x0, 0x0, 0x4f, 0xff, 0x60, 0x0, 0x4,
    0xff, 0xf6, 0x0, 0x0, 0x4f, 0xff, 0x60, 0x0,
    0x4, 0xff, 0xf6, 0x0, 0x0, 0x4f, 0xff, 0x60,
    0x0, 0x4, 0xff, 0xf6, 0x0, 0x0, 0x4f, 0xff,
    0x60, 0x0, 0x4, 0xff, 0xf8, 0x22, 0x20, 0x4f,
    0xff, 0xff, 0xff, 0x34, 0xff, 0xff, 0xff, 0xf3,
    0x4f, 0xff, 0xff, 0xff, 0x30,

    /* U+005C "\\" */
    0x18, 0x88, 0x10, 0x0, 0x0, 0x0, 0x0, 0xff,
    0xf7, 0x0, 0x0, 0x0, 0x0, 0xc, 0xff, 0xb0,
    0x0, 0x0, 0x0, 0x0, 0x7f, 0xff, 0x0, 0x0,
    0x0, 0x0, 0x3, 0xff, 0xf3, 0x0, 0x0, 0x0,
    0x0, 0xf, 0xff, 0x80, 0x0, 0x0, 0x0, 0x0,
    0xbf, 0xfc, 0x0, 0x0, 0x0, 0x0, 0x6, 0xff,
    0xf0, 0x0, 0x0, 0x0, 0x0, 0x2f, 0xff, 0x50,
    0x0, 0x0, 0x0, 0x0, 0xef, 0xf9, 0x0, 0x0,
    0x0, 0x0, 0x9, 0xff, 0xd0, 0x0, 0x0, 0x0,
    0x0, 0x5f, 0xff, 0x10, 0x0, 0x0, 0x0, 0x1,
    0xff, 0xf6, 0x0, 0x0, 0x0, 0x0, 0xd, 0xff,
    0xa0, 0x0, 0x0, 0x0, 0x0, 0x8f, 0xfe, 0x0,
    0x0, 0x0, 0x0, 0x4, 0xff, 0xf3, 0x0, 0x0,
    0x0, 0x0, 0xf, 0xff, 0x70, 0x0, 0x0, 0x0,
    0x0, 0xbf, 0xfb, 0x0, 0x0, 0x0, 0x0, 0x7,
    0xff, 0xf0, 0x0, 0x0, 0x0, 0x0, 0x3f, 0xff,
    0x40, 0x0, 0x0, 0x0, 0x0, 0xef, 0xf8, 0x0,
    0x0, 0x0, 0x0, 0xa, 0xff, 0xc0, 0x0, 0x0,
    0x0, 0x0, 0x6f, 0xff, 0x10, 0x0, 0x0, 0x0,
    0x2, 0xff, 0xf5, 0x0, 0x0, 0x0, 0x0, 0xd,
    0xff, 0x90, 0x0, 0x0, 0x0, 0x0, 0x9f, 0xfd,
    0x0, 0x0, 0x0, 0x0, 0x5, 0xff, 0xf2, 0x0,
    0x0, 0x0, 0x0, 0x1f, 0xff, 0x60, 0x0, 0x0,
    0x0, 0x0, 0xcf, 0xfa, 0x0, 0x0, 0x0, 0x0,
    0x8, 0xff, 0xe0, 0x0, 0x0, 0x0, 0x0, 0x4f,
    0xff, 0x30, 0x0, 0x0, 0x0, 0x0, 0xff, 0xf7,

    /* U+005D "]" */
    0xff, 0xff, 0xff, 0xf9, 0xff, 0xff, 0xff, 0xf9,
    0xff, 0xff, 0xff, 0xf9, 0x22, 0x24, 0xff, 0xf9,
    0x0, 0x2, 0xff, 0xf9, 0x0, 0x2, 0xff, 0xf9,
    0x0, 0x2, 0xff, 0xf9, 0x0, 0x2, 0xff, 0xf9,
    0x0, 0x2, 0xff, 0xf9, 0x0, 0x2, 0xff, 0xf9,
    0x0, 0x2, 0xff, 0xf9, 0x0, 0x2, 0xff, 0xf9,
    0x0, 0x2, 0xff, 0xf9, 0x0, 0x2, 0xff, 0xf9,
    0x0, 0x2, 0xff, 0xf9, 0x0, 0x2, 0xff, 0xf9,
    0x0, 0x2, 0xff, 0xf9, 0x0, 0x2, 0xff, 0xf9,
    0x0, 0x2, 0xff, 0xf9, 0x0, 0x2, 0xff, 0xf9,
    0x0, 0x2, 0xff, 0xf9, 0x0, 0x2, 0xff, 0xf9,
    0x0, 0x2, 0xff, 0xf9, 0x0, 0x2, 0xff, 0xf9,
    0x0, 0x2, 0xff, 0xf9, 0x0, 0x2, 0xff, 0xf9,
    0x0, 0x2, 0xff, 0xf9, 0x0, 0x2, 0xff, 0xf9,
    0x0, 0x2, 0xff, 0xf9, 0x22, 0x24, 0xff, 0xf9,
    0xff, 0xff, 0xff, 0xf9, 0xff, 0xff, 0xff, 0xf9,
    0xff, 0xff, 0xff, 0xf9,

    /* U+005E "^" */
    0x0, 0x0, 0x8, 0xff, 0xfb, 0x0, 0x0, 0x0,
    0x0, 0x1, 0xff, 0xff, 0xf2, 0x0, 0x0, 0x0,
    0x0, 0x8f, 0xff, 0xff, 0xa0, 0x0, 0x0, 0x0,
    0xe, 0xff, 0x5f, 0xff, 0x20, 0x0, 0x0, 0x7,
    0xff, 0xc0, 0xaf, 0xfa, 0x0, 0x0, 0x0, 0xef,
    0xf5, 0x2, 0xff, 0xf2, 0x0, 0x0, 0x7f, 0xfd,
    0x0, 0xb, 0xff, 0x90, 0x0, 0xe, 0xff, 0x60,
    0x0, 0x4f, 0xff, 0x10, 0x6, 0xff, 0xe0, 0x0,
    0x0, 0xcf, 0xf9, 0x0, 0xef, 0xf7, 0x0, 0x0,
    0x5, 0xff, 0xf1, 0x6f, 0xff, 0x10, 0x0, 0x0,
    0xd, 0xff, 0x80,

    /* U+005F "_" */
    0x55, 0x55, 0x55, 0x55, 0x55, 0x55, 0x55, 0x55,
    0x3f, 0xff, 0xff, 0xff, 0xff, 0xff, 0xff, 0xff,
    0xfa, 0xff, 0xff, 0xff, 0xff, 0xff, 0xff, 0xff,
    0xff, 0xaf, 0xff, 0xff, 0xff, 0xff, 0xff, 0xff,
    0xff, 0xfa,

    /* U+0060 "`" */
    0x4, 0x44, 0x30, 0x0, 0xc, 0xff, 0xf1, 0x0,
    0x2, 0xff, 0xf8, 0x0, 0x0, 0x7f, 0xfe, 0x0,
    0x0, 0xc, 0xff, 0x70, 0x0, 0x2, 0xff, 0xe0,

    /* U+0061 "a" */
    0x0, 0x0, 0x6, 0xad, 0xff, 0xeb, 0x71, 0x0,
    0x0, 0x0, 0x5e, 0xff, 0xff, 0xff, 0xff, 0xf6,
    0x0, 0x0, 0x7f, 0xff, 0xff, 0xff, 0xff, 0xff,
    0xf7, 0x0, 0x4f, 0xff, 0xfd, 0x63, 0x35, 0xcf,
    0xff, 0xf2, 0xc, 0xff, 0xf9, 0x0, 0x0, 0x0,
    0xaf, 0xff, 0x70, 0x3, 0x7a, 0x0, 0x0, 0x0,
    0x3, 0xff, 0xfb, 0x0, 0x0, 0x0, 0x0, 0x0,
    0x0, 0x1f, 0xff, 0xc0, 0x0, 0x0, 0x0, 0x0,
    0x0, 0x17, 0xff, 0xfd, 0x0, 0x0, 0x3, 0x58,
    0xac, 0xef, 0xff, 0xff, 0xd0, 0x1, 0x8e, 0xff,
    0xff, 0xff, 0xff, 0xff, 0xfd, 0x2, 0xef, 0xff,
    0xff, 0xff, 0xda, 0x5f, 0xff, 0xd0, 0xdf, 0xff,
    0xe8, 0x41, 0x0, 0x0, 0xff, 0xfd, 0x4f, 0xff,
    0xc1, 0x0, 0x0, 0x0, 0xf, 0xff, 0xd7, 0xff,
    0xf5, 0x0, 0x0, 0x0, 0x2, 0xff, 0xfd, 0x7f,
    0xff, 0x40, 0x0, 0x0, 0x0, 0x8f, 0xff, 0xd5,
    0xff, 0xfa, 0x0, 0x0, 0x0, 0x5f, 0xff, 0xfd,
    0x1f, 0xff, 0xfb, 0x52, 0x25, 0xbf, 0xff, 0xff,
    0xd0, 0x7f, 0xff, 0xff, 0xff, 0xff, 0xf7, 0xef,
    0xfd, 0x0, 0x8f, 0xff, 0xff, 0xff, 0xf8, 0xe,
    0xff, 0xd0, 0x0, 0x39, 0xdf, 0xfd, 0xa3, 0x0,
    0xef, 0xfd,

    /* U+0062 "b" */
    0x6f, 0xff, 0x70, 0x0, 0x0, 0x0, 0x0, 0x0,
    0x0, 0x6, 0xff, 0xf7, 0x0, 0x0, 0x0, 0x0,
    0x0, 0x0, 0x0, 0x6f, 0xff, 0x70, 0x0, 0x0,
    0x0, 0x0, 0x0, 0x0, 0x6, 0xff, 0xf7, 0x0,
    0x0, 0x0, 0x0, 0x0, 0x0, 0x0, 0x6f, 0xff,
    0x70, 0x0, 0x0, 0x0, 0x0, 0x0, 0x0, 0x6,
    0xff, 0xf7, 0x0, 0x0, 0x0, 0x0, 0x0, 0x0,
    0x0, 0x6f, 0xff, 0x70, 0x6, 0xce, 0xfe, 0xb5,
    0x0, 0x0, 0x6, 0xff, 0xf7, 0xc, 0xff, 0xff,
    0xff, 0xfd, 0x20, 0x0, 0x6f, 0xff, 0x7b, 0xff,
    0xff, 0xff, 0xff, 0xfe, 0x20, 0x6, 0xff, 0xfd,
    0xff, 0xb6, 0x57, 0xbf, 0xff, 0xfd, 0x0, 0x6f,
    0xff, 0xff, 0x50, 0x0, 0x0, 0x6f, 0xff, 0xf6,
    0x6, 0xff, 0xff, 0x70, 0x0, 0x0, 0x0, 0x8f,
    0xff, 0xd0, 0x6f, 0xff, 0xf0, 0x0, 0x0, 0x0,
    0x1, 0xff, 0xff, 0x26, 0xff, 0xfa, 0x0, 0x0,
    0x0, 0x0, 0xb, 0xff, 0xf5, 0x6f, 0xff, 0x80,
    0x0, 0x0, 0x0, 0x0, 0x8f, 0xff, 0x76, 0xff,
    0xf6, 0x0, 0x0, 0x0, 0x0, 0x6, 0xff, 0xf8,
    0x6f, 0xff, 0x60, 0x0, 0x0, 0x0, 0x0, 0x7f,
    0xff, 0x86, 0xff, 0xf8, 0x0, 0x0, 0x0, 0x0,
    0x8, 0xff, 0xf7, 0x6f, 0xff, 0xb0, 0x0, 0x0,
    0x0, 0x0, 0xbf, 0xff, 0x56, 0xff, 0xff, 0x10,
    0x0, 0x0, 0x0, 0x1f, 0xff, 0xf2, 0x6f, 0xff,
    0xf8, 0x0, 0x0, 0x0, 0x9, 0xff, 0xfd, 0x6,
    0xff, 0xff, 0xf5, 0x0, 0x0, 0x6, 0xff, 0xff,
    0x60, 0x6f, 0xff, 0xcf, 0xfb, 0x65, 0x7c, 0xff,
    0xff, 0xd0, 0x6, 0xff, 0xf5, 0xaf, 0xff, 0xff,
    0xff, 0xff, 0xe2, 0x0, 0x6f, 0xff, 0x50, 0xbf,
    0xff, 0xff, 0xff, 0xd2, 0x0, 0x6, 0xff, 0xf5,
    0x0, 0x6c, 0xef, 0xeb, 0x50, 0x0, 0x0,

    /* U+0063 "c" */
    0x0, 0x0, 0x0, 0x6b, 0xef, 0xfd, 0xa5, 0x0,
    0x0, 0x0, 0x0, 0x6, 0xef, 0xff, 0xff, 0xff,
    0xfd, 0x30, 0x0, 0x0, 0x8, 0xff, 0xff, 0xff,
    0xff, 0xff, 0xff, 0x40, 0x0, 0x6, 0xff, 0xff,
    0xe7, 0x55, 0x8f, 0xff, 0xff, 0x10, 0x1, 0xff,
    0xff, 0xa0, 0x0, 0x0, 0x1d, 0xff, 0xf9, 0x0,
    0x7f, 0xff, 0xc0, 0x0, 0x0, 0x0, 0x1f, 0xff,
    0xd0, 0xd, 0xff, 0xf4, 0x0, 0x0, 0x0, 0x0,
    0x65, 0x20, 0x1, 0xff, 0xff, 0x0, 0x0, 0x0,
    0x0, 0x0, 0x0, 0x0, 0x3f, 0xff, 0xc0, 0x0,
    0x0, 0x0, 0x0, 0x0, 0x0, 0x4, 0xff, 0xfa,
    0x0, 0x0, 0x0, 0x0, 0x0, 0x0, 0x0, 0x4f,
    0xff, 0xa0, 0x0, 0x0, 0x0, 0x0, 0x0, 0x0,
    0x3, 0xff, 0xfb, 0x0, 0x0, 0x0, 0x0, 0x0,
    0x0, 0x0, 0x1f, 0xff, 0xf0, 0x0, 0x0, 0x0,
    0x0, 0x0, 0x0, 0x0, 0xdf, 0xff, 0x40, 0x0,
    0x0, 0x0, 0x7, 0x84, 0x0, 0x7, 0xff, 0xfc,
    0x0, 0x0, 0x0, 0x1, 0xff, 0xff, 0x0, 0x1e,
    0xff, 0xfa, 0x0, 0x0, 0x1, 0xcf, 0xff, 0x90,
    0x0, 0x5f, 0xff, 0xfd, 0x75, 0x58, 0xff, 0xff,
    0xf1, 0x0, 0x0, 0x7f, 0xff, 0xff, 0xff, 0xff,
    0xff, 0xf4, 0x0, 0x0, 0x0, 0x5e, 0xff, 0xff,
    0xff, 0xff, 0xd3, 0x0, 0x0, 0x0, 0x0, 0x6,
    0xbe, 0xff, 0xda, 0x50, 0x0, 0x0,

    /* U+0064 "d" */
    0x0, 0x0, 0x0, 0x0, 0x0, 0x0, 0x0, 0x3f,
    0xff, 0xa0, 0x0, 0x0, 0x0, 0x0, 0x0, 0x0,
    0x3, 0xff, 0xfa, 0x0, 0x0, 0x0, 0x0, 0x0,
    0x0, 0x0, 0x3f, 0xff, 0xa0, 0x0, 0x0, 0x0,
    0x0, 0x0, 0x0, 0x3, 0xff, 0xfa, 0x0, 0x0,
    0x0, 0x0, 0x0, 0x0, 0x0, 0x3f, 0xff, 0xa0,
    0x0, 0x0, 0x0, 0x0, 0x0, 0x0, 0x3, 0xff,
    0xfa, 0x0, 0x0, 0x4, 0xad, 0xff, 0xd8, 0x10,
    0x3f, 0xff, 0xa0, 0x0, 0xa, 0xff, 0xff, 0xff,
    0xfe, 0x23, 0xff, 0xfa, 0x0, 0xc, 0xff, 0xff,
    0xff, 0xff, 0xfe, 0x4f, 0xff, 0xa0, 0x9, 0xff,
    0xff, 0xd7, 0x55, 0x9f, 0xfd, 0xff, 0xfa, 0x3,
    0xff, 0xff, 0x90, 0x0, 0x0, 0x2e, 0xff, 0xff,
    0xa0, 0x9f, 0xff, 0xc0, 0x0, 0x0, 0x0, 0x3f,
    0xff, 0xfa, 0xe, 0xff, 0xf4, 0x0, 0x0, 0x0,
    0x0, 0xbf, 0xff, 0xa1, 0xff, 0xfe, 0x0, 0x0,
    0x0, 0x0, 0x6, 0xff, 0xfa, 0x3f, 0xff, 0xc0,
    0x0, 0x0, 0x0, 0x0, 0x3f, 0xff, 0xa4, 0xff,
    0xfa, 0x0, 0x0, 0x0, 0x0, 0x2, 0xff, 0xfa,
    0x4f, 0xff, 0xa0, 0x0, 0x0, 0x0, 0x0, 0x2f,
    0xff, 0xa3, 0xff, 0xfc, 0x0, 0x0, 0x0, 0x0,
    0x4, 0xff, 0xfa, 0x1f, 0xff, 0xf0, 0x0, 0x0,
    0x0, 0x0, 0x7f, 0xff, 0xa0, 0xef, 0xff, 0x40,
    0x0, 0x0, 0x0, 0xc, 0xff, 0xfa, 0x9, 0xff,
    0xfc, 0x0, 0x0, 0x0, 0x4, 0xff, 0xff, 0xa0,
    0x2f, 0xff, 0xfa, 0x0, 0x0, 0x2, 0xef, 0xff,
    0xfa, 0x0, 0x9f, 0xff, 0xfd, 0x75, 0x59, 0xff,
    0xcf, 0xff, 0xa0, 0x0, 0xcf, 0xff, 0xff, 0xff,
    0xff, 0xd2, 0xff, 0xfa, 0x0, 0x0, 0xaf, 0xff,
    0xff, 0xff, 0xe2, 0x1f, 0xff, 0xa0, 0x0, 0x0,
    0x3a, 0xdf, 0xfd, 0x70, 0x1, 0xff, 0xfa,

    /* U+0065 "e" */
    0x0, 0x0, 0x1, 0x7b, 0xef, 0xec, 0x83, 0x0,
    0x0, 0x0, 0x0, 0x5, 0xef, 0xff, 0xff, 0xff,
    0xfb, 0x20, 0x0, 0x0, 0x7, 0xff, 0xff, 0xff,
    0xff, 0xff, 0xfe, 0x20, 0x0, 0x5, 0xff, 0xff,
    0xa5, 0x34, 0x7e, 0xff, 0xfd, 0x0, 0x1, 0xef,
    0xff, 0x40, 0x0, 0x0, 0x1c, 0xff, 0xf7, 0x0,
    0x7f, 0xff, 0x60, 0x0, 0x0, 0x0, 0x1f, 0xff,
    0xe0, 0xd, 0xff, 0xe0, 0x0, 0x0, 0x0, 0x0,
    0xaf, 0xff, 0x31, 0xff, 0xfa, 0x0, 0x0, 0x0,
    0x0, 0x6, 0xff, 0xf5, 0x3f, 0xff, 0xff, 0xff,
    0xff, 0xff, 0xff, 0xff, 0xff, 0x74, 0xff, 0xff,
    0xff, 0xff, 0xff, 0xff, 0xff, 0xff, 0xf8, 0x4f,
    0xff, 0xfe, 0xee, 0xee, 0xee, 0xee, 0xee, 0xee,
    0x73, 0xff, 0xfa, 0x0, 0x0, 0x0, 0x0, 0x0,
    0x0, 0x0, 0x1f, 0xff, 0xc0, 0x0, 0x0, 0x0,
    0x0, 0x0, 0x0, 0x0, 0xdf, 0xff, 0x10, 0x0,
    0x0, 0x0, 0x0, 0x0, 0x0, 0x8, 0xff, 0xf9,
    0x0, 0x0, 0x0, 0x0, 0xbc, 0x84, 0x0, 0x1f,
    0xff, 0xf7, 0x0, 0x0, 0x0, 0x7f, 0xff, 0xe0,
    0x0, 0x5f, 0xff, 0xfc, 0x74, 0x46, 0xcf, 0xff,
    0xf6, 0x0, 0x0, 0x8f, 0xff, 0xff, 0xff, 0xff,
    0xff, 0xfa, 0x0, 0x0, 0x0, 0x5e, 0xff, 0xff,
    0xff, 0xff, 0xf7, 0x0, 0x0, 0x0, 0x0, 0x6,
    0xbe, 0xff, 0xeb, 0x71, 0x0, 0x0,

    /* U+0066 "f" */
    0x0, 0x0, 0x0, 0x0, 0x35, 0x54, 0x10, 0x0,
    0x0, 0x0, 0x7e, 0xff, 0xff, 0xf0, 0x0, 0x0,
    0xa, 0xff, 0xff, 0xff, 0xc0, 0x0, 0x0, 0x5f,
    0xff, 0xff, 0xff, 0x70, 0x0, 0x0, 0xbf, 0xff,
    0xb2, 0x1, 0x10, 0x0, 0x0, 0xdf, 0xff, 0x10,
    0x0, 0x0, 0x0, 0x0, 0xef, 0xff, 0x0, 0x0,
    0x0, 0x0, 0x0, 0xef, 0xff, 0x0, 0x0, 0x0,
    0xaf, 0xff, 0xff, 0xff, 0xff, 0xff, 0x50, 0xaf,
    0xff, 0xff, 0xff, 0xff, 0xff, 0x50, 0xaf, 0xff,
    0xff, 0xff, 0xff, 0xff, 0x50, 0x12, 0x22, 0xef,
    0xff, 0x22, 0x22, 0x0, 0x0, 0x0, 0xef, 0xff,
    0x0, 0x0, 0x0, 0x0, 0x0, 0xef, 0xff, 0x0,
    0x0, 0x0, 0x0, 0x0, 0xef, 0xff, 0x0, 0x0,
    0x0, 0x0, 0x0, 0xef, 0xff, 0x0, 0x0, 0x0,
    0x0, 0x0, 0xef, 0xff, 0x0, 0x0, 0x0, 0x0,
    0x0, 0xef, 0xff, 0x0, 0x0, 0x0, 0x0, 0x0,
    0xef, 0xff, 0x0, 0x0, 0x0, 0x0, 0x0, 0xef,
    0xff, 0x0, 0x0, 0x0, 0x0, 0x0, 0xef, 0xff,
    0x0, 0x0, 0x0, 0x0, 0x0, 0xef, 0xff, 0x0,
    0x0, 0x0, 0x0, 0x0, 0xef, 0xff, 0x0, 0x0,
    0x0, 0x0, 0x0, 0xef, 0xff, 0x0, 0x0, 0x0,
    0x0, 0x0, 0xef, 0xff, 0x0, 0x0, 0x0, 0x0,
    0x0, 0xef, 0xff, 0x0, 0x0, 0x0, 0x0, 0x0,
    0xef, 0xff, 0x0, 0x0, 0x0, 0x0, 0x0, 0xef,
    0xff, 0x0, 0x0, 0x0,

    /* U+0067 "g" */
    0x0, 0x0, 0x3, 0x9d, 0xff, 0xd8, 0x10, 0x1f,
    0xff, 0xb0, 0x0, 0x9, 0xff, 0xff, 0xff, 0xfe,
    0x31, 0xff, 0xfb, 0x0, 0xb, 0xff, 0xff, 0xff,
    0xff, 0xfe, 0x2f, 0xff, 0xb0, 0x8, 0xff, 0xff,
    0xe7, 0x55, 0x9f, 0xfc, 0xff, 0xfb, 0x2, 0xff,
    0xff, 0xa0, 0x0, 0x0, 0x2e, 0xff, 0xff, 0xb0,
    0x8f, 0xff, 0xc0, 0x0, 0x0, 0x0, 0x4f, 0xff,
    0xfb, 0xd, 0xff, 0xf4, 0x0, 0x0, 0x0, 0x0,
    0xcf, 0xff, 0xb1, 0xff, 0xff, 0x0, 0x0, 0x0,
    0x0, 0x7, 0xff, 0xfb, 0x3f, 0xff, 0xc0, 0x0,
    0x0, 0x0, 0x0, 0x4f, 0xff, 0xb4, 0xff, 0xfb,
    0x0, 0x0, 0x0, 0x0, 0x2, 0xff, 0xfb, 0x4f,
    0xff, 0xa0, 0x0, 0x0, 0x0, 0x0, 0x2f, 0xff,
    0xb4, 0xff, 0xfb, 0x0, 0x0, 0x0, 0x0, 0x3,
    0xff, 0xfb, 0x2f, 0xff, 0xe0, 0x0, 0x0, 0x0,
    0x0, 0x6f, 0xff, 0xb0, 0xef, 0xff, 0x30, 0x0,
    0x0, 0x0, 0xa, 0xff, 0xfb, 0xa, 0xff, 0xfb,
    0x0, 0x0, 0x0, 0x2, 0xff, 0xff, 0xb0, 0x3f,
    0xff, 0xf7, 0x0, 0x0, 0x1, 0xdf, 0xff, 0xfb,
    0x0, 0xaf, 0xff, 0xfc, 0x64, 0x48, 0xef, 0xef,
    0xff, 0xb0, 0x1, 0xdf, 0xff, 0xff, 0xff, 0xff,
    0xe3, 0xff, 0xfb, 0x0, 0x1, 0xbf, 0xff, 0xff,
    0xff, 0xe3, 0x2f, 0xff, 0xb0, 0x0, 0x0, 0x4a,
    0xef, 0xfd, 0x81, 0x2, 0xff, 0xfb, 0x0, 0x0,
    0x0, 0x0, 0x0, 0x0, 0x0, 0x2f, 0xff, 0xa0,
    0x0, 0x1, 0x0, 0x0, 0x0, 0x0, 0x6, 0xff,
    0xf7, 0x1, 0x6c, 0xf7, 0x0, 0x0, 0x0, 0x2,
    0xef, 0xff, 0x30, 0x3f, 0xff, 0xfc, 0x63, 0x23,
    0x5a, 0xff, 0xff, 0xa0, 0x0, 0x6f, 0xff, 0xff,
    0xff, 0xff, 0xff, 0xff, 0xc0, 0x0, 0x0, 0x4d,
    0xff, 0xff, 0xff, 0xff, 0xff, 0x90, 0x0, 0x0,
    0x0, 0x5, 0xad, 0xff, 0xfd, 0xb7, 0x20, 0x0,
    0x0,

    /* U+0068 "h" */
    0x6f, 0xff, 0x70, 0x0, 0x0, 0x0, 0x0, 0x0,
    0x0, 0x6f, 0xff, 0x70, 0x0, 0x0, 0x0, 0x0,
    0x0, 0x0, 0x6f, 0xff, 0x70, 0x0, 0x0, 0x0,
    0x0, 0x0, 0x0, 0x6f, 0xff, 0x70, 0x0, 0x0,
    0x0, 0x0, 0x0, 0x0, 0x6f, 0xff, 0x70, 0x0,
    0x0, 0x0, 0x0, 0x0, 0x0, 0x6f, 0xff, 0x70,
    0x0, 0x0, 0x0, 0x0, 0x0, 0x0, 0x6f, 0xff,
    0x70, 0x5, 0xbe, 0xfe, 0xa4, 0x0, 0x0, 0x6f,
    0xff, 0x71, 0xcf, 0xff, 0xff, 0xff, 0xa0, 0x0,
    0x6f, 0xff, 0x7c, 0xff, 0xff, 0xff, 0xff, 0xfa,
    0x0, 0x6f, 0xff, 0xdf, 0xfa, 0x76, 0xaf, 0xff,
    0xff, 0x40, 0x6f, 0xff, 0xfd, 0x20, 0x0, 0x2,
    0xef, 0xff, 0xa0, 0x6f, 0xff, 0xf2, 0x0, 0x0,
    0x0, 0x5f, 0xff, 0xe0, 0x6f, 0xff, 0xb0, 0x0,
    0x0, 0x0, 0xf, 0xff, 0xf0, 0x6f, 0xff, 0x80,
    0x0, 0x0, 0x0, 0xd, 0xff, 0xf1, 0x6f, 0xff,
    0x70, 0x0, 0x0, 0x0, 0xd, 0xff, 0xf1, 0x6f,
    0xff, 0x70, 0x0, 0x0, 0x0, 0xd, 0xff, 0xf1,
    0x6f, 0xff, 0x70, 0x0, 0x0, 0x0, 0xd, 0xff,
    0xf1, 0x6f, 0xff, 0x70, 0x0, 0x0, 0x0, 0xd,
    0xff, 0xf1, 0x6f, 0xff, 0x70, 0x0, 0x0, 0x0,
    0xd, 0xff, 0xf1, 0x6f, 0xff, 0x70, 0x0, 0x0,
    0x0, 0xd, 0xff, 0xf1, 0x6f, 0xff, 0x70, 0x0,
    0x0, 0x0, 0xd, 0xff, 0xf1, 0x6f, 0xff, 0x70,
    0x0, 0x0, 0x0, 0xd, 0xff, 0xf1, 0x6f, 0xff,
    0x70, 0x0, 0x0, 0x0, 0xd, 0xff, 0xf1, 0x6f,
    0xff, 0x70, 0x0, 0x0, 0x0, 0xd, 0xff, 0xf1,
    0x6f, 0xff, 0x70, 0x0, 0x0, 0x0, 0xd, 0xff,
    0xf1, 0x6f, 0xff, 0x70, 0x0, 0x0, 0x0, 0xd,
    0xff, 0xf1,

    /* U+0069 "i" */
    0x5, 0x96, 0x7, 0xff, 0xf9, 0xdf, 0xff, 0xfa,
    0xff, 0xfc, 0x1b, 0xfc, 0x20, 0x0, 0x0, 0x0,
    0x0, 0x0, 0x0, 0x0, 0x6f, 0xff, 0x76, 0xff,
    0xf7, 0x6f, 0xff, 0x76, 0xff, 0xf7, 0x6f, 0xff,
    0x76, 0xff, 0xf7, 0x6f, 0xff, 0x76, 0xff, 0xf7,
    0x6f, 0xff, 0x76, 0xff, 0xf7, 0x6f, 0xff, 0x76,
    0xff, 0xf7, 0x6f, 0xff, 0x76, 0xff, 0xf7, 0x6f,
    0xff, 0x76, 0xff, 0xf7, 0x6f, 0xff, 0x76, 0xff,
    0xf7, 0x6f, 0xff, 0x76, 0xff, 0xf7,

    /* U+006A "j" */
    0x0, 0x0, 0x59, 0x50, 0x0, 0x7, 0xff, 0xf8,
    0x0, 0xd, 0xff, 0xfe, 0x0, 0xb, 0xff, 0xfc,
    0x0, 0x1, 0xbf, 0xc2, 0x0, 0x0, 0x0, 0x0,
    0x0, 0x0, 0x0, 0x0, 0x0, 0x0, 0x0, 0x0,
    0x0, 0x6, 0xff, 0xf7, 0x0, 0x6, 0xff, 0xf7,
    0x0, 0x6, 0xff, 0xf7, 0x0, 0x6, 0xff, 0xf7,
    0x0, 0x6, 0xff, 0xf7, 0x0, 0x6, 0xff, 0xf7,
    0x0, 0x6, 0xff, 0xf7, 0x0, 0x6, 0xff, 0xf7,
    0x0, 0x6, 0xff, 0xf7, 0x0, 0x6, 0xff, 0xf7,
    0x0, 0x6, 0xff, 0xf7, 0x0, 0x6, 0xff, 0xf7,
    0x0, 0x6, 0xff, 0xf7, 0x0, 0x6, 0xff, 0xf7,
    0x0, 0x6, 0xff, 0xf7, 0x0, 0x6, 0xff, 0xf7,
    0x0, 0x6, 0xff, 0xf7, 0x0, 0x6, 0xff, 0xf7,
    0x0, 0x6, 0xff, 0xf7, 0x0, 0x6, 0xff, 0xf7,
    0x0, 0x6, 0xff, 0xf7, 0x0, 0x8, 0xff, 0xf6,
    0x0, 0xc, 0xff, 0xf5, 0x36, 0xbf, 0xff, 0xf1,
    0x9f, 0xff, 0xff, 0x90, 0x9f, 0xff, 0xfb, 0x0,
    0x9f, 0xeb, 0x50, 0x0,

    /* U+006B "k" */
    0x6f, 0xff, 0x70, 0x0, 0x0, 0x0, 0x0, 0x0,
    0x0, 0x6f, 0xff, 0x70, 0x0, 0x0, 0x0, 0x0,
    0x0, 0x0, 0x6f, 0xff, 0x70, 0x0, 0x0, 0x0,
    0x0, 0x0, 0x0, 0x6f, 0xff, 0x70, 0x0, 0x0,
    0x0, 0x0, 0x0, 0x0, 0x6f, 0xff, 0x70, 0x0,
    0x0, 0x0, 0x0, 0x0, 0x0, 0x6f, 0xff, 0x70,
    0x0, 0x0, 0x0, 0x0, 0x0, 0x0, 0x6f, 0xff,
    0x70, 0x0, 0x0, 0x0, 0xdf, 0xff, 0xb0, 0x6f,
    0xff, 0x70, 0x0, 0x0, 0xc, 0xff, 0xfc, 0x0,
    0x6f, 0xff, 0x70, 0x0, 0x0, 0xbf, 0xff, 0xd1,
    0x0, 0x6f, 0xff, 0x70, 0x0, 0xa, 0xff, 0xfe,
    0x10, 0x0, 0x6f, 0xff, 0x70, 0x0, 0x8f, 0xff,
    0xe2, 0x0, 0x0, 0x6f, 0xff, 0x70, 0x7, 0xff,
    0xff, 0x30, 0x0, 0x0, 0x6f, 0xff, 0x70, 0x6f,
    0xff, 0xf4, 0x0, 0x0, 0x0, 0x6f, 0xff, 0x74,
    0xff, 0xff, 0x50, 0x0, 0x0, 0x0, 0x6f, 0xff,
    0xcf, 0xff, 0xf8, 0x0, 0x0, 0x0, 0x0, 0x6f,
    0xff, 0xff, 0xff, 0xfe, 0x10, 0x0, 0x0, 0x0,
    0x6f, 0xff, 0xff, 0xff, 0xff, 0xb0, 0x0, 0x0,
    0x0, 0x6f, 0xff, 0xfd, 0x6f, 0xff, 0xf6, 0x0,
    0x0, 0x0, 0x6f, 0xff, 0xd1, 0x9, 0xff, 0xff,
    0x30, 0x0, 0x0, 0x6f, 0xff, 0x70, 0x0, 0xcf,
    0xff, 0xd0, 0x0, 0x0, 0x6f, 0xff, 0x70, 0x0,
    0x2f, 0xff, 0xfa, 0x0, 0x0, 0x6f, 0xff, 0x70,
    0x0, 0x5, 0xff, 0xff, 0x60, 0x0, 0x6f, 0xff,
    0x70, 0x0, 0x0, 0x9f, 0xff, 0xf3, 0x0, 0x6f,
    0xff, 0x70, 0x0, 0x0, 0xd, 0xff, 0xfd, 0x0,
    0x6f, 0xff, 0x70, 0x0, 0x0, 0x2, 0xff, 0xff,
    0xa0, 0x6f, 0xff, 0x70, 0x0, 0x0, 0x0, 0x6f,
    0xff, 0xf6,

    /* U+006C "l" */
    0x6f, 0xff, 0x76, 0xff, 0xf7, 0x6f, 0xff, 0x76,
    0xff, 0xf7, 0x6f, 0xff, 0x76, 0xff, 0xf7, 0x6f,
    0xff, 0x76, 0xff, 0xf7, 0x6f, 0xff, 0x76, 0xff,
    0xf7, 0x6f, 0xff, 0x76, 0xff, 0xf7, 0x6f, 0xff,
    0x76, 0xff, 0xf7, 0x6f, 0xff, 0x76, 0xff, 0xf7,
    0x6f, 0xff, 0x76, 0xff, 0xf7, 0x6f, 0xff, 0x76,
    0xff, 0xf7, 0x6f, 0xff, 0x76, 0xff, 0xf7, 0x6f,
    0xff, 0x76, 0xff, 0xf7, 0x6f, 0xff, 0x76, 0xff,
    0xf7,

    /* U+006D "m" */
    0x6f, 0xff, 0x40, 0x6, 0xcf, 0xfb, 0x40, 0x0,
    0x1, 0x7c, 0xff, 0xd8, 0x10, 0x0, 0x6f, 0xff,
    0x42, 0xdf, 0xff, 0xff, 0xf6, 0x0, 0x3e, 0xff,
    0xff, 0xff, 0xf5, 0x0, 0x6f, 0xff, 0x5d, 0xff,
    0xff, 0xff, 0xff, 0x32, 0xff, 0xff, 0xff, 0xff,
    0xff, 0x20, 0x6f, 0xff, 0xcf, 0xe8, 0x79, 0xef,
    0xff, 0xab, 0xff, 0x96, 0x8c, 0xff, 0xff, 0xb0,
    0x6f, 0xff, 0xfb, 0x0, 0x0, 0x1c, 0xff, 0xff,
    0xe2, 0x0, 0x0, 0x6f, 0xff, 0xf1, 0x6f, 0xff,
    0xe0, 0x0, 0x0, 0x3, 0xff, 0xff, 0x40, 0x0,
    0x0, 0xc, 0xff, 0xf3, 0x6f, 0xff, 0x90, 0x0,
    0x0, 0x0, 0xff, 0xff, 0x0, 0x0, 0x0, 0x8,
    0xff, 0xf5, 0x6f, 0xff, 0x70, 0x0, 0x0, 0x0,
    0xef, 0xfe, 0x0, 0x0, 0x0, 0x8, 0xff, 0xf6,
    0x6f, 0xff, 0x70, 0x0, 0x0, 0x0, 0xef, 0xfe,
    0x0, 0x0, 0x0, 0x8, 0xff, 0xf6, 0x6f, 0xff,
    0x70, 0x0, 0x0, 0x0, 0xef, 0xfe, 0x0, 0x0,
    0x0, 0x8, 0xff, 0xf6, 0x6f, 0xff, 0x70, 0x0,
    0x0, 0x0, 0xef, 0xfe, 0x0, 0x0, 0x0, 0x8,
    0xff, 0xf6, 0x6f, 0xff, 0x70, 0x0, 0x0, 0x0,
    0xef, 0xfe, 0x0, 0x0, 0x0, 0x8, 0xff, 0xf6,
    0x6f, 0xff, 0x70, 0x0, 0x0, 0x0, 0xef, 0xfe,
    0x0, 0x0, 0x0, 0x8, 0xff, 0xf6, 0x6f, 0xff,
    0x70, 0x0, 0x0, 0x0, 0xef, 0xfe, 0x0, 0x0,
    0x0, 0x8, 0xff, 0xf6, 0x6f, 0xff, 0x70, 0x0,
    0x0, 0x0, 0xef, 0xfe, 0x0, 0x0, 0x0, 0x8,
    0xff, 0xf6, 0x6f, 0xff, 0x70, 0x0, 0x0, 0x0,
    0xef, 0xfe, 0x0, 0x0, 0x0, 0x8, 0xff, 0xf6,
    0x6f, 0xff, 0x70, 0x0, 0x0, 0x0, 0xef, 0xfe,
    0x0, 0x0, 0x0, 0x8, 0xff, 0xf6, 0x6f, 0xff,
    0x70, 0x0, 0x0, 0x0, 0xef, 0xfe, 0x0, 0x0,
    0x0, 0x8, 0xff, 0xf6, 0x6f, 0xff, 0x70, 0x0,
    0x0, 0x0, 0xef, 0xfe, 0x0, 0x0, 0x0, 0x8,
    0xff, 0xf6, 0x6f, 0xff, 0x70, 0x0, 0x0, 0x0,
    0xef, 0xfe, 0x0, 0x0, 0x0, 0x8, 0xff, 0xf6,

    /* U+006E "n" */
    0x6f, 0xff, 0x40, 0x5, 0xbe, 0xfe, 0xa4, 0x0,
    0x0, 0x6f, 0xff, 0x41, 0xcf, 0xff, 0xff, 0xff,
    0xa0, 0x0, 0x6f, 0xff, 0x5c, 0xff, 0xff, 0xff,
    0xff, 0xfa, 0x0, 0x6f, 0xff, 0xbf, 0xfa, 0x76,
    0xaf, 0xff, 0xff, 0x40, 0x6f, 0xff, 0xfd, 0x20,
    0x0, 0x2, 0xef, 0xff, 0xa0, 0x6f, 0xff, 0xf2,
    0x0, 0x0, 0x0, 0x5f, 0xff, 0xe0, 0x6f, 0xff,
    0xb0, 0x0, 0x0, 0x0, 0xf, 0xff, 0xf0, 0x6f,
    0xff, 0x80, 0x0, 0x0, 0x0, 0xd, 0xff, 0xf0,
    0x6f, 0xff, 0x70, 0x0, 0x0, 0x0, 0xd, 0xff,
    0xf1, 0x6f, 0xff, 0x70, 0x0, 0x0, 0x0, 0xd,
    0xff, 0xf1, 0x6f, 0xff, 0x70, 0x0, 0x0, 0x0,
    0xd, 0xff, 0xf1, 0x6f, 0xff, 0x70, 0x0, 0x0,
    0x0, 0xd, 0xff, 0xf1, 0x6f, 0xff, 0x70, 0x0,
    0x0, 0x0, 0xd, 0xff, 0xf1, 0x6f, 0xff, 0x70,
    0x0, 0x0, 0x0, 0xd, 0xff, 0xf1, 0x6f, 0xff,
    0x70, 0x0, 0x0, 0x0, 0xd, 0xff, 0xf1, 0x6f,
    0xff, 0x70, 0x0, 0x0, 0x0, 0xd, 0xff, 0xf1,
    0x6f, 0xff, 0x70, 0x0, 0x0, 0x0, 0xd, 0xff,
    0xf1, 0x6f, 0xff, 0x70, 0x0, 0x0, 0x0, 0xd,
    0xff, 0xf1, 0x6f, 0xff, 0x70, 0x0, 0x0, 0x0,
    0xd, 0xff, 0xf1, 0x6f, 0xff, 0x70, 0x0, 0x0,
    0x0, 0xd, 0xff, 0xf1,

    /* U+006F "o" */
    0x0, 0x0, 0x0, 0x6b, 0xef, 0xfd, 0xa5, 0x0,
    0x0, 0x0, 0x0, 0x0, 0x6e, 0xff, 0xff, 0xff,
    0xff, 0xd3, 0x0, 0x0, 0x0, 0x8, 0xff, 0xff,
    0xff, 0xff, 0xff, 0xff, 0x40, 0x0, 0x0, 0x6f,
    0xff, 0xfe, 0x75, 0x68, 0xff, 0xff, 0xf2, 0x0,
    0x1, 0xff, 0xff, 0xa0, 0x0, 0x0, 0x1d, 0xff,
    0xfc, 0x0, 0x7, 0xff, 0xfc, 0x0, 0x0, 0x0,
    0x1, 0xff, 0xff, 0x30, 0xd, 0xff, 0xf4, 0x0,
    0x0, 0x0, 0x0, 0x8f, 0xff, 0x90, 0x1f, 0xff,
    0xf0, 0x0, 0x0, 0x0, 0x0, 0x3f, 0xff, 0xd0,
    0x3f, 0xff, 0xc0, 0x0, 0x0, 0x0, 0x0, 0xf,
    0xff, 0xf0, 0x4f, 0xff, 0xa0, 0x0, 0x0, 0x0,
    0x0, 0xe, 0xff, 0xf0, 0x4f, 0xff, 0xa0, 0x0,
    0x0, 0x0, 0x0, 0xe, 0xff, 0xf0, 0x3f, 0xff,
    0xb0, 0x0, 0x0, 0x0, 0x0, 0xf, 0xff, 0xf0,
    0x1f, 0xff, 0xf0, 0x0, 0x0, 0x0, 0x0, 0x3f,
    0xff, 0xd0, 0xd, 0xff, 0xf4, 0x0, 0x0, 0x0,
    0x0, 0x8f, 0xff, 0x90, 0x7, 0xff, 0xfc, 0x0,
    0x0, 0x0, 0x1, 0xff, 0xff, 0x30, 0x1, 0xef,
    0xff, 0xa0, 0x0, 0x0, 0x1d, 0xff, 0xfb, 0x0,
    0x0, 0x5f, 0xff, 0xfd, 0x75, 0x58, 0xff, 0xff,
    0xf1, 0x0, 0x0, 0x7, 0xff, 0xff, 0xff, 0xff,
    0xff, 0xff, 0x40, 0x0, 0x0, 0x0, 0x5e, 0xff,
    0xff, 0xff, 0xff, 0xd2, 0x0, 0x0, 0x0, 0x0,
    0x0, 0x6b, 0xef, 0xfd, 0xa5, 0x0, 0x0, 0x0,

    /* U+0070 "p" */
    0x6f, 0xff, 0x50, 0x6, 0xce, 0xfe, 0xb5, 0x0,
    0x0, 0x6, 0xff, 0xf5, 0xc, 0xff, 0xff, 0xff,
    0xfd, 0x20, 0x0, 0x6f, 0xff, 0x5b, 0xff, 0xff,
    0xff, 0xff, 0xfe, 0x20, 0x6, 0xff, 0xfc, 0xff,
    0xb6, 0x57, 0xbf, 0xff, 0xfd, 0x0, 0x6f, 0xff,
    0xff, 0x50, 0x0, 0x0, 0x6f, 0xff, 0xf6, 0x6,
    0xff, 0xff, 0x70, 0x0, 0x0, 0x0, 0x8f, 0xff,
    0xd0, 0x6f, 0xff, 0xf0, 0x0, 0x0, 0x0, 0x1,
    0xff, 0xff, 0x26, 0xff, 0xfa, 0x0, 0x0, 0x0,
    0x0, 0xb, 0xff, 0xf5, 0x6f, 0xff, 0x80, 0x0,
    0x0, 0x0, 0x0, 0x8f, 0xff, 0x76, 0xff, 0xf6,
    0x0, 0x0, 0x0, 0x0, 0x6, 0xff, 0xf8, 0x6f,
    0xff, 0x60, 0x0, 0x0, 0x0, 0x0, 0x7f, 0xff,
    0x86, 0xff, 0xf8, 0x0, 0x0, 0x0, 0x0, 0x8,
    0xff, 0xf7, 0x6f, 0xff, 0xb0, 0x0, 0x0, 0x0,
    0x0, 0xbf, 0xff, 0x56, 0xff, 0xff, 0x10, 0x0,
    0x0, 0x0, 0x1f, 0xff, 0xf2, 0x6f, 0xff, 0xf8,
    0x0, 0x0, 0x0, 0x9, 0xff, 0xfd, 0x6, 0xff,
    0xff, 0xf5, 0x0, 0x0, 0x6, 0xff, 0xff, 0x60,
    0x6f, 0xff, 0xdf, 0xfb, 0x65, 0x7c, 0xff, 0xff,
    0xd0, 0x6, 0xff, 0xf7, 0xaf, 0xff, 0xff, 0xff,
    0xff, 0xe2, 0x0, 0x6f, 0xff, 0x70, 0xbf, 0xff,
    0xff, 0xff, 0xd2, 0x0, 0x6, 0xff, 0xf7, 0x0,
    0x6c, 0xef, 0xeb, 0x50, 0x0, 0x0, 0x6f, 0xff,
    0x70, 0x0, 0x0, 0x0, 0x0, 0x0, 0x0, 0x6,
    0xff, 0xf7, 0x0, 0x0, 0x0, 0x0, 0x0, 0x0,
    0x0, 0x6f, 0xff, 0x70, 0x0, 0x0, 0x0, 0x0,
    0x0, 0x0, 0x6, 0xff, 0xf7, 0x0, 0x0, 0x0,
    0x0, 0x0, 0x0, 0x0, 0x6f, 0xff, 0x70, 0x0,
    0x0, 0x0, 0x0, 0x0, 0x0, 0x6, 0xff, 0xf7,
    0x0, 0x0, 0x0, 0x0, 0x0, 0x0, 0x0, 0x6f,
    0xff, 0x70, 0x0, 0x0, 0x0, 0x0, 0x0, 0x0,
    0x0,

    /* U+0071 "q" */
    0x0, 0x0, 0x4, 0xad, 0xff, 0xd8, 0x10, 0x1f,
    0xff, 0xa0, 0x0, 0xa, 0xff, 0xff, 0xff, 0xfe,
    0x21, 0xff, 0xfa, 0x0, 0xc, 0xff, 0xff, 0xff,
    0xff, 0xfe, 0x2f, 0xff, 0xa0, 0x9, 0xff, 0xff,
    0xd7, 0x55, 0x9f, 0xfc, 0xff, 0xfa, 0x3, 0xff,
    0xff, 0x90, 0x0, 0x0, 0x2e, 0xff, 0xff, 0xa0,
    0x9f, 0xff, 0xc0, 0x0, 0x0, 0x0, 0x3f, 0xff,
    0xfa, 0xe, 0xff, 0xf4, 0x0, 0x0, 0x0, 0x0,
    0xbf, 0xff, 0xa1, 0xff, 0xfe, 0x0, 0x0, 0x0,
    0x0, 0x6, 0xff, 0xfa, 0x3f, 0xff, 0xc0, 0x0,
    0x0, 0x0, 0x0, 0x3f, 0xff, 0xa4, 0xff, 0xfa,
    0x0, 0x0, 0x0, 0x0, 0x2, 0xff, 0xfa, 0x4f,
    0xff, 0xa0, 0x0, 0x0, 0x0, 0x0, 0x2f, 0xff,
    0xa3, 0xff, 0xfc, 0x0, 0x0, 0x0, 0x0, 0x4,
    0xff, 0xfa, 0x1f, 0xff, 0xf0, 0x0, 0x0, 0x0,
    0x0, 0x7f, 0xff, 0xa0, 0xef, 0xff, 0x40, 0x0,
    0x0, 0x0, 0xc, 0xff, 0xfa, 0x9, 0xff, 0xfc,
    0x0, 0x0, 0x0, 0x4, 0xff, 0xff, 0xa0, 0x2f,
    0xff, 0xfa, 0x0, 0x0, 0x2, 0xef, 0xff, 0xfa,
    0x0, 0x9f, 0xff, 0xfd, 0x75, 0x59, 0xff, 0xdf,
    0xff, 0xa0, 0x0, 0xcf, 0xff, 0xff, 0xff, 0xff,
    0xd4, 0xff, 0xfa, 0x0, 0x0, 0xaf, 0xff, 0xff,
    0xff, 0xe2, 0x3f, 0xff, 0xa0, 0x0, 0x0, 0x3a,
    0xdf, 0xfd, 0x70, 0x3, 0xff, 0xfa, 0x0, 0x0,
    0x0, 0x0, 0x0, 0x0, 0x0, 0x3f, 0xff, 0xa0,
    0x0, 0x0, 0x0, 0x0, 0x0, 0x0, 0x3, 0xff,
    0xfa, 0x0, 0x0, 0x0, 0x0, 0x0, 0x0, 0x0,
    0x3f, 0xff, 0xa0, 0x0, 0x0, 0x0, 0x0, 0x0,
    0x0, 0x3, 0xff, 0xfa, 0x0, 0x0, 0x0, 0x0,
    0x0, 0x0, 0x0, 0x3f, 0xff, 0xa0, 0x0, 0x0,
    0x0, 0x0, 0x0, 0x0, 0x3, 0xff, 0xfa, 0x0,
    0x0, 0x0, 0x0, 0x0, 0x0, 0x0, 0x3f, 0xff,
    0xa0,

    /* U+0072 "r" */
    0x6f, 0xff, 0x50, 0x19, 0xdf, 0xf2, 0x6f, 0xff,
    0x53, 0xff, 0xff, 0xf2, 0x6f, 0xff, 0x6e, 0xff,
    0xff, 0xf2, 0x6f, 0xff, 0xdf, 0xfd, 0xaa, 0xb2,
    0x6f, 0xff, 0xff, 0x50, 0x0, 0x0, 0x6f, 0xff,
    0xf4, 0x0, 0x0, 0x0, 0x6f, 0xff, 0xb0, 0x0,
    0x0, 0x0, 0x6f, 0xff, 0x80, 0x0, 0x0, 0x0,
    0x6f, 0xff, 0x70, 0x0, 0x0, 0x0, 0x6f, 0xff,
    0x70, 0x0, 0x0, 0x0, 0x6f, 0xff, 0x70, 0x0,
    0x0, 0x0, 0x6f, 0xff, 0x70, 0x0, 0x0, 0x0,
    0x6f, 0xff, 0x70, 0x0, 0x0, 0x0, 0x6f, 0xff,
    0x70, 0x0, 0x0, 0x0, 0x6f, 0xff, 0x70, 0x0,
    0x0, 0x0, 0x6f, 0xff, 0x70, 0x0, 0x0, 0x0,
    0x6f, 0xff, 0x70, 0x0, 0x0, 0x0, 0x6f, 0xff,
    0x70, 0x0, 0x0, 0x0, 0x6f, 0xff, 0x70, 0x0,
    0x0, 0x0, 0x6f, 0xff, 0x70, 0x0, 0x0, 0x0,

    /* U+0073 "s" */
    0x0, 0x0, 0x17, 0xbe, 0xff, 0xeb, 0x60, 0x0,
    0x0, 0x0, 0x6f, 0xff, 0xff, 0xff, 0xff, 0xd2,
    0x0, 0x0, 0x8f, 0xff, 0xff, 0xff, 0xff, 0xff,
    0xe2, 0x0, 0x2f, 0xff, 0xfa, 0x41, 0x25, 0xcf,
    0xff, 0xb0, 0x8, 0xff, 0xf8, 0x0, 0x0, 0x0,
    0xcf, 0xff, 0x20, 0xaf, 0xff, 0x30, 0x0, 0x0,
    0x2, 0x74, 0x0, 0xa, 0xff, 0xf7, 0x0, 0x0,
    0x0, 0x0, 0x0, 0x0, 0x6f, 0xff, 0xf8, 0x20,
    0x0, 0x0, 0x0, 0x0, 0x0, 0xdf, 0xff, 0xff,
    0xda, 0x62, 0x0, 0x0, 0x0, 0x1, 0xcf, 0xff,
    0xff, 0xff, 0xfe, 0x81, 0x0, 0x0, 0x0, 0x5b,
    0xff, 0xff, 0xff, 0xff, 0xe3, 0x0, 0x0, 0x0,
    0x0, 0x47, 0xbf, 0xff, 0xff, 0xe1, 0x0, 0x0,
    0x0, 0x0, 0x0, 0x6, 0xff, 0xff, 0x80, 0x0,
    0x0, 0x0, 0x0, 0x0, 0x7, 0xff, 0xfb, 0x18,
    0xbe, 0x90, 0x0, 0x0, 0x0, 0x4f, 0xff, 0xb0,
    0xff, 0xff, 0x40, 0x0, 0x0, 0xb, 0xff, 0xf8,
    0x9, 0xff, 0xff, 0x94, 0x23, 0x6d, 0xff, 0xff,
    0x20, 0x1d, 0xff, 0xff, 0xff, 0xff, 0xff, 0xff,
    0x50, 0x0, 0x1b, 0xff, 0xff, 0xff, 0xff, 0xfd,
    0x40, 0x0, 0x0, 0x3, 0x9c, 0xff, 0xed, 0xa5,
    0x0, 0x0,

    /* U+0074 "t" */
    0x0, 0x6, 0x88, 0x80, 0x0, 0x0, 0x0, 0xc,
    0xff, 0xf1, 0x0, 0x0, 0x0, 0xc, 0xff, 0xf1,
    0x0, 0x0, 0x0, 0xc, 0xff, 0xf1, 0x0, 0x0,
    0x0, 0xc, 0xff, 0xf1, 0x0, 0x0, 0xaf, 0xff,
    0xff, 0xff, 0xff, 0xf0, 0xaf, 0xff, 0xff, 0xff,
    0xff, 0xf0, 0xaf, 0xff, 0xff, 0xff, 0xff, 0xf0,
    0x12, 0x2d, 0xff, 0xf3, 0x22, 0x20, 0x0, 0xc,
    0xff, 0xf1, 0x0, 0x0, 0x0, 0xc, 0xff, 0xf1,
    0x0, 0x0, 0x0, 0xc, 0xff, 0xf1, 0x0, 0x0,
    0x0, 0xc, 0xff, 0xf1, 0x0, 0x0, 0x0, 0xc,
    0xff, 0xf1, 0x0, 0x0, 0x0, 0xc, 0xff, 0xf1,
    0x0, 0x0, 0x0, 0xc, 0xff, 0xf1, 0x0, 0x0,
    0x0, 0xc, 0xff, 0xf1, 0x0, 0x0, 0x0, 0xc,
    0xff, 0xf1, 0x0, 0x0, 0x0, 0xc, 0xff, 0xf1,
    0x0, 0x0, 0x0, 0xc, 0xff, 0xf1, 0x0, 0x0,
    0x0, 0xb, 0xff, 0xf4, 0x0, 0x0, 0x0, 0x8,
    0xff, 0xfe, 0x65, 0x60, 0x0, 0x2, 0xff, 0xff,
    0xff, 0xf1, 0x0, 0x0, 0x6f, 0xff, 0xff, 0xf4,
    0x0, 0x0, 0x3, 0xae, 0xff, 0xd5,

    /* U+0075 "u" */
    0x6f, 0xff, 0x70, 0x0, 0x0, 0x0, 0xd, 0xff,
    0xf1, 0x6f, 0xff, 0x70, 0x0, 0x0, 0x0, 0xd,
    0xff, 0xf1, 0x6f, 0xff, 0x70, 0x0, 0x0, 0x0,
    0xd, 0xff, 0xf1, 0x6f, 0xff, 0x70, 0x0, 0x0,
    0x0, 0xd, 0xff, 0xf1, 0x6f, 0xff, 0x70, 0x0,
    0x0, 0x0, 0xd, 0xff, 0xf1, 0x6f, 0xff, 0x70,
    0x0, 0x0, 0x0, 0xd, 0xff, 0xf1, 0x6f, 0xff,
    0x70, 0x0, 0x0, 0x0, 0xd, 0xff, 0xf1, 0x6f,
    0xff, 0x70, 0x0, 0x0, 0x0, 0xd, 0xff, 0xf1,
    0x6f, 0xff, 0x70, 0x0, 0x0, 0x0, 0xd, 0xff,
    0xf1, 0x6f, 0xff, 0x70, 0x0, 0x0, 0x0, 0xd,
    0xff, 0xf1, 0x6f, 0xff, 0x70, 0x0, 0x0, 0x0,
    0xd, 0xff, 0xf1, 0x6f, 0xff, 0x70, 0x0, 0x0,
    0x0, 0xd, 0xff, 0xf1, 0x6f, 0xff, 0x70, 0x0,
    0x0, 0x0, 0xe, 0xff, 0xf1, 0x5f, 0xff, 0xa0,
    0x0, 0x0, 0x0, 0x1f, 0xff, 0xf1, 0x3f, 0xff,
    0xe0, 0x0, 0x0, 0x0, 0x8f, 0xff, 0xf1, 0xf,
    0xff, 0xfb, 0x0, 0x0, 0x5, 0xff, 0xff, 0xf1,
    0x9, 0xff, 0xff, 0xe8, 0x67, 0xcf, 0xfb, 0xff,
    0xf1, 0x1, 0xef, 0xff, 0xff, 0xff, 0xff, 0x7a,
    0xff, 0xf1, 0x0, 0x3e, 0xff, 0xff, 0xff, 0xf8,
    0xa, 0xff, 0xf1, 0x0, 0x0, 0x7c, 0xef, 0xda,
    0x30, 0xa, 0xff, 0xf1,

    /* U+0076 "v" */
    0xf, 0xff, 0xf2, 0x0, 0x0, 0x0, 0x0, 0x7,
    0xff, 0xfa, 0xa, 0xff, 0xf8, 0x0, 0x0, 0x0,
    0x0, 0xc, 0xff, 0xf4, 0x4, 0xff, 0xfd, 0x0,
    0x0, 0x0, 0x0, 0x2f, 0xff, 0xe0, 0x0, 0xef,
    0xff, 0x30, 0x0, 0x0, 0x0, 0x7f, 0xff, 0x80,
    0x0, 0x8f, 0xff, 0x80, 0x0, 0x0, 0x0, 0xdf,
    0xff, 0x30, 0x0, 0x2f, 0xff, 0xd0, 0x0, 0x0,
    0x2, 0xff, 0xfd, 0x0, 0x0, 0xc, 0xff, 0xf3,
    0x0, 0x0, 0x8, 0xff, 0xf7, 0x0, 0x0, 0x6,
    0xff, 0xf8, 0x0, 0x0, 0xd, 0xff, 0xf1, 0x0,
    0x0, 0x1, 0xff, 0xfe, 0x0, 0x0, 0x3f, 0xff,
    0xb0, 0x0, 0x0, 0x0, 0xaf, 0xff, 0x30, 0x0,
    0x8f, 0xff, 0x50, 0x0, 0x0, 0x0, 0x4f, 0xff,
    0x90, 0x0, 0xdf, 0xff, 0x0, 0x0, 0x0, 0x0,
    0xe, 0xff, 0xe0, 0x3, 0xff, 0xf9, 0x0, 0x0,
    0x0, 0x0, 0x8, 0xff, 0xf3, 0x8, 0xff, 0xf3,
    0x0, 0x0, 0x0, 0x0, 0x2, 0xff, 0xf8, 0xd,
    0xff, 0xd0, 0x0, 0x0, 0x0, 0x0, 0x0, 0xcf,
    0xfc, 0x1f, 0xff, 0x70, 0x0, 0x0, 0x0, 0x0,
    0x0, 0x7f, 0xff, 0x6f, 0xff, 0x10, 0x0, 0x0,
    0x0, 0x0, 0x0, 0x1f, 0xff, 0xef, 0xfb, 0x0,
    0x0, 0x0, 0x0, 0x0, 0x0, 0xb, 0xff, 0xff,
    0xf6, 0x0, 0x0, 0x0, 0x0, 0x0, 0x0, 0x5,
    0xff, 0xff, 0xf0, 0x0, 0x0, 0x0, 0x0, 0x0,
    0x0, 0x0, 0xef, 0xff, 0xa0, 0x0, 0x0, 0x0,

    /* U+0077 "w" */
    0xdf, 0xff, 0x30, 0x0, 0x0, 0x1, 0xff, 0xff,
    0x0, 0x0, 0x0, 0x6, 0xff, 0xfb, 0x8f, 0xff,
    0x70, 0x0, 0x0, 0x6, 0xff, 0xff, 0x40, 0x0,
    0x0, 0xa, 0xff, 0xf6, 0x4f, 0xff, 0xb0, 0x0,
    0x0, 0xa, 0xff, 0xff, 0x80, 0x0, 0x0, 0xe,
    0xff, 0xf1, 0xf, 0xff, 0xf0, 0x0, 0x0, 0xe,
    0xff, 0xff, 0xc0, 0x0, 0x0, 0x2f, 0xff, 0xc0,
    0xa, 0xff, 0xf4, 0x0, 0x0, 0x2f, 0xff, 0xff,
    0xf0, 0x0, 0x0, 0x7f, 0xff, 0x80, 0x6, 0xff,
    0xf8, 0x0, 0x0, 0x6f, 0xfa, 0xdf, 0xf4, 0x0,
    0x0, 0xbf, 0xff, 0x30, 0x1, 0xff, 0xfc, 0x0,
    0x0, 0xbf, 0xf7, 0x9f, 0xf8, 0x0, 0x0, 0xff,
    0xfe, 0x0, 0x0, 0xcf, 0xff, 0x0, 0x0, 0xef,
    0xf3, 0x6f, 0xfc, 0x0, 0x3, 0xff, 0xf9, 0x0,
    0x0, 0x7f, 0xff, 0x40, 0x3, 0xff, 0xf0, 0x2f,
    0xff, 0x10, 0x7, 0xff, 0xf5, 0x0, 0x0, 0x3f,
    0xff, 0x80, 0x7, 0xff, 0xb0, 0xe, 0xff, 0x40,
    0xb, 0xff, 0xf0, 0x0, 0x0, 0xe, 0xff, 0xc0,
    0xb, 0xff, 0x70, 0x9, 0xff, 0x80, 0xf, 0xff,
    0xb0, 0x0, 0x0, 0x9, 0xff, 0xf0, 0xf, 0xff,
    0x20, 0x5, 0xff, 0xc0, 0x3f, 0xff, 0x70, 0x0,
    0x0, 0x4, 0xff, 0xf4, 0x2f, 0xfe, 0x0, 0x1,
    0xff, 0xf0, 0x7f, 0xff, 0x20, 0x0, 0x0, 0x0,
    0xff, 0xf7, 0x6f, 0xfa, 0x0, 0x0, 0xcf, 0xf4,
    0xaf, 0xfd, 0x0, 0x0, 0x0, 0x0, 0xbf, 0xfb,
    0xaf, 0xf5, 0x0, 0x0, 0x8f, 0xf7, 0xef, 0xf8,
    0x0, 0x0, 0x0, 0x0, 0x6f, 0xfe, 0xdf, 0xf1,
    0x0, 0x0, 0x3f, 0xfc, 0xff, 0xf4, 0x0, 0x0,
    0x0, 0x0, 0x2f, 0xff, 0xff, 0xc0, 0x0, 0x0,
    0xf, 0xff, 0xff, 0xf0, 0x0, 0x0, 0x0, 0x0,
    0xd, 0xff, 0xff, 0x80, 0x0, 0x0, 0xa, 0xff,
    0xff, 0xa0, 0x0, 0x0, 0x0, 0x0, 0x8, 0xff,
    0xff, 0x30, 0x0, 0x0, 0x6, 0xff, 0xff, 0x50,
    0x0, 0x0, 0x0, 0x0, 0x3, 0xff, 0xfe, 0x0,
    0x0, 0x0, 0x1, 0xff, 0xff, 0x10, 0x0, 0x0,

    /* U+0078 "x" */
    0x4f, 0xff, 0xf1, 0x0, 0x0, 0x0, 0xd, 0xff,
    0xf6, 0x0, 0x9f, 0xff, 0xa0, 0x0, 0x0, 0x7,
    0xff, 0xfc, 0x0, 0x1, 0xef, 0xff, 0x40, 0x0,
    0x2, 0xff, 0xff, 0x20, 0x0, 0x5, 0xff, 0xfd,
    0x0, 0x0, 0xbf, 0xff, 0x70, 0x0, 0x0, 0xa,
    0xff, 0xf7, 0x0, 0x4f, 0xff, 0xd0, 0x0, 0x0,
    0x0, 0x1e, 0xff, 0xf1, 0xd, 0xff, 0xf3, 0x0,
    0x0, 0x0, 0x0, 0x6f, 0xff, 0x85, 0xff, 0xf8,
    0x0, 0x0, 0x0, 0x0, 0x0, 0xbf, 0xff, 0xef,
    0xfd, 0x0, 0x0, 0x0, 0x0, 0x0, 0x2, 0xff,
    0xff, 0xff, 0x40, 0x0, 0x0, 0x0, 0x0, 0x0,
    0x7, 0xff, 0xff, 0x90, 0x0, 0x0, 0x0, 0x0,
    0x0, 0x0, 0xcf, 0xff, 0xfc, 0x0, 0x0, 0x0,
    0x0, 0x0, 0x0, 0x7f, 0xff, 0xff, 0xf6, 0x0,
    0x0, 0x0, 0x0, 0x0, 0x2f, 0xff, 0xbb, 0xff,
    0xf2, 0x0, 0x0, 0x0, 0x0, 0xb, 0xff, 0xf3,
    0x3f, 0xff, 0xc0, 0x0, 0x0, 0x0, 0x6, 0xff,
    0xfa, 0x0, 0xaf, 0xff, 0x60, 0x0, 0x0, 0x1,
    0xff, 0xff, 0x20, 0x1, 0xff, 0xff, 0x20, 0x0,
    0x0, 0xbf, 0xff, 0x80, 0x0, 0x7, 0xff, 0xfb,
    0x0, 0x0, 0x5f, 0xff, 0xd0, 0x0, 0x0, 0xd,
    0xff, 0xf6, 0x0, 0x1e, 0xff, 0xf4, 0x0, 0x0,
    0x0, 0x3f, 0xff, 0xf1, 0xa, 0xff, 0xfa, 0x0,
    0x0, 0x0, 0x0, 0x9f, 0xff, 0xb0,

    /* U+0079 "y" */
    0xf, 0xff, 0xf2, 0x0, 0x0, 0x0, 0x0, 0x6,
    0xff, 0xfb, 0x9, 0xff, 0xf8, 0x0, 0x0, 0x0,
    0x0, 0xc, 0xff, 0xf5, 0x3, 0xff, 0xfd, 0x0,
    0x0, 0x0, 0x0, 0x2f, 0xff, 0xe0, 0x0, 0xdf,
    0xff, 0x30, 0x0, 0x0, 0x0, 0x7f, 0xff, 0x80,
    0x0, 0x7f, 0xff, 0x90, 0x0, 0x0, 0x0, 0xdf,
    0xff, 0x20, 0x0, 0x1f, 0xff, 0xe0, 0x0, 0x0,
    0x3, 0xff, 0xfc, 0x0, 0x0, 0xb, 0xff, 0xf4,
    0x0, 0x0, 0x9, 0xff, 0xf6, 0x0, 0x0, 0x5,
    0xff, 0xf9, 0x0, 0x0, 0xe, 0xff, 0xf0, 0x0,
    0x0, 0x0, 0xef, 0xff, 0x0, 0x0, 0x4f, 0xff,
    0xa0, 0x0, 0x0, 0x0, 0x9f, 0xff, 0x50, 0x0,
    0xaf, 0xff, 0x40, 0x0, 0x0, 0x0, 0x3f, 0xff,
    0xa0, 0x0, 0xff, 0xfd, 0x0, 0x0, 0x0, 0x0,
    0xd, 0xff, 0xf0, 0x5, 0xff, 0xf7, 0x0, 0x0,
    0x0, 0x0, 0x6, 0xff, 0xf4, 0xa, 0xff, 0xf1,
    0x0, 0x0, 0x0, 0x0, 0x1, 0xff, 0xf9, 0xf,
    0xff, 0xb0, 0x0, 0x0, 0x0, 0x0, 0x0, 0xaf,
    0xfd, 0x4f, 0xff, 0x50, 0x0, 0x0, 0x0, 0x0,
    0x0, 0x4f, 0xff, 0xaf, 0xfe, 0x0, 0x0, 0x0,
    0x0, 0x0, 0x0, 0xe, 0xff, 0xff, 0xf9, 0x0,
    0x0, 0x0, 0x0, 0x0, 0x0, 0x8, 0xff, 0xff,
    0xf2, 0x0, 0x0, 0x0, 0x0, 0x0, 0x0, 0x2,
    0xff, 0xff, 0xc0, 0x0, 0x0, 0x0, 0x0, 0x0,
    0x0, 0x0, 0xdf, 0xff, 0x60, 0x0, 0x0, 0x0,
    0x0, 0x0, 0x0, 0x0, 0xff, 0xff, 0x10, 0x0,
    0x0, 0x0, 0x0, 0x0, 0x0, 0x4, 0xff, 0xfa,
    0x0, 0x0, 0x0, 0x0, 0x0, 0x0, 0x0, 0xc,
    0xff, 0xf3, 0x0, 0x0, 0x0, 0x0, 0x0, 0x6,
    0x55, 0xbf, 0xff, 0xc0, 0x0, 0x0, 0x0, 0x0,
    0x0, 0xf, 0xff, 0xff, 0xff, 0x20, 0x0, 0x0,
    0x0, 0x0, 0x0, 0x5f, 0xff, 0xff, 0xf4, 0x0,
    0x0, 0x0, 0x0, 0x0, 0x0, 0x6d, 0xff, 0xd9,
    0x20, 0x0, 0x0, 0x0, 0x0, 0x0,

    /* U+007A "z" */
    0x7f, 0xff, 0xff, 0xff, 0xff, 0xff, 0xff, 0xf9,
    0x7f, 0xff, 0xff, 0xff, 0xff, 0xff, 0xff, 0xf9,
    0x7f, 0xff, 0xff, 0xff, 0xff, 0xff, 0xff, 0xf9,
    0x37, 0x77, 0x77, 0x77, 0x77, 0xbf, 0xff, 0xf2,
    0x0, 0x0, 0x0, 0x0, 0x1, 0xef, 0xff, 0x50,
    0x0, 0x0, 0x0, 0x0, 0xc, 0xff, 0xfa, 0x0,
    0x0, 0x0, 0x0, 0x0, 0x8f, 0xff, 0xd0, 0x0,
    0x0, 0x0, 0x0, 0x4, 0xff, 0xff, 0x20, 0x0,
    0x0, 0x0, 0x0, 0x2e, 0xff, 0xf6, 0x0, 0x0,
    0x0, 0x0, 0x0, 0xcf, 0xff, 0xa0, 0x0, 0x0,
    0x0, 0x0, 0x9, 0xff, 0xfd, 0x0, 0x0, 0x0,
    0x0, 0x0, 0x5f, 0xff, 0xf3, 0x0, 0x0, 0x0,
    0x0, 0x2, 0xff, 0xff, 0x60, 0x0, 0x0, 0x0,
    0x0, 0xd, 0xff, 0xfa, 0x0, 0x0, 0x0, 0x0,
    0x0, 0xaf, 0xff, 0xd0, 0x0, 0x0, 0x0, 0x0,
    0x6, 0xff, 0xff, 0x30, 0x0, 0x0, 0x0, 0x0,
    0x3f, 0xff, 0xfc, 0x77, 0x77, 0x77, 0x77, 0x77,
    0xcf, 0xff, 0xff, 0xff, 0xff, 0xff, 0xff, 0xff,
    0xdf, 0xff, 0xff, 0xff, 0xff, 0xff, 0xff, 0xff,
    0xdf, 0xff, 0xff, 0xff, 0xff, 0xff, 0xff, 0xff,

    /* U+007B "{" */
    0x0, 0x0, 0x0, 0x3, 0x9c, 0xec, 0x0, 0x0,
    0x0, 0x9f, 0xff, 0xfd, 0x0, 0x0, 0x8, 0xff,
    0xff, 0xfd, 0x0, 0x0, 0x1f, 0xff, 0xf9, 0x31,
    0x0, 0x0, 0x5f, 0xff, 0x90, 0x0, 0x0, 0x0,
    0x8f, 0xff, 0x20, 0x0, 0x0, 0x0, 0x9f, 0xff,
    0x0, 0x0, 0x0, 0x0, 0xaf, 0xff, 0x0, 0x0,
    0x0, 0x0, 0xaf, 0xff, 0x0, 0x0, 0x0, 0x0,
    0xaf, 0xff, 0x0, 0x0, 0x0, 0x0, 0xaf, 0xff,
    0x0, 0x0, 0x0, 0x0, 0xaf, 0xff, 0x0, 0x0,
    0x0, 0x0, 0xcf, 0xfe, 0x0, 0x0, 0x0, 0x1,
    0xff, 0xfc, 0x0, 0x0, 0x0, 0x3c, 0xff, 0xf6,
    0x0, 0x0, 0x7f, 0xff, 0xff, 0xb0, 0x0, 0x0,
    0x7f, 0xff, 0xb5, 0x0, 0x0, 0x0, 0x7f, 0xff,
    0xd7, 0x0, 0x0, 0x0, 0x6e, 0xff, 0xff, 0xd1,
    0x0, 0x0, 0x0, 0x1a, 0xff, 0xf8, 0x0, 0x0,
    0x0, 0x1, 0xff, 0xfd, 0x0, 0x0, 0x0, 0x0,
    0xcf, 0xff, 0x0, 0x0, 0x0, 0x0, 0xaf, 0xff,
    0x0, 0x0, 0x0, 0x0, 0xaf, 0xff, 0x0, 0x0,
    0x0, 0x0, 0xaf, 0xff, 0x0, 0x0, 0x0, 0x0,
    0xaf, 0xff, 0x0, 0x0, 0x0, 0x0, 0x9f, 0xff,
    0x0, 0x0, 0x0, 0x0, 0x8f, 0xff, 0x10, 0x0,
    0x0, 0x0, 0x6f, 0xff, 0x70, 0x0, 0x0, 0x0,
    0x2f, 0xff, 0xf8, 0x31, 0x0, 0x0, 0xa, 0xff,
    0xff, 0xfd, 0x0, 0x0, 0x0, 0xbf, 0xff, 0xfd,
    0x0, 0x0, 0x0, 0x4, 0x9d, 0xec,

    /* U+007C "|" */
    0x48, 0x87, 0x8f, 0xff, 0x8f, 0xff, 0x8f, 0xff,
    0x8f, 0xff, 0x8f, 0xff, 0x8f, 0xff, 0x8f, 0xff,
    0x8f, 0xff, 0x8f, 0xff, 0x8f, 0xff, 0x8f, 0xff,
    0x8f, 0xff, 0x8f, 0xff, 0x8f, 0xff, 0x8f, 0xff,
    0x8f, 0xff, 0x8f, 0xff, 0x8f, 0xff, 0x8f, 0xff,
    0x8f, 0xff, 0x8f, 0xff, 0x8f, 0xff, 0x8f, 0xff,
    0x8f, 0xff, 0x8f, 0xff, 0x8f, 0xff, 0x8f, 0xff,
    0x8f, 0xff, 0x8f, 0xff, 0x8f, 0xff, 0x8f, 0xff,
    0x8f, 0xff, 0x8f, 0xff, 0x8f, 0xff, 0x8f, 0xff,
    0x8f, 0xff, 0x8f, 0xff, 0x8f, 0xff, 0x8f, 0xff,
    0x8f, 0xff, 0x8f, 0xff, 0x8f, 0xff, 0x8f, 0xff,

    /* U+007D "}" */
    0xee, 0xc8, 0x20, 0x0, 0x0, 0x0, 0xff, 0xff,
    0xf8, 0x0, 0x0, 0x0, 0xff, 0xff, 0xff, 0x60,
    0x0, 0x0, 0x24, 0xaf, 0xff, 0xe0, 0x0, 0x0,
    0x0, 0xa, 0xff, 0xf2, 0x0, 0x0, 0x0, 0x4,
    0xff, 0xf5, 0x0, 0x0, 0x0, 0x2, 0xff, 0xf6,
    0x0, 0x0, 0x0, 0x1, 0xff, 0xf7, 0x0, 0x0,
    0x0, 0x1, 0xff, 0xf7, 0x0, 0x0, 0x0, 0x1,
    0xff, 0xf7, 0x0, 0x0, 0x0, 0x1, 0xff, 0xf7,
    0x0, 0x0, 0x0, 0x1, 0xff, 0xf7, 0x0, 0x0,
    0x0, 0x0, 0xff, 0xf9, 0x0, 0x0, 0x0, 0x0,
    0xef, 0xfe, 0x0, 0x0, 0x0, 0x0, 0x8f, 0xff,
    0xb3, 0x0, 0x0, 0x0, 0x1c, 0xff, 0xff, 0xf5,
    0x0, 0x0, 0x0, 0x5b, 0xff, 0xf5, 0x0, 0x0,
    0x2, 0x9e, 0xff, 0xf5, 0x0, 0x0, 0x3f, 0xff,
    0xff, 0xc4, 0x0, 0x0, 0xbf, 0xff, 0x80, 0x0,
    0x0, 0x0, 0xff, 0xfc, 0x0, 0x0, 0x0, 0x1,
    0xff, 0xf8, 0x0, 0x0, 0x0, 0x1, 0xff, 0xf7,
    0x0, 0x0, 0x0, 0x1, 0xff, 0xf7, 0x0, 0x0,
    0x0, 0x1, 0xff, 0xf7, 0x0, 0x0, 0x0, 0x1,
    0xff, 0xf7, 0x0, 0x0, 0x0, 0x1, 0xff, 0xf7,
    0x0, 0x0, 0x0, 0x4, 0xff, 0xf6, 0x0, 0x0,
    0x0, 0x9, 0xff, 0xf3, 0x0, 0x0, 0x13, 0x9f,
    0xff, 0xe0, 0x0, 0x0, 0xff, 0xff, 0xff, 0x70,
    0x0, 0x0, 0xff, 0xff, 0xf9, 0x0, 0x0, 0x0,
    0xee, 0xc9, 0x30, 0x0, 0x0, 0x0,

    /* U+007E "~" */
    0x0, 0x4, 0xbe, 0xfc, 0x70, 0x0, 0x0, 0x0,
    0x55, 0x50, 0x0, 0x8f, 0xff, 0xff, 0xfd, 0x20,
    0x0, 0x4, 0xff, 0xf1, 0x4, 0xff, 0xff, 0xff,
    0xff, 0xf5, 0x0, 0x9, 0xff, 0xf0, 0xb, 0xff,
    0xfa, 0x7b, 0xff, 0xff, 0xa7, 0xaf, 0xff, 0xb0,
    0xf, 0xff, 0x90, 0x0, 0x5f, 0xff, 0xff, 0xff,
    0xff, 0x40, 0xf, 0xff, 0x40, 0x0, 0x2, 0xdf,
    0xff, 0xff, 0xf8, 0x0, 0x5, 0x55, 0x0, 0x0,
    0x0, 0x7, 0xcf, 0xeb, 0x40, 0x0,

    /* U+00A0 " " */

    /* U+00A1 "¡" */
    0x2, 0xcf, 0xc2, 0x0, 0xdf, 0xff, 0xd0, 0x1f,
    0xff, 0xff, 0x0, 0xef, 0xff, 0xe0, 0x4, 0xef,
    0xe3, 0x0, 0x0, 0x10, 0x0, 0x0, 0x0, 0x0,
    0x0, 0x0, 0x0, 0x0, 0x0, 0x0, 0x0, 0x0,
    0x6f, 0xff, 0x50, 0x6, 0xff, 0xf6, 0x0, 0x6f,
    0xff, 0x60, 0x6, 0xff, 0xf6, 0x0, 0x7f, 0xff,
    0x60, 0x7, 0xff, 0xf7, 0x0, 0x7f, 0xff, 0x70,
    0x7, 0xff, 0xf7, 0x0, 0x8f, 0xff, 0x70, 0x8,
    0xff, 0xf8, 0x0, 0x8f, 0xff, 0x80, 0x8, 0xff,
    0xf8, 0x0, 0x9f, 0xff, 0x80, 0x9, 0xff, 0xf8,
    0x0, 0x9f, 0xff, 0x90, 0x9, 0xff, 0xf9, 0x0,
    0xaf, 0xff, 0x90, 0x9, 0xee, 0xe8, 0x0,

    /* U+00A2 "¢" */
    0x0, 0x0, 0x0, 0x0, 0x5f, 0xc0, 0x0, 0x0,
    0x0, 0x0, 0x0, 0x0, 0x0, 0x5, 0xfc, 0x0,
    0x0, 0x0, 0x0, 0x0, 0x0, 0x0, 0x0, 0x5f,
    0xc0, 0x0, 0x0, 0x0, 0x0, 0x0, 0x0, 0x17,
    0xcf, 0xff, 0xeb, 0x60, 0x0, 0x0, 0x0, 0x0,
    0x6f, 0xff, 0xff, 0xff, 0xff, 0xe4, 0x0, 0x0,
    0x0, 0x7f, 0xff, 0xff, 0xff, 0xff, 0xff, 0xf5,
    0x0, 0x0, 0x5f, 0xff, 0xfc, 0x9f, 0xd7, 0xdf,
    0xff, 0xf2, 0x0, 0x1e, 0xff, 0xf8, 0x5, 0xfc,
    0x0, 0xbf, 0xff, 0xa0, 0x7, 0xff, 0xfb, 0x0,
    0x5f, 0xc0, 0x1, 0xff, 0xfc, 0x0, 0xcf, 0xff,
    0x50, 0x5, 0xfc, 0x0, 0x5, 0x41, 0x0, 0x1f,
    0xff, 0xe0, 0x0, 0x5f, 0xc0, 0x0, 0x0, 0x0,
    0x2, 0xff, 0xfc, 0x0, 0x5, 0xfc, 0x0, 0x0,
    0x0, 0x0, 0x4f, 0xff, 0xa0, 0x0, 0x5f, 0xc0,
    0x0, 0x0, 0x0, 0x4, 0xff, 0xfa, 0x0, 0x5,
    0xfc, 0x0, 0x0, 0x0, 0x0, 0x2f, 0xff, 0xc0,
    0x0, 0x5f, 0xc0, 0x0, 0x0, 0x0, 0x1, 0xff,
    0xfe, 0x0, 0x5, 0xfc, 0x0, 0x0, 0x0, 0x0,
    0xc, 0xff, 0xf4, 0x0, 0x5f, 0xc0, 0x0, 0x67,
    0x30, 0x0, 0x7f, 0xff, 0xb0, 0x5, 0xfc, 0x0,
    0x1f, 0xff, 0xe0, 0x1, 0xef, 0xff, 0x70, 0x5f,
    0xc0, 0xb, 0xff, 0xfa, 0x0, 0x6, 0xff, 0xff,
    0xb9, 0xfd, 0x7d, 0xff, 0xff, 0x20, 0x0, 0x8,
    0xff, 0xff, 0xff, 0xff, 0xff, 0xff, 0x50, 0x0,
    0x0, 0x6, 0xff, 0xff, 0xff, 0xff, 0xfe, 0x40,
    0x0, 0x0, 0x0, 0x1, 0x8d, 0xff, 0xff, 0xb6,
    0x0, 0x0, 0x0, 0x0, 0x0, 0x0, 0x5, 0xfc,
    0x0, 0x0, 0x0, 0x0, 0x0, 0x0, 0x0, 0x0,
    0x5f, 0xc0, 0x0, 0x0, 0x0, 0x0, 0x0, 0x0,
    0x0, 0x5, 0xfc, 0x0, 0x0, 0x0, 0x0,

    /* U+00A3 "£" */
    0x0, 0x0, 0x0, 0x2, 0x8c, 0xef, 0xec, 0x81,
    0x0, 0x0, 0x0, 0x0, 0x0, 0x9f, 0xff, 0xff,
    0xff, 0xff, 0x70, 0x0, 0x0, 0x0, 0xc, 0xff,
    0xff, 0xff, 0xff, 0xff, 0xf8, 0x0, 0x0, 0x0,
    0x9f, 0xff, 0xfd, 0x97, 0x9e, 0xff, 0xff, 0x50,
    0x0, 0x2, 0xff, 0xff, 0x50, 0x0, 0x0, 0x9f,
    0xff, 0xd0, 0x0, 0x7, 0xff, 0xf9, 0x0, 0x0,
    0x0, 0xc, 0xff, 0xf3, 0x0, 0xa, 0xff, 0xf3,
    0x0, 0x0, 0x0, 0x5, 0xca, 0x82, 0x0, 0xa,
    0xff, 0xf1, 0x0, 0x0, 0x0, 0x0, 0x0, 0x0,
    0x0, 0xa, 0xff, 0xf2, 0x0, 0x0, 0x0, 0x0,
    0x0, 0x0, 0x0, 0x9, 0xff, 0xf2, 0x0, 0x0,
    0x0, 0x0, 0x0, 0x0, 0x0, 0x9, 0xff, 0xf3,
    0x0, 0x0, 0x0, 0x0, 0x0, 0x0, 0x2e, 0xef,
    0xff, 0xfe, 0xee, 0xee, 0xee, 0xe2, 0x0, 0x0,
    0x2f, 0xff, 0xff, 0xff, 0xff, 0xff, 0xff, 0xf2,
    0x0, 0x0, 0x2f, 0xff, 0xff, 0xff, 0xff, 0xff,
    0xff, 0xf2, 0x0, 0x0, 0x0, 0x7, 0xff, 0xf5,
    0x0, 0x0, 0x0, 0x0, 0x0, 0x0, 0x0, 0x6,
    0xff, 0xf5, 0x0, 0x0, 0x0, 0x0, 0x0, 0x0,
    0x0, 0x5, 0xff, 0xf6, 0x0, 0x0, 0x0, 0x0,
    0x0, 0x0, 0x0, 0x5, 0xff, 0xf6, 0x0, 0x0,
    0x0, 0x0, 0x0, 0x0, 0x0, 0x4, 0xff, 0xf7,
    0x0, 0x0, 0x0, 0x0, 0x0, 0x0, 0x0, 0x4,
    0xff, 0xf6, 0x0, 0x0, 0x0, 0x0, 0x0, 0x0,
    0x0, 0x6, 0xff, 0xf2, 0x0, 0x0, 0x0, 0x1,
    0xee, 0xe7, 0x0, 0xd, 0xff, 0x70, 0x0, 0x0,
    0x0, 0x2, 0xff, 0xf7, 0x19, 0xef, 0xfc, 0x77,
    0x77, 0x77, 0x77, 0x7c, 0xff, 0xf5, 0x2f, 0xff,
    0xff, 0xff, 0xff, 0xff, 0xff, 0xff, 0xff, 0xf1,
    0x2f, 0xff, 0xff, 0xff, 0xff, 0xff, 0xff, 0xff,
    0xff, 0x70, 0x2f, 0xff, 0xff, 0xff, 0xff, 0xff,
    0xff, 0xfe, 0xb4, 0x0,

    /* U+00A4 "¤" */
    0x0, 0x20, 0x0, 0x0, 0x0, 0x0, 0x0, 0x0,
    0x0, 0x0, 0x20, 0x0, 0x7f, 0x50, 0x0, 0x49,
    0xdf, 0xfe, 0xb7, 0x10, 0x0, 0xbe, 0x20, 0x6f,
    0xff, 0x43, 0xdf, 0xff, 0xff, 0xff, 0xff, 0x80,
    0xbf, 0xfe, 0x13, 0xff, 0xff, 0xff, 0xff, 0xff,
    0xff, 0xff, 0xff, 0xff, 0xff, 0xb0, 0x3, 0xff,
    0xff, 0xfe, 0x83, 0x0, 0x15, 0xcf, 0xff, 0xff,
    0xb0, 0x0, 0x7, 0xff, 0xfc, 0x10, 0x0, 0x0,
    0x0, 0x7f, 0xff, 0xe0, 0x0, 0x0, 0xef, 0xfb,
    0x0, 0x0, 0x0, 0x0, 0x0, 0x5f, 0xff, 0x60,
    0x0, 0x6f, 0xfe, 0x10, 0x0, 0x0, 0x0, 0x0,
    0x0, 0x9f, 0xfd, 0x0, 0xc, 0xff, 0x60, 0x0,
    0x0, 0x0, 0x0, 0x0, 0x0, 0xff, 0xf3, 0x0,
    0xff, 0xf0, 0x0, 0x0, 0x0, 0x0, 0x0, 0x0,
    0x9, 0xff, 0x70, 0x3f, 0xfc, 0x0, 0x0, 0x0,
    0x0, 0x0, 0x0, 0x0, 0x6f, 0xfa, 0x4, 0xff,
    0xa0, 0x0, 0x0, 0x0, 0x0, 0x0, 0x0, 0x4,
    0xff, 0xc0, 0x4f, 0xfa, 0x0, 0x0, 0x0, 0x0,
    0x0, 0x0, 0x0, 0x4f, 0xfc, 0x3, 0xff, 0xc0,
    0x0, 0x0, 0x0, 0x0, 0x0, 0x0, 0x6, 0xff,
    0xa0, 0xf, 0xff, 0x0, 0x0, 0x0, 0x0, 0x0,
    0x0, 0x0, 0xaf, 0xf7, 0x0, 0xcf, 0xf6, 0x0,
    0x0, 0x0, 0x0, 0x0, 0x0, 0x1f, 0xff, 0x30,
    0x6, 0xff, 0xe1, 0x0, 0x0, 0x0, 0x0, 0x0,
    0xa, 0xff, 0xd0, 0x0, 0xe, 0xff, 0xc0, 0x0,
    0x0, 0x0, 0x0, 0x6, 0xff, 0xf5, 0x0, 0x0,
    0xbf, 0xff, 0xc1, 0x0, 0x0, 0x0, 0x8, 0xff,
    0xff, 0x40, 0x0, 0xaf, 0xff, 0xff, 0xf8, 0x31,
    0x2, 0x6d, 0xff, 0xff, 0xff, 0x40, 0x8f, 0xff,
    0xdf, 0xff, 0xff, 0xff, 0xff, 0xff, 0xfd, 0xff,
    0xff, 0x21, 0xef, 0xc0, 0x3d, 0xff, 0xff, 0xff,
    0xff, 0xf7, 0x5, 0xff, 0x80, 0x2, 0xb0, 0x0,
    0x4, 0x9d, 0xff, 0xeb, 0x61, 0x0, 0x5, 0x90,
    0x0,

    /* U+00A5 "¥" */
    0x3f, 0xff, 0xf1, 0x0, 0x0, 0x0, 0x0, 0xf,
    0xff, 0xf4, 0xb, 0xff, 0xf7, 0x0, 0x0, 0x0,
    0x0, 0x6f, 0xff, 0xd0, 0x4, 0xff, 0xfe, 0x0,
    0x0, 0x0, 0x0, 0xdf, 0xff, 0x50, 0x0, 0xcf,
    0xff, 0x50, 0x0, 0x0, 0x5, 0xff, 0xfd, 0x0,
    0x0, 0x4f, 0xff, 0xc0, 0x0, 0x0, 0xc, 0xff,
    0xf5, 0x0, 0x0, 0xd, 0xff, 0xf3, 0x0, 0x0,
    0x3f, 0xff, 0xd0, 0x0, 0x0, 0x5, 0xff, 0xfa,
    0x0, 0x0, 0xaf, 0xff, 0x60, 0x0, 0x0, 0x0,
    0xdf, 0xff, 0x20, 0x1, 0xff, 0xfe, 0x0, 0x0,
    0x0, 0x0, 0x6f, 0xff, 0x80, 0x8, 0xff, 0xf6,
    0x0, 0x0, 0x0, 0x0, 0xe, 0xff, 0xf0, 0xe,
    0xff, 0xe0, 0x0, 0x0, 0x0, 0x0, 0x6, 0xff,
    0xf7, 0x6f, 0xff, 0x70, 0x0, 0x0, 0x0, 0x0,
    0x0, 0xef, 0xfd, 0xdf, 0xfe, 0x0, 0x0, 0x0,
    0x0, 0x0, 0x0, 0x7f, 0xff, 0xff, 0xf7, 0x0,
    0x0, 0x0, 0x0, 0xaf, 0xff, 0xff, 0xff, 0xff,
    0xff, 0xff, 0xf8, 0x0, 0x0, 0xaf, 0xff, 0xff,
    0xff, 0xff, 0xff, 0xff, 0xf8, 0x0, 0x0, 0x7a,
    0xaa, 0xaa, 0xff, 0xff, 0xaa, 0xaa, 0xa5, 0x0,
    0x0, 0x0, 0x0, 0x0, 0xff, 0xff, 0x0, 0x0,
    0x0, 0x0, 0x0, 0x0, 0x0, 0x0, 0xff, 0xff,
    0x0, 0x0, 0x0, 0x0, 0x0, 0xaf, 0xff, 0xff,
    0xff, 0xff, 0xff, 0xff, 0xf8, 0x0, 0x0, 0xaf,
    0xff, 0xff, 0xff, 0xff, 0xff, 0xff, 0xf8, 0x0,
    0x0, 0x6a, 0xaa, 0xaa, 0xff, 0xff, 0xaa, 0xaa,
    0xa5, 0x0, 0x0, 0x0, 0x0, 0x0, 0xff, 0xff,
    0x0, 0x0, 0x0, 0x0, 0x0, 0x0, 0x0, 0x0,
    0xff, 0xff, 0x0, 0x0, 0x0, 0x0, 0x0, 0x0,
    0x0, 0x0, 0xff, 0xff, 0x0, 0x0, 0x0, 0x0,
    0x0, 0x0, 0x0, 0x0, 0xff, 0xff, 0x0, 0x0,
    0x0, 0x0, 0x0, 0x0, 0x0, 0x0, 0xff, 0xff,
    0x0, 0x0, 0x0, 0x0,

    /* U+00A6 "¦" */
    0x8f, 0xff, 0x8, 0xff, 0xf0, 0x8f, 0xff, 0x8,
    0xff, 0xf0, 0x8f, 0xff, 0x8, 0xff, 0xf0, 0x8f,
    0xff, 0x8, 0xff, 0xf0, 0x8f, 0xff, 0x8, 0xff,
    0xf0, 0x8f, 0xff, 0x8, 0xff, 0xf0, 0x1, 0x11,
    0x0, 0x0, 0x0, 0x0, 0x0, 0x0, 0x0, 0x0,
    0x0, 0x0, 0x0, 0x0, 0x0, 0x0, 0x0, 0x8,
    0xff, 0xf0, 0x8f, 0xff, 0x8, 0xff, 0xf0, 0x8f,
    0xff, 0x8, 0xff, 0xf0, 0x8f, 0xff, 0x8, 0xff,
    0xf0, 0x8f, 0xff, 0x8, 0xff, 0xf0, 0x8f, 0xff,
    0x8, 0xff, 0xf0, 0x8f, 0xff, 0x1, 0x22, 0x20,

    /* U+00A7 "§" */
    0x0, 0x0, 0x3, 0x9d, 0xff, 0xeb, 0x60, 0x0,
    0x0, 0x0, 0x0, 0x8f, 0xff, 0xff, 0xff, 0xfc,
    0x10, 0x0, 0x0, 0x8, 0xff, 0xff, 0xff, 0xff,
    0xff, 0xc0, 0x0, 0x0, 0x1f, 0xff, 0xf9, 0x43,
    0x6d, 0xff, 0xf6, 0x0, 0x0, 0x6f, 0xff, 0x70,
    0x0, 0x0, 0xef, 0xfe, 0x0, 0x0, 0x8f, 0xff,
    0x10, 0x0, 0x0, 0x5f, 0xfd, 0x10, 0x0, 0x7f,
    0xff, 0x20, 0x0, 0x0, 0x5, 0x10, 0x0, 0x0,
    0x3f, 0xff, 0xa0, 0x0, 0x0, 0x0, 0x0, 0x0,
    0x0, 0xc, 0xff, 0xfa, 0x10, 0x0, 0x0, 0x0,
    0x0, 0x0, 0x1, 0xdf, 0xff, 0xf7, 0x0, 0x0,
    0x0, 0x0, 0x0, 0x2, 0x7f, 0xff, 0xff, 0xe6,
    0x0, 0x0, 0x0, 0x0, 0x8f, 0xf5, 0x5, 0xdf,
    0xff, 0xd5, 0x0, 0x0, 0x5, 0xff, 0x70, 0x0,
    0x6, 0xef, 0xff, 0xa1, 0x0, 0xc, 0xff, 0x40,
    0x0, 0x0, 0x7, 0xff, 0xfd, 0x0, 0xf, 0xff,
    0x50, 0x0, 0x0, 0x0, 0x1d, 0xff, 0xa0, 0xf,
    0xff, 0xc0, 0x0, 0x0, 0x0, 0x2, 0xff, 0xf2,
    0xb, 0xff, 0xfb, 0x10, 0x0, 0x0, 0x0, 0xdf,
    0xf6, 0x3, 0xff, 0xff, 0xf7, 0x0, 0x0, 0x0,
    0xdf, 0xf6, 0x0, 0x7f, 0xff, 0xff, 0xe6, 0x0,
    0x4, 0xff, 0xf4, 0x0, 0x6, 0xff, 0xff, 0xff,
    0xd7, 0x9f, 0xff, 0xc0, 0x0, 0x0, 0x2a, 0xff,
    0xff, 0xff, 0xff, 0xfc, 0x10, 0x0, 0x0, 0x0,
    0x3b, 0xff, 0xff, 0xfb, 0x40, 0x0, 0x0, 0x0,
    0x0, 0x0, 0x4c, 0xff, 0xff, 0x70, 0x0, 0x0,
    0x0, 0x0, 0x0, 0x0, 0x7f, 0xff, 0xf4, 0x0,
    0x0, 0x0, 0x0, 0x0, 0x0, 0x3, 0xff, 0xfb,
    0x0, 0x0, 0x1, 0x41, 0x0, 0x0, 0x0, 0xbf,
    0xff, 0x0, 0x2, 0xdf, 0xf6, 0x0, 0x0, 0x0,
    0xaf, 0xff, 0x0, 0x0, 0xef, 0xfe, 0x10, 0x0,
    0x1, 0xef, 0xfe, 0x0, 0x0, 0x8f, 0xff, 0xe7,
    0x43, 0x6d, 0xff, 0xf8, 0x0, 0x0, 0xd, 0xff,
    0xff, 0xff, 0xff, 0xff, 0xe1, 0x0, 0x0, 0x1,
    0xcf, 0xff, 0xff, 0xff, 0xfc, 0x20, 0x0, 0x0,
    0x0, 0x5, 0xbe, 0xff, 0xea, 0x50, 0x0, 0x0,

    /* U+00A8 "¨" */
    0x0, 0x66, 0x0, 0x0, 0x2, 0x74, 0x0, 0xcf,
    0xfd, 0x0, 0x4, 0xff, 0xf6, 0x2f, 0xff, 0xf4,
    0x0, 0x9f, 0xff, 0xc0, 0xff, 0xff, 0x20, 0x7,
    0xff, 0xfa, 0x5, 0xee, 0x60, 0x0, 0xa, 0xfb,
    0x10,

    /* U+00A9 "©" */
    0x0, 0x0, 0x0, 0x0, 0x1, 0x6a, 0xdf, 0xff,
    0xda, 0x60, 0x0, 0x0, 0x0, 0x0, 0x0, 0x0,
    0x0, 0x1, 0x9f, 0xff, 0xff, 0xff, 0xff, 0xff,
    0x80, 0x0, 0x0, 0x0, 0x0, 0x0, 0x0, 0x5f,
    0xff, 0xff, 0xff, 0xff, 0xff, 0xff, 0xfe, 0x40,
    0x0, 0x0, 0x0, 0x0, 0x8, 0xff, 0xff, 0xfe,
    0xa8, 0x78, 0xae, 0xff, 0xff, 0xf7, 0x0, 0x0,
    0x0, 0x0, 0x8f, 0xff, 0xfc, 0x40, 0x0, 0x0,
    0x0, 0x4d, 0xff, 0xff, 0x70, 0x0, 0x0, 0x5,
    0xff, 0xff, 0x60, 0x0, 0x0, 0x0, 0x0, 0x0,
    0x8f, 0xff, 0xf4, 0x0, 0x0, 0x1f, 0xff, 0xf4,
    0x0, 0x5, 0xbe, 0xfe, 0xb5, 0x0, 0x5, 0xff,
    0xfe, 0x0, 0x0, 0x9f, 0xff, 0x60, 0x1, 0xbf,
    0xff, 0xff, 0xff, 0xc2, 0x0, 0x8f, 0xff, 0x70,
    0x1, 0xff, 0xfc, 0x0, 0x1d, 0xff, 0xff, 0xff,
    0xff, 0xfe, 0x20, 0xd, 0xff, 0xf0, 0x7, 0xff,
    0xf3, 0x0, 0xbf, 0xff, 0xc5, 0x34, 0xaf, 0xff,
    0xc0, 0x5, 0xff, 0xf5, 0xb, 0xff, 0xd0, 0x3,
    0xff, 0xf8, 0x0, 0x0, 0x6, 0xff, 0xf4, 0x0,
    0xff, 0xf9, 0xe, 0xff, 0x90, 0x9, 0xff, 0xc0,
    0x0, 0x0, 0x0, 0xce, 0xe7, 0x0, 0xaf, 0xfc,
    0xf, 0xff, 0x70, 0xc, 0xff, 0x60, 0x0, 0x0,
    0x0, 0x0, 0x0, 0x0, 0x9f, 0xfe, 0xf, 0xff,
    0x60, 0xd, 0xff, 0x40, 0x0, 0x0, 0x0, 0x0,
    0x0, 0x0, 0x7f, 0xff, 0xf, 0xff, 0x70, 0xc,
    0xff, 0x60, 0x0, 0x0, 0x0, 0x0, 0x0, 0x0,
    0x9f, 0xfe, 0xe, 0xff, 0x90, 0x9, 0xff, 0xc0,
    0x0, 0x0, 0x1, 0xef, 0xf4, 0x0, 0xbf, 0xfc,
    0xb, 0xff, 0xd0, 0x3, 0xff, 0xf8, 0x0, 0x0,
    0x9, 0xff, 0xf1, 0x0, 0xff, 0xf9, 0x7, 0xff,
    0xf3, 0x0, 0xbf, 0xff, 0xc5, 0x35, 0xbf, 0xff,
    0x90, 0x5, 0xff, 0xf5, 0x1, 0xff, 0xfc, 0x0,
    0x1d, 0xff, 0xff, 0xff, 0xff, 0xfd, 0x10, 0xd,
    0xff, 0xf0, 0x0, 0x9f, 0xff, 0x60, 0x1, 0xbf,
    0xff, 0xff, 0xff, 0xc1, 0x0, 0x8f, 0xff, 0x70,
    0x0, 0x1f, 0xff, 0xf4, 0x0, 0x5, 0xbe, 0xfe,
    0xb5, 0x0, 0x5, 0xff, 0xfe, 0x0, 0x0, 0x5,
    0xff, 0xff, 0x60, 0x0, 0x0, 0x0, 0x0, 0x0,
    0x7f, 0xff, 0xf4, 0x0, 0x0, 0x0, 0x8f, 0xff,
    0xfc, 0x40, 0x0, 0x0, 0x0, 0x4d, 0xff, 0xff,
    0x70, 0x0, 0x0, 0x0, 0x8, 0xff, 0xff, 0xfe,
    0xa8, 0x78, 0xae, 0xff, 0xff, 0xf7, 0x0, 0x0,
    0x0, 0x0, 0x0, 0x5f, 0xff, 0xff, 0xff, 0xff,
    0xff, 0xff, 0xfe, 0x40, 0x0, 0x0, 0x0, 0x0,
    0x0, 0x1, 0x9f, 0xff, 0xff, 0xff, 0xff, 0xff,
    0x80, 0x0, 0x0, 0x0, 0x0, 0x0, 0x0, 0x0,
    0x1, 0x6a, 0xdf, 0xff, 0xda, 0x60, 0x0, 0x0,
    0x0, 0x0,

    /* U+00AA "ª" */
    0x0, 0x3, 0x9d, 0xef, 0xdb, 0x50, 0x0, 0x0,
    0xaf, 0xff, 0xff, 0xff, 0xfc, 0x10, 0xb, 0xff,
    0xfe, 0xaa, 0xdf, 0xff, 0xb0, 0x3f, 0xff, 0x80,
    0x0, 0x7, 0xff, 0xf2, 0x0, 0x35, 0x0, 0x0,
    0x0, 0xff, 0xf5, 0x0, 0x0, 0x0, 0x0, 0x5,
    0xff, 0xf6, 0x0, 0x4, 0x7a, 0xce, 0xff, 0xff,
    0xf7, 0x4, 0xef, 0xff, 0xff, 0xff, 0xff, 0xf7,
    0x4f, 0xff, 0xfa, 0x75, 0x20, 0xef, 0xf7, 0xbf,
    0xfc, 0x10, 0x0, 0x0, 0xff, 0xf7, 0xdf, 0xf7,
    0x0, 0x0, 0x2, 0xff, 0xf7, 0xcf, 0xfb, 0x0,
    0x0, 0x2d, 0xff, 0xf7, 0x7f, 0xff, 0xe9, 0x9b,
    0xff, 0xff, 0xf7, 0xb, 0xff, 0xff, 0xff, 0xf6,
    0xdf, 0xf7, 0x0, 0x6b, 0xef, 0xea, 0x30, 0xdf,
    0xf7,

    /* U+00AB "«" */
    0x0, 0x0, 0x0, 0x5, 0xaa, 0xa8, 0x0, 0xa,
    0xaa, 0xa2, 0x0, 0x0, 0x0, 0x4f, 0xff, 0xe2,
    0x0, 0xbf, 0xff, 0x80, 0x0, 0x0, 0x2, 0xff,
    0xff, 0x30, 0x9, 0xff, 0xfb, 0x0, 0x0, 0x0,
    0x1d, 0xff, 0xf6, 0x0, 0x6f, 0xff, 0xd0, 0x0,
    0x0, 0x0, 0xcf, 0xff, 0x80, 0x4, 0xff, 0xfe,
    0x20, 0x0, 0x0, 0xa, 0xff, 0xfb, 0x0, 0x2f,
    0xff, 0xf4, 0x0, 0x0, 0x0, 0x7f, 0xff, 0xd0,
    0x1, 0xef, 0xff, 0x60, 0x0, 0x0, 0x5, 0xff,
    0xfe, 0x20, 0xc, 0xff, 0xf9, 0x0, 0x0, 0x0,
    0x1f, 0xff, 0xf5, 0x0, 0x9f, 0xff, 0xd0, 0x0,
    0x0, 0x0, 0x9, 0xff, 0xfc, 0x0, 0x2f, 0xff,
    0xf4, 0x0, 0x0, 0x0, 0x0, 0xbf, 0xff, 0x90,
    0x4, 0xff, 0xff, 0x20, 0x0, 0x0, 0x0, 0x1d,
    0xff, 0xf7, 0x0, 0x6f, 0xff, 0xd1, 0x0, 0x0,
    0x0, 0x2, 0xef, 0xff, 0x40, 0x9, 0xff, 0xfc,
    0x0, 0x0, 0x0, 0x0, 0x4f, 0xff, 0xf2, 0x0,
    0xbf, 0xff, 0x90, 0x0, 0x0, 0x0, 0x6, 0xff,
    0xfd, 0x10, 0xd, 0xff, 0xf7, 0x0, 0x0, 0x0,
    0x0, 0x8f, 0xff, 0xc0, 0x1, 0xef, 0xff, 0x40,
    0x0, 0x0, 0x0, 0xa, 0xff, 0xf9, 0x0, 0x3f,
    0xff, 0xf2,

    /* U+00AC "¬" */
    0x4, 0x44, 0x44, 0x44, 0x44, 0x44, 0x44, 0x44,
    0x1f, 0xff, 0xff, 0xff, 0xff, 0xff, 0xff, 0xff,
    0x1f, 0xff, 0xff, 0xff, 0xff, 0xff, 0xff, 0xff,
    0x1f, 0xff, 0xff, 0xff, 0xff, 0xff, 0xff, 0xff,
    0x0, 0x0, 0x0, 0x0, 0x0, 0x0, 0x7f, 0xff,
    0x0, 0x0, 0x0, 0x0, 0x0, 0x0, 0x7f, 0xff,
    0x0, 0x0, 0x0, 0x0, 0x0, 0x0, 0x7f, 0xff,
    0x0, 0x0, 0x0, 0x0, 0x0, 0x0, 0x7f, 0xff,
    0x0, 0x0, 0x0, 0x0, 0x0, 0x0, 0x38, 0x87,

    /* U+00AE "®" */
    0x0, 0x0, 0x0, 0x0, 0x36, 0x88, 0x63, 0x0,
    0x0, 0x0, 0x0, 0x0, 0x0, 0x0, 0x7e, 0xff,
    0xff, 0xff, 0xe7, 0x0, 0x0, 0x0, 0x0, 0x0,
    0x3e, 0xff, 0xff, 0xff, 0xff, 0xff, 0xd2, 0x0,
    0x0, 0x0, 0x4, 0xff, 0xfd, 0x62, 0x0, 0x27,
    0xdf, 0xff, 0x30, 0x0, 0x0, 0x2f, 0xff, 0x80,
    0x0, 0x0, 0x0, 0x9, 0xff, 0xe2, 0x0, 0x0,
    0xcf, 0xf6, 0x0, 0x0, 0x0, 0x0, 0x0, 0x7f,
    0xfb, 0x0, 0x5, 0xff, 0x90, 0xa, 0xff, 0xff,
    0xe9, 0x10, 0xa, 0xff, 0x40, 0xb, 0xff, 0x0,
    0xa, 0xfd, 0xaa, 0xff, 0xb0, 0x1, 0xff, 0xa0,
    0xf, 0xf9, 0x0, 0xa, 0xf8, 0x0, 0x6f, 0xf1,
    0x0, 0xaf, 0xe0, 0x2f, 0xf6, 0x0, 0xa, 0xf8,
    0x0, 0x6f, 0xf0, 0x0, 0x7f, 0xf1, 0x3f, 0xf5,
    0x0, 0xa, 0xfc, 0x9a, 0xff, 0x90, 0x0, 0x5f,
    0xf2, 0x3f, 0xf5, 0x0, 0xa, 0xff, 0xff, 0xfc,
    0x0, 0x0, 0x6f, 0xf2, 0x1f, 0xf8, 0x0, 0xa,
    0xf8, 0x5, 0xff, 0x10, 0x0, 0x8f, 0xf0, 0xd,
    0xfc, 0x0, 0xa, 0xf8, 0x0, 0xdf, 0x80, 0x0,
    0xdf, 0xc0, 0x8, 0xff, 0x40, 0xa, 0xf8, 0x0,
    0x5f, 0xf1, 0x5, 0xff, 0x70, 0x1, 0xff, 0xe1,
    0x3, 0x52, 0x0, 0x5, 0x52, 0x2f, 0xfe, 0x0,
    0x0, 0x7f, 0xfd, 0x20, 0x0, 0x0, 0x0, 0x2,
    0xdf, 0xf6, 0x0, 0x0, 0xa, 0xff, 0xe6, 0x0,
    0x0, 0x0, 0x6f, 0xff, 0x90, 0x0, 0x0, 0x0,
    0x9f, 0xff, 0xfb, 0x99, 0xbf, 0xff, 0xf9, 0x0,
    0x0, 0x0, 0x0, 0x5, 0xef, 0xff, 0xff, 0xff,
    0xfd, 0x50, 0x0, 0x0, 0x0, 0x0, 0x0, 0x5,
    0xad, 0xff, 0xda, 0x50, 0x0, 0x0, 0x0,

    /* U+00AF "¯" */
    0x7c, 0xcc, 0xcc, 0xcc, 0xcc, 0x39, 0xff, 0xff,
    0xff, 0xff, 0xf5, 0x9f, 0xff, 0xff, 0xff, 0xff,
    0x50,

    /* U+00B0 "°" */
    0x0, 0x4, 0xbe, 0xfd, 0x71, 0x0, 0x0, 0xa,
    0xff, 0xff, 0xff, 0xe3, 0x0, 0x9, 0xff, 0xff,
    0xff, 0xff, 0xe1, 0x3, 0xff, 0xf9, 0x10, 0x4e,
    0xff, 0xa0, 0x9f, 0xfa, 0x0, 0x0, 0x3f, 0xff,
    0xb, 0xff, 0x40, 0x0, 0x0, 0xcf, 0xf2, 0xbf,
    0xf4, 0x0, 0x0, 0xc, 0xff, 0x29, 0xff, 0x90,
    0x0, 0x2, 0xff, 0xf0, 0x3f, 0xff, 0x81, 0x4,
    0xdf, 0xfa, 0x0, 0x9f, 0xff, 0xff, 0xff, 0xfe,
    0x20, 0x0, 0xaf, 0xff, 0xff, 0xfe, 0x30, 0x0,
    0x0, 0x4b, 0xef, 0xd8, 0x10, 0x0,

    /* U+00B1 "±" */
    0x0, 0x0, 0x0, 0xb, 0xff, 0xc0, 0x0, 0x0,
    0x0, 0x0, 0x0, 0x0, 0xb, 0xff, 0xc0, 0x0,
    0x0, 0x0, 0x0, 0x0, 0x0, 0xb, 0xff, 0xc0,
    0x0, 0x0, 0x0, 0x0, 0x0, 0x0, 0xb, 0xff,
    0xc0, 0x0, 0x0, 0x0, 0x0, 0x0, 0x0, 0xb,
    0xff, 0xc0, 0x0, 0x0, 0x0, 0x8f, 0xff, 0xff,
    0xff, 0xff, 0xff, 0xff, 0xff, 0xf8, 0x8f, 0xff,
    0xff, 0xff, 0xff, 0xff, 0xff, 0xff, 0xf8, 0x8f,
    0xff, 0xff, 0xff, 0xff, 0xff, 0xff, 0xff, 0xf8,
    0x25, 0x55, 0x55, 0x5d, 0xff, 0xd5, 0x55, 0x55,
    0x53, 0x0, 0x0, 0x0, 0xb, 0xff, 0xc0, 0x0,
    0x0, 0x0, 0x0, 0x0, 0x0, 0xb, 0xff, 0xc0,
    0x0, 0x0, 0x0, 0x0, 0x0, 0x0, 0xb, 0xff,
    0xc0, 0x0, 0x0, 0x0, 0x0, 0x0, 0x0, 0xb,
    0xff, 0xc0, 0x0, 0x0, 0x0, 0x0, 0x0, 0x0,
    0x3, 0x44, 0x30, 0x0, 0x0, 0x0, 0x0, 0x0,
    0x0, 0x0, 0x0, 0x0, 0x0, 0x0, 0x0, 0x36,
    0x66, 0x66, 0x66, 0x66, 0x66, 0x66, 0x66, 0x63,
    0x8f, 0xff, 0xff, 0xff, 0xff, 0xff, 0xff, 0xff,
    0xf8, 0x8f, 0xff, 0xff, 0xff, 0xff, 0xff, 0xff,
    0xff, 0xf8, 0x8f, 0xff, 0xff, 0xff, 0xff, 0xff,
    0xff, 0xff, 0xf8,

    /* U+00B2 "²" */
    0x0, 0x5, 0xbe, 0xff, 0xda, 0x30, 0x0, 0x0,
    0xbf, 0xff, 0xff, 0xff, 0xf9, 0x0, 0x9, 0xff,
    0xfd, 0xab, 0xff, 0xff, 0x60, 0xf, 0xff, 0x80,
    0x0, 0x1d, 0xff, 0xc0, 0x6, 0x66, 0x10, 0x0,
    0x8, 0xff, 0xc0, 0x0, 0x0, 0x0, 0x0, 0x1d,
    0xff, 0x80, 0x0, 0x0, 0x0, 0x2, 0xdf, 0xfd,
    0x10, 0x0, 0x0, 0x0, 0x5f, 0xff, 0xd2, 0x0,
    0x0, 0x0, 0x9, 0xff, 0xfb, 0x10, 0x0, 0x0,
    0x3, 0xdf, 0xfe, 0x50, 0x0, 0x0, 0x0, 0x7f,
    0xff, 0xb1, 0x0, 0x0, 0x0, 0xb, 0xff, 0xff,
    0xcc, 0xcc, 0xcc, 0xc3, 0xf, 0xff, 0xff, 0xff,
    0xff, 0xff, 0xf4, 0xf, 0xff, 0xff, 0xff, 0xff,
    0xff, 0xf4,

    /* U+00B3 "³" */
    0x0, 0x3, 0x9d, 0xff, 0xdb, 0x60, 0x0, 0x0,
    0xaf, 0xff, 0xff, 0xff, 0xfe, 0x20, 0x8, 0xff,
    0xfe, 0xbb, 0xdf, 0xff, 0xd0, 0x9, 0xcc, 0x70,
    0x0, 0x6, 0xff, 0xf0, 0x0, 0x0, 0x0, 0x0,
    0x3b, 0xff, 0xb0, 0x0, 0x0, 0xa, 0xff, 0xff,
    0xc7, 0x0, 0x0, 0x0, 0xa, 0xff, 0xff, 0xb7,
    0x0, 0x0, 0x0, 0x2, 0x45, 0x8e, 0xff, 0xd1,
    0x0, 0x0, 0x0, 0x0, 0x2, 0xff, 0xf8, 0x16,
    0x66, 0x10, 0x0, 0x0, 0xff, 0xfb, 0xf, 0xff,
    0xb1, 0x0, 0x8, 0xff, 0xf8, 0x9, 0xff, 0xff,
    0xdc, 0xef, 0xff, 0xf2, 0x0, 0xaf, 0xff, 0xff,
    0xff, 0xfe, 0x40, 0x0, 0x3, 0x9d, 0xff, 0xeb,
    0x70, 0x0,

    /* U+00B4 "´" */
    0x0, 0x2, 0x44, 0x41, 0x0, 0xe, 0xff, 0xd0,
    0x0, 0x6f, 0xff, 0x30, 0x0, 0xdf, 0xf8, 0x0,
    0x5, 0xff, 0xd0, 0x0, 0xc, 0xff, 0x30, 0x0,

    /* U+00B5 "µ" */
    0x6f, 0xff, 0x70, 0x0, 0x0, 0x0, 0xc, 0xff,
    0xf1, 0x0, 0x6f, 0xff, 0x70, 0x0, 0x0, 0x0,
    0xc, 0xff, 0xf1, 0x0, 0x6f, 0xff, 0x70, 0x0,
    0x0, 0x0, 0xc, 0xff, 0xf1, 0x0, 0x6f, 0xff,
    0x70, 0x0, 0x0, 0x0, 0xc, 0xff, 0xf1, 0x0,
    0x6f, 0xff, 0x70, 0x0, 0x0, 0x0, 0xc, 0xff,
    0xf1, 0x0, 0x6f, 0xff, 0x70, 0x0, 0x0, 0x0,
    0xc, 0xff, 0xf1, 0x0, 0x6f, 0xff, 0x70, 0x0,
    0x0, 0x0, 0xc, 0xff, 0xf1, 0x0, 0x6f, 0xff,
    0x70, 0x0, 0x0, 0x0, 0xc, 0xff, 0xf1, 0x0,
    0x6f, 0xff, 0x70, 0x0, 0x0, 0x0, 0xc, 0xff,
    0xf1, 0x0, 0x6f, 0xff, 0x70, 0x0, 0x0, 0x0,
    0xc, 0xff, 0xf1, 0x0, 0x6f, 0xff, 0x70, 0x0,
    0x0, 0x0, 0xc, 0xff, 0xf1, 0x0, 0x6f, 0xff,
    0x70, 0x0, 0x0, 0x0, 0xc, 0xff, 0xf1, 0x0,
    0x6f, 0xff, 0x70, 0x0, 0x0, 0x0, 0xd, 0xff,
    0xf1, 0x0, 0x6f, 0xff, 0x90, 0x0, 0x0, 0x0,
    0xe, 0xff, 0xf1, 0x0, 0x6f, 0xff, 0xe0, 0x0,
    0x0, 0x0, 0x3f, 0xff, 0xf1, 0x0, 0x6f, 0xff,
    0xf7, 0x0, 0x0, 0x0, 0xcf, 0xff, 0xf1, 0x0,
    0x6f, 0xff, 0xff, 0xa3, 0x1, 0x4c, 0xff, 0xff,
    0xf7, 0x0, 0x6f, 0xff, 0xdf, 0xff, 0xff, 0xff,
    0xf8, 0xff, 0xff, 0xf6, 0x6f, 0xff, 0x7a, 0xff,
    0xff, 0xff, 0x80, 0xaf, 0xff, 0xf6, 0x6f, 0xff,
    0x70, 0x6c, 0xfe, 0xb4, 0x0, 0x6, 0xce, 0xf6,
    0x6f, 0xff, 0x70, 0x0, 0x0, 0x0, 0x0, 0x0,
    0x0, 0x0, 0x6f, 0xff, 0x70, 0x0, 0x0, 0x0,
    0x0, 0x0, 0x0, 0x0, 0x6f, 0xff, 0x70, 0x0,
    0x0, 0x0, 0x0, 0x0, 0x0, 0x0, 0x6f, 0xff,
    0x70, 0x0, 0x0, 0x0, 0x0, 0x0, 0x0, 0x0,
    0x6f, 0xff, 0x70, 0x0, 0x0, 0x0, 0x0, 0x0,
    0x0, 0x0, 0x6f, 0xff, 0x70, 0x0, 0x0, 0x0,
    0x0, 0x0, 0x0, 0x0, 0x6f, 0xff, 0x70, 0x0,
    0x0, 0x0, 0x0, 0x0, 0x0, 0x0,

    /* U+00B6 "¶" */
    0x0, 0x0, 0x4, 0x9d, 0xff, 0xff, 0xff, 0xff,
    0xfc, 0x0, 0x1, 0xbf, 0xff, 0xff, 0xff, 0xff,
    0xff, 0xfc, 0x0, 0x2e, 0xff, 0xff, 0xff, 0xff,
    0xff, 0xff, 0xfc, 0x0, 0xdf, 0xff, 0xff, 0xff,
    0xf5, 0x55, 0xef, 0xfc, 0x6, 0xff, 0xff, 0xff,
    0xff, 0xf0, 0x0, 0xdf, 0xfc, 0xd, 0xff, 0xff,
    0xff, 0xff, 0xf0, 0x0, 0xdf, 0xfc, 0xf, 0xff,
    0xff, 0xff, 0xff, 0xf0, 0x0, 0xdf, 0xfc, 0x2f,
    0xff, 0xff, 0xff, 0xff, 0xf0, 0x0, 0xdf, 0xfc,
    0x3f, 0xff, 0xff, 0xff, 0xff, 0xf0, 0x0, 0xdf,
    0xfc, 0x1f, 0xff, 0xff, 0xff, 0xff, 0xf0, 0x0,
    0xdf, 0xfc, 0xe, 0xff, 0xff, 0xff, 0xff, 0xf0,
    0x0, 0xdf, 0xfc, 0x9, 0xff, 0xff, 0xff, 0xff,
    0xf0, 0x0, 0xdf, 0xfc, 0x2, 0xff, 0xff, 0xff,
    0xff, 0xf0, 0x0, 0xdf, 0xfc, 0x0, 0x6f, 0xff,
    0xff, 0xff, 0xf0, 0x0, 0xdf, 0xfc, 0x0, 0x6,
    0xff, 0xff, 0xff, 0xf0, 0x0, 0xdf, 0xfc, 0x0,
    0x0, 0x2a, 0xff, 0xff, 0xf0, 0x0, 0xdf, 0xfc,
    0x0, 0x0, 0x0, 0x3, 0x55, 0x50, 0x0, 0xdf,
    0xfc, 0x0, 0x0, 0x0, 0x0, 0x0, 0x0, 0x0,
    0xdf, 0xfc, 0x0, 0x0, 0x0, 0x0, 0x0, 0x0,
    0x0, 0xdf, 0xfc, 0x0, 0x0, 0x0, 0x0, 0x0,
    0x0, 0x0, 0xdf, 0xfc, 0x0, 0x0, 0x0, 0x0,
    0x0, 0x0, 0x0, 0xdf, 0xfc, 0x0, 0x0, 0x0,
    0x0, 0x0, 0x0, 0x0, 0xdf, 0xfc, 0x0, 0x0,
    0x0, 0x0, 0x0, 0x0, 0x0, 0xdf, 0xfc, 0x0,
    0x0, 0x0, 0x0, 0x0, 0x0, 0x0, 0xdf, 0xfc,
    0x0, 0x0, 0x0, 0x0, 0x0, 0x0, 0x0, 0xdf,
    0xfc, 0x0, 0x0, 0x0, 0x0, 0x0, 0x0, 0x0,
    0xdf, 0xfc,

    /* U+00B7 "·" */
    0x0, 0x2, 0x0, 0x0, 0x4e, 0xfe, 0x30, 0xe,
    0xff, 0xfd, 0x1, 0xff, 0xff, 0xf0, 0xd, 0xff,
    0xfc, 0x0, 0x2c, 0xfb, 0x20,

    /* U+00B8 "¸" */
    0xa, 0xf2, 0x0, 0x0, 0xdf, 0x20, 0x0, 0xf,
    0xfa, 0x71, 0x1, 0xff, 0xff, 0xe1, 0x0, 0x4,
    0xff, 0x60, 0x0, 0x3f, 0xf7, 0xbf, 0xff, 0xff,
    0x2c, 0xff, 0xec, 0x40,

    /* U+00B9 "¹" */
    0x0, 0x7, 0xff, 0xff, 0x20, 0x4d, 0xff, 0xff,
    0xf2, 0x2f, 0xff, 0xef, 0xff, 0x23, 0xff, 0x73,
    0xff, 0xf2, 0x29, 0x10, 0x3f, 0xff, 0x20, 0x0,
    0x3, 0xff, 0xf2, 0x0, 0x0, 0x3f, 0xff, 0x20,
    0x0, 0x3, 0xff, 0xf2, 0x0, 0x0, 0x3f, 0xff,
    0x20, 0x0, 0x3, 0xff, 0xf2, 0x0, 0x0, 0x3f,
    0xff, 0x20, 0x0, 0x3, 0xff, 0xf2, 0x0, 0x0,
    0x3f, 0xff, 0x20, 0x0, 0x3, 0xff, 0xf2,

    /* U+00BA "º" */
    0x0, 0x0, 0x5b, 0xdf, 0xec, 0x81, 0x0, 0x0,
    0x0, 0x2c, 0xff, 0xff, 0xff, 0xff, 0x60, 0x0,
    0x1, 0xef, 0xff, 0xec, 0xdf, 0xff, 0xf7, 0x0,
    0xb, 0xff, 0xf6, 0x0, 0x2, 0xcf, 0xff, 0x20,
    0x2f, 0xff, 0x90, 0x0, 0x0, 0x1f, 0xff, 0x90,
    0x7f, 0xff, 0x10, 0x0, 0x0, 0x9, 0xff, 0xe0,
    0x9f, 0xfe, 0x0, 0x0, 0x0, 0x6, 0xff, 0xf0,
    0xaf, 0xfc, 0x0, 0x0, 0x0, 0x4, 0xff, 0xf2,
    0x9f, 0xfe, 0x0, 0x0, 0x0, 0x6, 0xff, 0xf0,
    0x7f, 0xff, 0x10, 0x0, 0x0, 0x9, 0xff, 0xe0,
    0x2f, 0xff, 0x80, 0x0, 0x0, 0x1f, 0xff, 0x90,
    0xb, 0xff, 0xf6, 0x0, 0x2, 0xcf, 0xff, 0x20,
    0x1, 0xef, 0xff, 0xec, 0xdf, 0xff, 0xf7, 0x0,
    0x0, 0x2c, 0xff, 0xff, 0xff, 0xff, 0x60, 0x0,
    0x0, 0x0, 0x5b, 0xdf, 0xec, 0x81, 0x0, 0x0,

    /* U+00BB "»" */
    0x3a, 0xaa, 0x90, 0x0, 0x8a, 0xaa, 0x40, 0x0,
    0x0, 0x0, 0xa, 0xff, 0xfa, 0x0, 0x3f, 0xff,
    0xf3, 0x0, 0x0, 0x0, 0x0, 0xcf, 0xff, 0x70,
    0x5, 0xff, 0xfe, 0x10, 0x0, 0x0, 0x0, 0x1e,
    0xff, 0xf5, 0x0, 0x7f, 0xff, 0xc0, 0x0, 0x0,
    0x0, 0x3, 0xff, 0xff, 0x30, 0xa, 0xff, 0xfa,
    0x0, 0x0, 0x0, 0x0, 0x5f, 0xff, 0xe1, 0x0,
    0xcf, 0xff, 0x80, 0x0, 0x0, 0x0, 0x8, 0xff,
    0xfd, 0x0, 0x1e, 0xff, 0xf6, 0x0, 0x0, 0x0,
    0x0, 0xaf, 0xff, 0xb0, 0x3, 0xff, 0xff, 0x30,
    0x0, 0x0, 0x0, 0xe, 0xff, 0xf7, 0x0, 0x6f,
    0xff, 0xe0, 0x0, 0x0, 0x0, 0x6f, 0xff, 0xe1,
    0x0, 0xdf, 0xff, 0x80, 0x0, 0x0, 0x3, 0xff,
    0xff, 0x30, 0xb, 0xff, 0xfa, 0x0, 0x0, 0x0,
    0x2e, 0xff, 0xf5, 0x0, 0x8f, 0xff, 0xc0, 0x0,
    0x0, 0x0, 0xdf, 0xff, 0x70, 0x6, 0xff, 0xfe,
    0x10, 0x0, 0x0, 0xb, 0xff, 0xf9, 0x0, 0x3f,
    0xff, 0xf2, 0x0, 0x0, 0x0, 0x8f, 0xff, 0xb0,
    0x2, 0xef, 0xff, 0x40, 0x0, 0x0, 0x6, 0xff,
    0xfd, 0x10, 0xd, 0xff, 0xf7, 0x0, 0x0, 0x0,
    0x3f, 0xff, 0xe2, 0x0, 0xbf, 0xff, 0x90, 0x0,
    0x0, 0x0,

    /* U+00BC "¼" */
    0x0, 0x6f, 0xff, 0xe0, 0x0, 0x0, 0x0, 0x0,
    0x0, 0x0, 0xdf, 0xf4, 0x0, 0x0, 0xaf, 0xff,
    0xfe, 0x0, 0x0, 0x0, 0x0, 0x0, 0x0, 0x9f,
    0xf9, 0x0, 0x0, 0x9f, 0xfc, 0xff, 0xe0, 0x0,
    0x0, 0x0, 0x0, 0x0, 0x4f, 0xfd, 0x0, 0x0,
    0xa, 0xf8, 0x2f, 0xfe, 0x0, 0x0, 0x0, 0x0,
    0x0, 0x1e, 0xff, 0x30, 0x0, 0x0, 0x94, 0x2,
    0xff, 0xe0, 0x0, 0x0, 0x0, 0x0, 0xa, 0xff,
    0x80, 0x0, 0x0, 0x0, 0x0, 0x2f, 0xfe, 0x0,
    0x0, 0x0, 0x0, 0x5, 0xff, 0xd0, 0x0, 0x0,
    0x0, 0x0, 0x2, 0xff, 0xe0, 0x0, 0x0, 0x0,
    0x1, 0xef, 0xf2, 0x0, 0x0, 0x0, 0x0, 0x0,
    0x2f, 0xfe, 0x0, 0x0, 0x0, 0x0, 0xbf, 0xf7,
    0x0, 0x0, 0x0, 0x0, 0x0, 0x2, 0xff, 0xe0,
    0x0, 0x0, 0x0, 0x6f, 0xfc, 0x0, 0x0, 0x0,
    0x0, 0x0, 0x0, 0x2f, 0xfe, 0x0, 0x0, 0x0,
    0x2f, 0xff, 0x20, 0x0, 0x0, 0x0, 0x0, 0x0,
    0x2, 0xff, 0xe0, 0x0, 0x0, 0xc, 0xff, 0x60,
    0x0, 0x0, 0x0, 0x0, 0x0, 0x0, 0x2f, 0xfe,
    0x0, 0x0, 0x7, 0xff, 0xb0, 0x0, 0x0, 0x11,
    0x11, 0x0, 0x0, 0x2, 0xff, 0xe0, 0x0, 0x3,
    0xff, 0xe1, 0x0, 0x0, 0xe, 0xff, 0xf4, 0x0,
    0x0, 0x2f, 0xfe, 0x0, 0x0, 0xdf, 0xf4, 0x0,
    0x0, 0x8, 0xff, 0xff, 0x40, 0x0, 0x0, 0x66,
    0x60, 0x0, 0x9f, 0xf9, 0x0, 0x0, 0x2, 0xff,
    0xff, 0xf4, 0x0, 0x0, 0x0, 0x0, 0x0, 0x4f,
    0xfd, 0x0, 0x0, 0x0, 0xbf, 0xfd, 0xff, 0x40,
    0x0, 0x0, 0x0, 0x0, 0x1e, 0xff, 0x30, 0x0,
    0x0, 0x4f, 0xf9, 0x9f, 0xf4, 0x0, 0x0, 0x0,
    0x0, 0xa, 0xff, 0x80, 0x0, 0x0, 0xd, 0xff,
    0x19, 0xff, 0x40, 0x0, 0x0, 0x0, 0x5, 0xff,
    0xd0, 0x0, 0x0, 0x7, 0xff, 0x80, 0x9f, 0xf4,
    0x0, 0x0, 0x0, 0x1, 0xef, 0xf2, 0x0, 0x0,
    0x1, 0xff, 0xe0, 0x9, 0xff, 0x40, 0x0, 0x0,
    0x0, 0xbf, 0xf7, 0x0, 0x0, 0x0, 0xaf, 0xf6,
    0x0, 0x9f, 0xf4, 0x0, 0x0, 0x0, 0x6f, 0xfc,
    0x0, 0x0, 0x0, 0x2f, 0xff, 0x88, 0x8c, 0xff,
    0xa8, 0x0, 0x0, 0x2f, 0xff, 0x20, 0x0, 0x0,
    0x4, 0xff, 0xff, 0xff, 0xff, 0xff, 0xf0, 0x0,
    0xc, 0xff, 0x60, 0x0, 0x0, 0x0, 0x4f, 0xff,
    0xff, 0xff, 0xff, 0xff, 0x0, 0x7, 0xff, 0xb0,
    0x0, 0x0, 0x0, 0x0, 0x0, 0x0, 0x0, 0xaf,
    0xf4, 0x0, 0x3, 0xff, 0xe1, 0x0, 0x0, 0x0,
    0x0, 0x0, 0x0, 0x0, 0xa, 0xff, 0x40,

    /* U+00BD "½" */
    0x0, 0x6, 0x66, 0x60, 0x0, 0x0, 0x0, 0x0,
    0x0, 0x0, 0x46, 0x63, 0x0, 0x0, 0x0, 0x2c,
    0xff, 0xfe, 0x0, 0x0, 0x0, 0x0, 0x0, 0x0,
    0x2f, 0xfe, 0x10, 0x0, 0x0, 0x4e, 0xff, 0xff,
    0xe0, 0x0, 0x0, 0x0, 0x0, 0x0, 0xd, 0xff,
    0x50, 0x0, 0x0, 0xa, 0xff, 0x8f, 0xfe, 0x0,
    0x0, 0x0, 0x0, 0x0, 0x8, 0xff, 0xa0, 0x0,
    0x0, 0x0, 0xad, 0x22, 0xff, 0xe0, 0x0, 0x0,
    0x0, 0x0, 0x3, 0xff, 0xe1, 0x0, 0x0, 0x0,
    0x6, 0x10, 0x2f, 0xfe, 0x0, 0x0, 0x0, 0x0,
    0x0, 0xdf, 0xf4, 0x0, 0x0, 0x0, 0x0, 0x0,
    0x2, 0xff, 0xe0, 0x0, 0x0, 0x0, 0x0, 0x9f,
    0xf9, 0x0, 0x0, 0x0, 0x0, 0x0, 0x0, 0x2f,
    0xfe, 0x0, 0x0, 0x0, 0x0, 0x4f, 0xfe, 0x0,
    0x0, 0x0, 0x0, 0x0, 0x0, 0x2, 0xff, 0xe0,
    0x0, 0x0, 0x0, 0xe, 0xff, 0x40, 0x0, 0x0,
    0x0, 0x0, 0x0, 0x0, 0x2f, 0xfe, 0x0, 0x0,
    0x0, 0x9, 0xff, 0x90, 0x0, 0x0, 0x0, 0x0,
    0x0, 0x0, 0x2, 0xff, 0xe0, 0x0, 0x0, 0x4,
    0xff, 0xd0, 0x0, 0x0, 0x0, 0x0, 0x0, 0x0,
    0x0, 0x2f, 0xfe, 0x0, 0x0, 0x1, 0xef, 0xf3,
    0x0, 0x0, 0x0, 0x0, 0x0, 0x0, 0x0, 0x2,
    0xff, 0xe0, 0x0, 0x0, 0xaf, 0xf8, 0x0, 0x0,
    0x3, 0x66, 0x51, 0x0, 0x0, 0x0, 0x2f, 0xfe,
    0x0, 0x0, 0x5f, 0xfd, 0x0, 0x0, 0x4d, 0xff,
    0xff, 0xf7, 0x0, 0x0, 0x2, 0xff, 0xe0, 0x0,
    0x1e, 0xff, 0x30, 0x0, 0x3f, 0xff, 0xff, 0xff,
    0xf7, 0x0, 0x0, 0x0, 0x0, 0x0, 0xb, 0xff,
    0x70, 0x0, 0xa, 0xff, 0xa1, 0x18, 0xff, 0xe0,
    0x0, 0x0, 0x0, 0x0, 0x6, 0xff, 0xc0, 0x0,
    0x0, 0x68, 0x81, 0x0, 0xe, 0xff, 0x10, 0x0,
    0x0, 0x0, 0x1, 0xff, 0xf2, 0x0, 0x0, 0x0,
    0x0, 0x0, 0x0, 0xff, 0xf0, 0x0, 0x0, 0x0,
    0x0, 0xbf, 0xf7, 0x0, 0x0, 0x0, 0x0, 0x0,
    0x0, 0x8f, 0xf9, 0x0, 0x0, 0x0, 0x0, 0x6f,
    0xfc, 0x0, 0x0, 0x0, 0x0, 0x0, 0x0, 0x6f,
    0xfe, 0x10, 0x0, 0x0, 0x0, 0x2f, 0xff, 0x20,
    0x0, 0x0, 0x0, 0x0, 0x0, 0x5f, 0xff, 0x30,
    0x0, 0x0, 0x0, 0xc, 0xff, 0x60, 0x0, 0x0,
    0x0, 0x0, 0x0, 0x5f, 0xff, 0x40, 0x0, 0x0,
    0x0, 0x7, 0xff, 0xb0, 0x0, 0x0, 0x0, 0x0,
    0x0, 0x4f, 0xff, 0x50, 0x0, 0x0, 0x0, 0x2,
    0xff, 0xe1, 0x0, 0x0, 0x0, 0x0, 0x0, 0x4f,
    0xff, 0x70, 0x0, 0x0, 0x0, 0x0, 0xcf, 0xf5,
    0x0, 0x0, 0x0, 0x0, 0x0, 0x4f, 0xff, 0xea,
    0xaa, 0xaa, 0x30, 0x0, 0x8f, 0xfa, 0x0, 0x0,
    0x0, 0x0, 0x0, 0x9, 0xff, 0xff, 0xff, 0xff,
    0xf5, 0x0, 0x3f, 0xfe, 0x10, 0x0, 0x0, 0x0,
    0x0, 0x0, 0x9f, 0xff, 0xff, 0xff, 0xff, 0x50,

    /* U+00BE "¾" */
    0x0, 0x0, 0x47, 0x75, 0x10, 0x0, 0x0, 0x0,
    0x0, 0x0, 0x0, 0x7, 0x88, 0x20, 0x0, 0x0,
    0x6e, 0xff, 0xff, 0xf5, 0x0, 0x0, 0x0, 0x0,
    0x0, 0x0, 0x6f, 0xfc, 0x0, 0x0, 0x6, 0xff,
    0xff, 0xff, 0xff, 0x40, 0x0, 0x0, 0x0, 0x0,
    0x2, 0xff, 0xf2, 0x0, 0x0, 0xe, 0xff, 0x71,
    0x1a, 0xff, 0xb0, 0x0, 0x0, 0x0, 0x0, 0xc,
    0xff, 0x60, 0x0, 0x0, 0x5, 0x54, 0x0, 0x2,
    0xff, 0xd0, 0x0, 0x0, 0x0, 0x0, 0x7f, 0xfb,
    0x0, 0x0, 0x0, 0x0, 0x0, 0x0, 0x5, 0xff,
    0xb0, 0x0, 0x0, 0x0, 0x2, 0xff, 0xf1, 0x0,
    0x0, 0x0, 0x0, 0x0, 0x45, 0x8e, 0xff, 0x40,
    0x0, 0x0, 0x0, 0xc, 0xff, 0x60, 0x0, 0x0,
    0x0, 0x0, 0x0, 0xbf, 0xff, 0xc3, 0x0, 0x0,
    0x0, 0x0, 0x7f, 0xfb, 0x0, 0x0, 0x0, 0x0,
    0x0, 0x0, 0xbf, 0xff, 0xfd, 0x30, 0x0, 0x0,
    0x3, 0xff, 0xe1, 0x0, 0x0, 0x0, 0x0, 0x0,
    0x0, 0x0, 0x19, 0xff, 0xf1, 0x0, 0x0, 0xd,
    0xff, 0x50, 0x0, 0x0, 0x0, 0x0, 0x0, 0x0,
    0x0, 0x0, 0xdf, 0xf6, 0x0, 0x0, 0x8f, 0xfa,
    0x0, 0x0, 0x0, 0x0, 0x0, 0x0, 0x0, 0x0,
    0x0, 0xcf, 0xf7, 0x0, 0x3, 0xff, 0xe1, 0x0,
    0x0, 0x0, 0x0, 0x0, 0x4f, 0xff, 0x50, 0x17,
    0xff, 0xf4, 0x0, 0xd, 0xff, 0x40, 0x0, 0x0,
    0x0, 0x0, 0x0, 0xd, 0xff, 0xff, 0xff, 0xff,
    0xb0, 0x0, 0x9f, 0xf9, 0x0, 0x0, 0x1, 0xff,
    0xff, 0x10, 0x2, 0xbf, 0xff, 0xff, 0xfa, 0x0,
    0x4, 0xff, 0xe0, 0x0, 0x0, 0xa, 0xff, 0xff,
    0x10, 0x0, 0x2, 0x68, 0x97, 0x20, 0x0, 0xd,
    0xff, 0x40, 0x0, 0x0, 0x3f, 0xff, 0xff, 0x10,
    0x0, 0x0, 0x0, 0x0, 0x0, 0x0, 0x9f, 0xf9,
    0x0, 0x0, 0x0, 0xdf, 0xee, 0xff, 0x10, 0x0,
    0x0, 0x0, 0x0, 0x0, 0x4, 0xff, 0xd0, 0x0,
    0x0, 0x6, 0xff, 0x7c, 0xff, 0x10, 0x0, 0x0,
    0x0, 0x0, 0x0, 0x1e, 0xff, 0x30, 0x0, 0x0,
    0x1f, 0xfd, 0xc, 0xff, 0x10, 0x0, 0x0, 0x0,
    0x0, 0x0, 0xaf, 0xf8, 0x0, 0x0, 0x0, 0xaf,
    0xf5, 0xc, 0xff, 0x10, 0x0, 0x0, 0x0, 0x0,
    0x5, 0xff, 0xd0, 0x0, 0x0, 0x3, 0xff, 0xc0,
    0xc, 0xff, 0x10, 0x0, 0x0, 0x0, 0x0, 0x1e,
    0xff, 0x30, 0x0, 0x0, 0xc, 0xff, 0x30, 0xc,
    0xff, 0x10, 0x0, 0x0, 0x0, 0x0, 0xaf, 0xf8,
    0x0, 0x0, 0x0, 0x5f, 0xfe, 0x88, 0x8e, 0xff,
    0x86, 0x0, 0x0, 0x0, 0x5, 0xff, 0xc0, 0x0,
    0x0, 0x0, 0x7f, 0xff, 0xff, 0xff, 0xff, 0xfd,
    0x0, 0x0, 0x0, 0x1e, 0xff, 0x20, 0x0, 0x0,
    0x0, 0x7f, 0xff, 0xff, 0xff, 0xff, 0xfd, 0x0,
    0x0, 0x0, 0xbf, 0xf7, 0x0, 0x0, 0x0, 0x0,
    0x0, 0x0, 0x0, 0xd, 0xff, 0x10, 0x0, 0x0,
    0x6, 0xff, 0xc0, 0x0, 0x0, 0x0, 0x0, 0x0,
    0x0, 0x0, 0xd, 0xff, 0x10,

    /* U+00BF "¿" */
    0x0, 0x0, 0x0, 0x3, 0xdf, 0xa1, 0x0, 0x0,
    0x0, 0x0, 0x0, 0x1, 0xef, 0xff, 0xa0, 0x0,
    0x0, 0x0, 0x0, 0x0, 0x3f, 0xff, 0xfe, 0x0,
    0x0, 0x0, 0x0, 0x0, 0x1, 0xff, 0xff, 0xb0,
    0x0, 0x0, 0x0, 0x0, 0x0, 0x6, 0xff, 0xd2,
    0x0, 0x0, 0x0, 0x0, 0x0, 0x0, 0x0, 0x10,
    0x0, 0x0, 0x0, 0x0, 0x0, 0x0, 0x0, 0x0,
    0x0, 0x0, 0x0, 0x0, 0x0, 0x0, 0x0, 0x0,
    0x0, 0x0, 0x0, 0x0, 0x0, 0x0, 0x0, 0x5,
    0xcc, 0xc2, 0x0, 0x0, 0x0, 0x0, 0x0, 0x0,
    0x8f, 0xff, 0x20, 0x0, 0x0, 0x0, 0x0, 0x0,
    0xb, 0xff, 0xf1, 0x0, 0x0, 0x0, 0x0, 0x0,
    0x2, 0xff, 0xff, 0x0, 0x0, 0x0, 0x0, 0x0,
    0x1, 0xdf, 0xff, 0xa0, 0x0, 0x0, 0x0, 0x0,
    0x4, 0xef, 0xff, 0xf2, 0x0, 0x0, 0x0, 0x0,
    0x8, 0xff, 0xff, 0xf4, 0x0, 0x0, 0x0, 0x0,
    0x9, 0xff, 0xff, 0xc2, 0x0, 0x0, 0x0, 0x0,
    0x5, 0xff, 0xff, 0x80, 0x0, 0x0, 0x0, 0x0,
    0x0, 0xcf, 0xff, 0x90, 0x0, 0x0, 0x0, 0x0,
    0x0, 0xf, 0xff, 0xf1, 0x0, 0x0, 0x0, 0x0,
    0x0, 0x2, 0xff, 0xfc, 0x0, 0x0, 0x0, 0x1,
    0x33, 0x31, 0x2f, 0xff, 0xc0, 0x0, 0x0, 0x0,
    0x7f, 0xff, 0x70, 0xff, 0xff, 0x10, 0x0, 0x0,
    0xc, 0xff, 0xf4, 0xc, 0xff, 0xfa, 0x0, 0x0,
    0x7, 0xff, 0xfe, 0x0, 0x4f, 0xff, 0xfe, 0x75,
    0x7c, 0xff, 0xff, 0x80, 0x0, 0x8f, 0xff, 0xff,
    0xff, 0xff, 0xff, 0xb0, 0x0, 0x0, 0x7f, 0xff,
    0xff, 0xff, 0xff, 0x90, 0x0, 0x0, 0x0, 0x17,
    0xce, 0xfe, 0xc8, 0x20, 0x0, 0x0,

    /* U+00C0 "À" */
    0x0, 0x0, 0x0, 0x0, 0x44, 0x43, 0x0, 0x0,
    0x0, 0x0, 0x0, 0x0, 0x0, 0x0, 0x0, 0x0,
    0xa, 0xff, 0xf2, 0x0, 0x0, 0x0, 0x0, 0x0,
    0x0, 0x0, 0x0, 0x0, 0x0, 0x1e, 0xff, 0xa0,
    0x0, 0x0, 0x0, 0x0, 0x0, 0x0, 0x0, 0x0,
    0x0, 0x0, 0x5f, 0xff, 0x20, 0x0, 0x0, 0x0,
    0x0, 0x0, 0x0, 0x0, 0x0, 0x0, 0x0, 0xaf,
    0xf9, 0x0, 0x0, 0x0, 0x0, 0x0, 0x0, 0x0,
    0x0, 0x0, 0x0, 0x1, 0xef, 0xf1, 0x0, 0x0,
    0x0, 0x0, 0x0, 0x0, 0x0, 0x0, 0x0, 0x0,
    0x0, 0x0, 0x0, 0x0, 0x0, 0x0, 0x0, 0x0,
    0x0, 0x0, 0x0, 0x0, 0x0, 0x0, 0x0, 0x0,
    0x0, 0x0, 0x0, 0x0, 0x0, 0x0, 0x0, 0x0,
    0x0, 0x0, 0x0, 0x0, 0x0, 0x0, 0x0, 0x0,
    0x0, 0x0, 0x0, 0x0, 0x0, 0xe, 0xff, 0xff,
    0x50, 0x0, 0x0, 0x0, 0x0, 0x0, 0x0, 0x0,
    0x0, 0x5, 0xff, 0xff, 0xfa, 0x0, 0x0, 0x0,
    0x0, 0x0, 0x0, 0x0, 0x0, 0x0, 0xaf, 0xff,
    0xff, 0xf1, 0x0, 0x0, 0x0, 0x0, 0x0, 0x0,
    0x0, 0x0, 0x1f, 0xff, 0xcf, 0xff, 0x60, 0x0,
    0x0, 0x0, 0x0, 0x0, 0x0, 0x0, 0x6, 0xff,
    0xf4, 0xef, 0xfc, 0x0, 0x0, 0x0, 0x0, 0x0,
    0x0, 0x0, 0x0, 0xcf, 0xff, 0xa, 0xff, 0xf2,
    0x0, 0x0, 0x0, 0x0, 0x0, 0x0, 0x0, 0x1f,
    0xff, 0xb0, 0x5f, 0xff, 0x80, 0x0, 0x0, 0x0,
    0x0, 0x0, 0x0, 0x7, 0xff, 0xf6, 0x1, 0xff,
    0xfd, 0x0, 0x0, 0x0, 0x0, 0x0, 0x0, 0x0,
    0xdf, 0xff, 0x10, 0xc, 0xff, 0xf3, 0x0, 0x0,
    0x0, 0x0, 0x0, 0x0, 0x3f, 0xff, 0xc0, 0x0,
    0x7f, 0xff, 0x90, 0x0, 0x0, 0x0, 0x0, 0x0,
    0x8, 0xff, 0xf7, 0x0, 0x1, 0xff, 0xfe, 0x0,
    0x0, 0x0, 0x0, 0x0, 0x0, 0xef, 0xff, 0x20,
    0x0, 0xc, 0xff, 0xf5, 0x0, 0x0, 0x0, 0x0,
    0x0, 0x4f, 0xff, 0xc0, 0x0, 0x0, 0x6f, 0xff,
    0xb0, 0x0, 0x0, 0x0, 0x0, 0xa, 0xff, 0xf7,
    0x0, 0x0, 0x1, 0xff, 0xff, 0x10, 0x0, 0x0,
    0x0, 0x0, 0xff, 0xff, 0x10, 0x0, 0x0, 0xb,
    0xff, 0xf6, 0x0, 0x0, 0x0, 0x0, 0x5f, 0xff,
    0xe5, 0x55, 0x55, 0x55, 0x9f, 0xff, 0xc0, 0x0,
    0x0, 0x0, 0xb, 0xff, 0xff, 0xff, 0xff, 0xff,
    0xff, 0xff, 0xff, 0x20, 0x0, 0x0, 0x1, 0xff,
    0xff, 0xff, 0xff, 0xff, 0xff, 0xff, 0xff, 0xf8,
    0x0, 0x0, 0x0, 0x6f, 0xff, 0xff, 0xff, 0xff,
    0xff, 0xff, 0xff, 0xff, 0xe0, 0x0, 0x0, 0xc,
    0xff, 0xf6, 0x0, 0x0, 0x0, 0x0, 0x0, 0xef,
    0xff, 0x40, 0x0, 0x2, 0xff, 0xff, 0x10, 0x0,
    0x0, 0x0, 0x0, 0x9, 0xff, 0xf9, 0x0, 0x0,
    0x7f, 0xff, 0xb0, 0x0, 0x0, 0x0, 0x0, 0x0,
    0x4f, 0xff, 0xf0, 0x0, 0xd, 0xff, 0xf6, 0x0,
    0x0, 0x0, 0x0, 0x0, 0x0, 0xef, 0xff, 0x50,
    0x3, 0xff, 0xff, 0x10, 0x0, 0x0, 0x0, 0x0,
    0x0, 0x9, 0xff, 0xfb, 0x0, 0x9f, 0xff, 0xb0,
    0x0, 0x0, 0x0, 0x0, 0x0, 0x0, 0x3f, 0xff,
    0xf1, 0xe, 0xff, 0xf6, 0x0, 0x0, 0x0, 0x0,
    0x0, 0x0, 0x0, 0xef, 0xff, 0x70,

    /* U+00C1 "Á" */
    0x0, 0x0, 0x0, 0x0, 0x0, 0x0, 0x1, 0x44,
    0x42, 0x0, 0x0, 0x0, 0x0, 0x0, 0x0, 0x0,
    0x0, 0x0, 0x0, 0xbf, 0xff, 0x20, 0x0, 0x0,
    0x0, 0x0, 0x0, 0x0, 0x0, 0x0, 0x0, 0x3f,
    0xff, 0x60, 0x0, 0x0, 0x0, 0x0, 0x0, 0x0,
    0x0, 0x0, 0x0, 0xa, 0xff, 0xc0, 0x0, 0x0,
    0x0, 0x0, 0x0, 0x0, 0x0, 0x0, 0x0, 0x2,
    0xff, 0xf2, 0x0, 0x0, 0x0, 0x0, 0x0, 0x0,
    0x0, 0x0, 0x0, 0x0, 0x9f, 0xf7, 0x0, 0x0,
    0x0, 0x0, 0x0, 0x0, 0x0, 0x0, 0x0, 0x0,
    0x0, 0x0, 0x0, 0x0, 0x0, 0x0, 0x0, 0x0,
    0x0, 0x0, 0x0, 0x0, 0x0, 0x0, 0x0, 0x0,
    0x0, 0x0, 0x0, 0x0, 0x0, 0x0, 0x0, 0x0,
    0x0, 0x0, 0x0, 0x0, 0x0, 0x0, 0x0, 0x0,
    0x0, 0x0, 0x0, 0x0, 0x0, 0xe, 0xff, 0xff,
    0x50, 0x0, 0x0, 0x0, 0x0, 0x0, 0x0, 0x0,
    0x0, 0x5, 0xff, 0xff, 0xfa, 0x0, 0x0, 0x0,
    0x0, 0x0, 0x0, 0x0, 0x0, 0x0, 0xaf, 0xff,
    0xff, 0xf1, 0x0, 0x0, 0x0, 0x0, 0x0, 0x0,
    0x0, 0x0, 0x1f, 0xff, 0xcf, 0xff, 0x60, 0x0,
    0x0, 0x0, 0x0, 0x0, 0x0, 0x0, 0x6, 0xff,
    0xf4, 0xef, 0xfc, 0x0, 0x0, 0x0, 0x0, 0x0,
    0x0, 0x0, 0x0, 0xcf, 0xff, 0xa, 0xff, 0xf2,
    0x0, 0x0, 0x0, 0x0, 0x0, 0x0, 0x0, 0x1f,
    0xff, 0xb0, 0x5f, 0xff, 0x80, 0x0, 0x0, 0x0,
    0x0, 0x0, 0x0, 0x7, 0xff, 0xf6, 0x1, 0xff,
    0xfd, 0x0, 0x0, 0x0, 0x0, 0x0, 0x0, 0x0,
    0xdf, 0xff, 0x10, 0xc, 0xff, 0xf3, 0x0, 0x0,
    0x0, 0x0, 0x0, 0x0, 0x3f, 0xff, 0xc0, 0x0,
    0x7f, 0xff, 0x90, 0x0, 0x0, 0x0, 0x0, 0x0,
    0x8, 0xff, 0xf7, 0x0, 0x1, 0xff, 0xfe, 0x0,
    0x0, 0x0, 0x0, 0x0, 0x0, 0xef, 0xff, 0x20,
    0x0, 0xc, 0xff, 0xf5, 0x0, 0x0, 0x0, 0x0,
    0x0, 0x4f, 0xff, 0xc0, 0x0, 0x0, 0x6f, 0xff,
    0xb0, 0x0, 0x0, 0x0, 0x0, 0xa, 0xff, 0xf7,
    0x0, 0x0, 0x1, 0xff, 0xff, 0x10, 0x0, 0x0,
    0x0, 0x0, 0xff, 0xff, 0x10, 0x0, 0x0, 0xb,
    0xff, 0xf6, 0x0, 0x0, 0x0, 0x0, 0x5f, 0xff,
    0xe5, 0x55, 0x55, 0x55, 0x9f, 0xff, 0xc0, 0x0,
    0x0, 0x0, 0xb, 0xff, 0xff, 0xff, 0xff, 0xff,
    0xff, 0xff, 0xff, 0x20, 0x0, 0x0, 0x1, 0xff,
    0xff, 0xff, 0xff, 0xff, 0xff, 0xff, 0xff, 0xf8,
    0x0, 0x0, 0x0, 0x6f, 0xff, 0xff, 0xff, 0xff,
    0xff, 0xff, 0xff, 0xff, 0xe0, 0x0, 0x0, 0xc,
    0xff, 0xf6, 0x0, 0x0, 0x0, 0x0, 0x0, 0xef,
    0xff, 0x40, 0x0, 0x2, 0xff, 0xff, 0x10, 0x0,
    0x0, 0x0, 0x0, 0x9, 0xff, 0xf9, 0x0, 0x0,
    0x7f, 0xff, 0xb0, 0x0, 0x0, 0x0, 0x0, 0x0,
    0x4f, 0xff, 0xf0, 0x0, 0xd, 0xff, 0xf6, 0x0,
    0x0, 0x0, 0x0, 0x0, 0x0, 0xef, 0xff, 0x50,
    0x3, 0xff, 0xff, 0x10, 0x0, 0x0, 0x0, 0x0,
    0x0, 0x9, 0xff, 0xfb, 0x0, 0x9f, 0xff, 0xb0,
    0x0, 0x0, 0x0, 0x0, 0x0, 0x0, 0x3f, 0xff,
    0xf1, 0xe, 0xff, 0xf6, 0x0, 0x0, 0x0, 0x0,
    0x0, 0x0, 0x0, 0xef, 0xff, 0x70,

    /* U+00C2 "Â" */
    0x0, 0x0, 0x0, 0x0, 0x0, 0x6f, 0xff, 0xc0,
    0x0, 0x0, 0x0, 0x0, 0x0, 0x0, 0x0, 0x0,
    0x0, 0x5f, 0xff, 0xff, 0xb0, 0x0, 0x0, 0x0,
    0x0, 0x0, 0x0, 0x0, 0x0, 0x4f, 0xff, 0x5c,
    0xff, 0xa0, 0x0, 0x0, 0x0, 0x0, 0x0, 0x0,
    0x0, 0x3f, 0xff, 0x70, 0x1e, 0xff, 0x80, 0x0,
    0x0, 0x0, 0x0, 0x0, 0x0, 0x2e, 0xff, 0xa0,
    0x0, 0x3f, 0xff, 0x60, 0x0, 0x0, 0x0, 0x0,
    0x0, 0x0, 0x0, 0x0, 0x0, 0x0, 0x0, 0x0,
    0x0, 0x0, 0x0, 0x0, 0x0, 0x0, 0x0, 0x0,
    0x0, 0x0, 0x0, 0x0, 0x0, 0x0, 0x0, 0x0,
    0x0, 0x0, 0x0, 0x0, 0x0, 0x0, 0x0, 0x0,
    0x0, 0x0, 0x0, 0x0, 0x0, 0x0, 0x0, 0x0,
    0x0, 0xef, 0xff, 0xf5, 0x0, 0x0, 0x0, 0x0,
    0x0, 0x0, 0x0, 0x0, 0x0, 0x5f, 0xff, 0xff,
    0xa0, 0x0, 0x0, 0x0, 0x0, 0x0, 0x0, 0x0,
    0x0, 0xa, 0xff, 0xff, 0xff, 0x10, 0x0, 0x0,
    0x0, 0x0, 0x0, 0x0, 0x0, 0x1, 0xff, 0xfc,
    0xff, 0xf6, 0x0, 0x0, 0x0, 0x0, 0x0, 0x0,
    0x0, 0x0, 0x6f, 0xff, 0x4e, 0xff, 0xc0, 0x0,
    0x0, 0x0, 0x0, 0x0, 0x0, 0x0, 0xc, 0xff,
    0xf0, 0xaf, 0xff, 0x20, 0x0, 0x0, 0x0, 0x0,
    0x0, 0x0, 0x1, 0xff, 0xfb, 0x5, 0xff, 0xf8,
    0x0, 0x0, 0x0, 0x0, 0x0, 0x0, 0x0, 0x7f,
    0xff, 0x60, 0x1f, 0xff, 0xd0, 0x0, 0x0, 0x0,
    0x0, 0x0, 0x0, 0xd, 0xff, 0xf1, 0x0, 0xcf,
    0xff, 0x30, 0x0, 0x0, 0x0, 0x0, 0x0, 0x3,
    0xff, 0xfc, 0x0, 0x7, 0xff, 0xf9, 0x0, 0x0,
    0x0, 0x0, 0x0, 0x0, 0x8f, 0xff, 0x70, 0x0,
    0x1f, 0xff, 0xe0, 0x0, 0x0, 0x0, 0x0, 0x0,
    0xe, 0xff, 0xf2, 0x0, 0x0, 0xcf, 0xff, 0x50,
    0x0, 0x0, 0x0, 0x0, 0x4, 0xff, 0xfc, 0x0,
    0x0, 0x6, 0xff, 0xfb, 0x0, 0x0, 0x0, 0x0,
    0x0, 0xaf, 0xff, 0x70, 0x0, 0x0, 0x1f, 0xff,
    0xf1, 0x0, 0x0, 0x0, 0x0, 0xf, 0xff, 0xf1,
    0x0, 0x0, 0x0, 0xbf, 0xff, 0x60, 0x0, 0x0,
    0x0, 0x5, 0xff, 0xfe, 0x55, 0x55, 0x55, 0x59,
    0xff, 0xfc, 0x0, 0x0, 0x0, 0x0, 0xbf, 0xff,
    0xff, 0xff, 0xff, 0xff, 0xff, 0xff, 0xf2, 0x0,
    0x0, 0x0, 0x1f, 0xff, 0xff, 0xff, 0xff, 0xff,
    0xff, 0xff, 0xff, 0x80, 0x0, 0x0, 0x6, 0xff,
    0xff, 0xff, 0xff, 0xff, 0xff, 0xff, 0xff, 0xfe,
    0x0, 0x0, 0x0, 0xcf, 0xff, 0x60, 0x0, 0x0,
    0x0, 0x0, 0xe, 0xff, 0xf4, 0x0, 0x0, 0x2f,
    0xff, 0xf1, 0x0, 0x0, 0x0, 0x0, 0x0, 0x9f,
    0xff, 0x90, 0x0, 0x7, 0xff, 0xfb, 0x0, 0x0,
    0x0, 0x0, 0x0, 0x4, 0xff, 0xff, 0x0, 0x0,
    0xdf, 0xff, 0x60, 0x0, 0x0, 0x0, 0x0, 0x0,
    0xe, 0xff, 0xf5, 0x0, 0x3f, 0xff, 0xf1, 0x0,
    0x0, 0x0, 0x0, 0x0, 0x0, 0x9f, 0xff, 0xb0,
    0x9, 0xff, 0xfb, 0x0, 0x0, 0x0, 0x0, 0x0,
    0x0, 0x3, 0xff, 0xff, 0x10, 0xef, 0xff, 0x60,
    0x0, 0x0, 0x0, 0x0, 0x0, 0x0, 0xe, 0xff,
    0xf7,

    /* U+00C3 "Ã" */
    0x0, 0x0, 0x0, 0x0, 0x5, 0x75, 0x0, 0x2,
    0x88, 0x10, 0x0, 0x0, 0x0, 0x0, 0x0, 0x0,
    0xb, 0xff, 0xfe, 0x60, 0x8f, 0xf0, 0x0, 0x0,
    0x0, 0x0, 0x0, 0x0, 0x4, 0xff, 0xff, 0xff,
    0xff, 0xfc, 0x0, 0x0, 0x0, 0x0, 0x0, 0x0,
    0x0, 0x9f, 0xf1, 0x3b, 0xff, 0xff, 0x30, 0x0,
    0x0, 0x0, 0x0, 0x0, 0x0, 0x5, 0x75, 0x0,
    0x2, 0x66, 0x10, 0x0, 0x0, 0x0, 0x0, 0x0,
    0x0, 0x0, 0x0, 0x0, 0x0, 0x0, 0x0, 0x0,
    0x0, 0x0, 0x0, 0x0, 0x0, 0x0, 0x0, 0x0,
    0x0, 0x0, 0x0, 0x0, 0x0, 0x0, 0x0, 0x0,
    0x0, 0x0, 0x0, 0x0, 0x0, 0x0, 0x0, 0x0,
    0x0, 0x0, 0x0, 0x0, 0x0, 0x0, 0x0, 0x0,
    0x0, 0xef, 0xff, 0xf5, 0x0, 0x0, 0x0, 0x0,
    0x0, 0x0, 0x0, 0x0, 0x0, 0x5f, 0xff, 0xff,
    0xa0, 0x0, 0x0, 0x0, 0x0, 0x0, 0x0, 0x0,
    0x0, 0xa, 0xff, 0xff, 0xff, 0x10, 0x0, 0x0,
    0x0, 0x0, 0x0, 0x0, 0x0, 0x1, 0xff, 0xfc,
    0xff, 0xf6, 0x0, 0x0, 0x0, 0x0, 0x0, 0x0,
    0x0, 0x0, 0x6f, 0xff, 0x4e, 0xff, 0xc0, 0x0,
    0x0, 0x0, 0x0, 0x0, 0x0, 0x0, 0xc, 0xff,
    0xf0, 0xaf, 0xff, 0x20, 0x0, 0x0, 0x0, 0x0,
    0x0, 0x0, 0x1, 0xff, 0xfb, 0x5, 0xff, 0xf8,
    0x0, 0x0, 0x0, 0x0, 0x0, 0x0, 0x0, 0x7f,
    0xff, 0x60, 0x1f, 0xff, 0xd0, 0x0, 0x0, 0x0,
    0x0, 0x0, 0x0, 0xd, 0xff, 0xf1, 0x0, 0xcf,
    0xff, 0x30, 0x0, 0x0, 0x0, 0x0, 0x0, 0x3,
    0xff, 0xfc, 0x0, 0x7, 0xff, 0xf9, 0x0, 0x0,
    0x0, 0x0, 0x0, 0x0, 0x8f, 0xff, 0x70, 0x0,
    0x1f, 0xff, 0xe0, 0x0, 0x0, 0x0, 0x0, 0x0,
    0xe, 0xff, 0xf2, 0x0, 0x0, 0xcf, 0xff, 0x50,
    0x0, 0x0, 0x0, 0x0, 0x4, 0xff, 0xfc, 0x0,
    0x0, 0x6, 0xff, 0xfb, 0x0, 0x0, 0x0, 0x0,
    0x0, 0xaf, 0xff, 0x70, 0x0, 0x0, 0x1f, 0xff,
    0xf1, 0x0, 0x0, 0x0, 0x0, 0xf, 0xff, 0xf1,
    0x0, 0x0, 0x0, 0xbf, 0xff, 0x60, 0x0, 0x0,
    0x0, 0x5, 0xff, 0xfe, 0x55, 0x55, 0x55, 0x59,
    0xff, 0xfc, 0x0, 0x0, 0x0, 0x0, 0xbf, 0xff,
    0xff, 0xff, 0xff, 0xff, 0xff, 0xff, 0xf2, 0x0,
    0x0, 0x0, 0x1f, 0xff, 0xff, 0xff, 0xff, 0xff,
    0xff, 0xff, 0xff, 0x80, 0x0, 0x0, 0x6, 0xff,
    0xff, 0xff, 0xff, 0xff, 0xff, 0xff, 0xff, 0xfe,
    0x0, 0x0, 0x0, 0xcf, 0xff, 0x60, 0x0, 0x0,
    0x0, 0x0, 0xe, 0xff, 0xf4, 0x0, 0x0, 0x2f,
    0xff, 0xf1, 0x0, 0x0, 0x0, 0x0, 0x0, 0x9f,
    0xff, 0x90, 0x0, 0x7, 0xff, 0xfb, 0x0, 0x0,
    0x0, 0x0, 0x0, 0x4, 0xff, 0xff, 0x0, 0x0,
    0xdf, 0xff, 0x60, 0x0, 0x0, 0x0, 0x0, 0x0,
    0xe, 0xff, 0xf5, 0x0, 0x3f, 0xff, 0xf1, 0x0,
    0x0, 0x0, 0x0, 0x0, 0x0, 0x9f, 0xff, 0xb0,
    0x9, 0xff, 0xfb, 0x0, 0x0, 0x0, 0x0, 0x0,
    0x0, 0x3, 0xff, 0xff, 0x10, 0xef, 0xff, 0x60,
    0x0, 0x0, 0x0, 0x0, 0x0, 0x0, 0xe, 0xff,
    0xf7,

    /* U+00C4 "Ä" */
    0x0, 0x0, 0x0, 0x6, 0xee, 0x50, 0x0, 0x1b,
    0xfb, 0x10, 0x0, 0x0, 0x0, 0x0, 0x0, 0x1,
    0xff, 0xff, 0x10, 0x9, 0xff, 0xf9, 0x0, 0x0,
    0x0, 0x0, 0x0, 0x0, 0x3f, 0xff, 0xf2, 0x0,
    0xbf, 0xff, 0xb0, 0x0, 0x0, 0x0, 0x0, 0x0,
    0x0, 0xcf, 0xfc, 0x0, 0x5, 0xff, 0xf5, 0x0,
    0x0, 0x0, 0x0, 0x0, 0x0, 0x0, 0x66, 0x0,
    0x0, 0x3, 0x73, 0x0, 0x0, 0x0, 0x0, 0x0,
    0x0, 0x0, 0x0, 0x0, 0x0, 0x0, 0x0, 0x0,
    0x0, 0x0, 0x0, 0x0, 0x0, 0x0, 0x0, 0x0,
    0x0, 0x0, 0x0, 0x0, 0x0, 0x0, 0x0, 0x0,
    0x0, 0x0, 0x0, 0x0, 0x0, 0x0, 0x0, 0x0,
    0x0, 0x0, 0x0, 0x0, 0x0, 0x0, 0x0, 0x0,
    0x0, 0xef, 0xff, 0xf5, 0x0, 0x0, 0x0, 0x0,
    0x0, 0x0, 0x0, 0x0, 0x0, 0x5f, 0xff, 0xff,
    0xa0, 0x0, 0x0, 0x0, 0x0, 0x0, 0x0, 0x0,
    0x0, 0xa, 0xff, 0xff, 0xff, 0x10, 0x0, 0x0,
    0x0, 0x0, 0x0, 0x0, 0x0, 0x1, 0xff, 0xfc,
    0xff, 0xf6, 0x0, 0x0, 0x0, 0x0, 0x0, 0x0,
    0x0, 0x0, 0x6f, 0xff, 0x4e, 0xff, 0xc0, 0x0,
    0x0, 0x0, 0x0, 0x0, 0x0, 0x0, 0xc, 0xff,
    0xf0, 0xaf, 0xff, 0x20, 0x0, 0x0, 0x0, 0x0,
    0x0, 0x0, 0x1, 0xff, 0xfb, 0x5, 0xff, 0xf8,
    0x0, 0x0, 0x0, 0x0, 0x0, 0x0, 0x0, 0x7f,
    0xff, 0x60, 0x1f, 0xff, 0xd0, 0x0, 0x0, 0x0,
    0x0, 0x0, 0x0, 0xd, 0xff, 0xf1, 0x0, 0xcf,
    0xff, 0x30, 0x0, 0x0, 0x0, 0x0, 0x0, 0x3,
    0xff, 0xfc, 0x0, 0x7, 0xff, 0xf9, 0x0, 0x0,
    0x0, 0x0, 0x0, 0x0, 0x8f, 0xff, 0x70, 0x0,
    0x1f, 0xff, 0xe0, 0x0, 0x0, 0x0, 0x0, 0x0,
    0xe, 0xff, 0xf2, 0x0, 0x0, 0xcf, 0xff, 0x50,
    0x0, 0x0, 0x0, 0x0, 0x4, 0xff, 0xfc, 0x0,
    0x0, 0x6, 0xff, 0xfb, 0x0, 0x0, 0x0, 0x0,
    0x0, 0xaf, 0xff, 0x70, 0x0, 0x0, 0x1f, 0xff,
    0xf1, 0x0, 0x0, 0x0, 0x0, 0xf, 0xff, 0xf1,
    0x0, 0x0, 0x0, 0xbf, 0xff, 0x60, 0x0, 0x0,
    0x0, 0x5, 0xff, 0xfe, 0x55, 0x55, 0x55, 0x59,
    0xff, 0xfc, 0x0, 0x0, 0x0, 0x0, 0xbf, 0xff,
    0xff, 0xff, 0xff, 0xff, 0xff, 0xff, 0xf2, 0x0,
    0x0, 0x0, 0x1f, 0xff, 0xff, 0xff, 0xff, 0xff,
    0xff, 0xff, 0xff, 0x80, 0x0, 0x0, 0x6, 0xff,
    0xff, 0xff, 0xff, 0xff, 0xff, 0xff, 0xff, 0xfe,
    0x0, 0x0, 0x0, 0xcf, 0xff, 0x60, 0x0, 0x0,
    0x0, 0x0, 0xe, 0xff, 0xf4, 0x0, 0x0, 0x2f,
    0xff, 0xf1, 0x0, 0x0, 0x0, 0x0, 0x0, 0x9f,
    0xff, 0x90, 0x0, 0x7, 0xff, 0xfb, 0x0, 0x0,
    0x0, 0x0, 0x0, 0x4, 0xff, 0xff, 0x0, 0x0,
    0xdf, 0xff, 0x60, 0x0, 0x0, 0x0, 0x0, 0x0,
    0xe, 0xff, 0xf5, 0x0, 0x3f, 0xff, 0xf1, 0x0,
    0x0, 0x0, 0x0, 0x0, 0x0, 0x9f, 0xff, 0xb0,
    0x9, 0xff, 0xfb, 0x0, 0x0, 0x0, 0x0, 0x0,
    0x0, 0x3, 0xff, 0xff, 0x10, 0xef, 0xff, 0x60,
    0x0, 0x0, 0x0, 0x0, 0x0, 0x0, 0xe, 0xff,
    0xf7,

    /* U+00C5 "Å" */
    0x0, 0x0, 0x0, 0x0, 0x0, 0x6d, 0xfe, 0xa2,
    0x0, 0x0, 0x0, 0x0, 0x0, 0x0, 0x0, 0x0,
    0x0, 0xbf, 0xff, 0xff, 0xf3, 0x0, 0x0, 0x0,
    0x0, 0x0, 0x0, 0x0, 0x0, 0x7f, 0xfb, 0x47,
    0xff, 0xe0, 0x0, 0x0, 0x0, 0x0, 0x0, 0x0,
    0x0, 0xd, 0xfd, 0x0, 0x5, 0xff, 0x40, 0x0,
    0x0, 0x0, 0x0, 0x0, 0x0, 0x0, 0xef, 0x90,
    0x0, 0x2f, 0xf6, 0x0, 0x0, 0x0, 0x0, 0x0,
    0x0, 0x0, 0xc, 0xfd, 0x0, 0x5, 0xff, 0x40,
    0x0, 0x0, 0x0, 0x0, 0x0, 0x0, 0x0, 0x7f,
    0xfb, 0x57, 0xff, 0xe0, 0x0, 0x0, 0x0, 0x0,
    0x0, 0x0, 0x0, 0x0, 0xbf, 0xff, 0xff, 0xf3,
    0x0, 0x0, 0x0, 0x0, 0x0, 0x0, 0x0, 0x0,
    0x0, 0x6d, 0xfe, 0xa2, 0x0, 0x0, 0x0, 0x0,
    0x0, 0x0, 0x0, 0x0, 0x0, 0x0, 0x0, 0x0,
    0x0, 0x0, 0x0, 0x0, 0x0, 0x0, 0x0, 0x0,
    0x0, 0x0, 0xef, 0xff, 0xf5, 0x0, 0x0, 0x0,
    0x0, 0x0, 0x0, 0x0, 0x0, 0x0, 0x5f, 0xff,
    0xff, 0xa0, 0x0, 0x0, 0x0, 0x0, 0x0, 0x0,
    0x0, 0x0, 0xa, 0xff, 0xff, 0xff, 0x10, 0x0,
    0x0, 0x0, 0x0, 0x0, 0x0, 0x0, 0x1, 0xff,
    0xfc, 0xff, 0xf6, 0x0, 0x0, 0x0, 0x0, 0x0,
    0x0, 0x0, 0x0, 0x6f, 0xff, 0x4e, 0xff, 0xc0,
    0x0, 0x0, 0x0, 0x0, 0x0, 0x0, 0x0, 0xc,
    0xff, 0xf0, 0xaf, 0xff, 0x20, 0x0, 0x0, 0x0,
    0x0, 0x0, 0x0, 0x1, 0xff, 0xfb, 0x5, 0xff,
    0xf8, 0x0, 0x0, 0x0, 0x0, 0x0, 0x0, 0x0,
    0x7f, 0xff, 0x60, 0x1f, 0xff, 0xd0, 0x0, 0x0,
    0x0, 0x0, 0x0, 0x0, 0xd, 0xff, 0xf1, 0x0,
    0xcf, 0xff, 0x30, 0x0, 0x0, 0x0, 0x0, 0x0,
    0x3, 0xff, 0xfc, 0x0, 0x7, 0xff, 0xf9, 0x0,
    0x0, 0x0, 0x0, 0x0, 0x0, 0x8f, 0xff, 0x70,
    0x0, 0x1f, 0xff, 0xe0, 0x0, 0x0, 0x0, 0x0,
    0x0, 0xe, 0xff, 0xf2, 0x0, 0x0, 0xcf, 0xff,
    0x50, 0x0, 0x0, 0x0, 0x0, 0x4, 0xff, 0xfc,
    0x0, 0x0, 0x6, 0xff, 0xfb, 0x0, 0x0, 0x0,
    0x0, 0x0, 0xaf, 0xff, 0x70, 0x0, 0x0, 0x1f,
    0xff, 0xf1, 0x0, 0x0, 0x0, 0x0, 0xf, 0xff,
    0xf1, 0x0, 0x0, 0x0, 0xbf, 0xff, 0x60, 0x0,
    0x0, 0x0, 0x5, 0xff, 0xfe, 0x55, 0x55, 0x55,
    0x59, 0xff, 0xfc, 0x0, 0x0, 0x0, 0x0, 0xbf,
    0xff, 0xff, 0xff, 0xff, 0xff, 0xff, 0xff, 0xf2,
    0x0, 0x0, 0x0, 0x1f, 0xff, 0xff, 0xff, 0xff,
    0xff, 0xff, 0xff, 0xff, 0x80, 0x0, 0x0, 0x6,
    0xff, 0xff, 0xff, 0xff, 0xff, 0xff, 0xff, 0xff,
    0xfe, 0x0, 0x0, 0x0, 0xcf, 0xff, 0x60, 0x0,
    0x0, 0x0, 0x0, 0xe, 0xff, 0xf4, 0x0, 0x0,
    0x2f, 0xff, 0xf1, 0x0, 0x0, 0x0, 0x0, 0x0,
    0x9f, 0xff, 0x90, 0x0, 0x7, 0xff, 0xfb, 0x0,
    0x0, 0x0, 0x0, 0x0, 0x4, 0xff, 0xff, 0x0,
    0x0, 0xdf, 0xff, 0x60, 0x0, 0x0, 0x0, 0x0,
    0x0, 0xe, 0xff, 0xf5, 0x0, 0x3f, 0xff, 0xf1,
    0x0, 0x0, 0x0, 0x0, 0x0, 0x0, 0x9f, 0xff,
    0xb0, 0x9, 0xff, 0xfb, 0x0, 0x0, 0x0, 0x0,
    0x0, 0x0, 0x3, 0xff, 0xff, 0x10, 0xef, 0xff,
    0x60, 0x0, 0x0, 0x0, 0x0, 0x0, 0x0, 0xe,
    0xff, 0xf7,

    /* U+00C6 "Æ" */
    0x0, 0x0, 0x0, 0x0, 0x0, 0x0, 0x2f, 0xff,
    0xff, 0xff, 0xff, 0xff, 0xff, 0xff, 0xff, 0xff,
    0xfc, 0x0, 0x0, 0x0, 0x0, 0x0, 0x0, 0xaf,
    0xff, 0xff, 0xff, 0xff, 0xff, 0xff, 0xff, 0xff,
    0xff, 0xfc, 0x0, 0x0, 0x0, 0x0, 0x0, 0x1,
    0xff, 0xfe, 0x9c, 0xff, 0xff, 0xff, 0xff, 0xff,
    0xff, 0xff, 0xfc, 0x0, 0x0, 0x0, 0x0, 0x0,
    0x9, 0xff, 0xf8, 0x8, 0xff, 0xfa, 0x77, 0x77,
    0x77, 0x77, 0x77, 0x75, 0x0, 0x0, 0x0, 0x0,
    0x0, 0x1f, 0xff, 0xf1, 0x8, 0xff, 0xf5, 0x0,
    0x0, 0x0, 0x0, 0x0, 0x0, 0x0, 0x0, 0x0,
    0x0, 0x0, 0x8f, 0xff, 0x90, 0x8, 0xff, 0xf5,
    0x0, 0x0, 0x0, 0x0, 0x0, 0x0, 0x0, 0x0,
    0x0, 0x0, 0x0, 0xef, 0xff, 0x20, 0x8, 0xff,
    0xf5, 0x0, 0x0, 0x0, 0x0, 0x0, 0x0, 0x0,
    0x0, 0x0, 0x0, 0x7, 0xff, 0xfa, 0x0, 0x8,
    0xff, 0xf5, 0x0, 0x0, 0x0, 0x0, 0x0, 0x0,
    0x0, 0x0, 0x0, 0x0, 0xe, 0xff, 0xf3, 0x0,
    0x8, 0xff, 0xf5, 0x0, 0x0, 0x0, 0x0, 0x0,
    0x0, 0x0, 0x0, 0x0, 0x0, 0x6f, 0xff, 0xc0,
    0x0, 0x8, 0xff, 0xf5, 0x0, 0x0, 0x0, 0x0,
    0x0, 0x0, 0x0, 0x0, 0x0, 0x0, 0xdf, 0xff,
    0x40, 0x0, 0x8, 0xff, 0xf5, 0x0, 0x0, 0x0,
    0x0, 0x0, 0x0, 0x0, 0x0, 0x0, 0x5, 0xff,
    0xfd, 0x0, 0x0, 0x8, 0xff, 0xff, 0xff, 0xff,
    0xff, 0xff, 0xff, 0xe0, 0x0, 0x0, 0x0, 0xc,
    0xff, 0xf6, 0x0, 0x0, 0x8, 0xff, 0xff, 0xff,
    0xff, 0xff, 0xff, 0xff, 0xe0, 0x0, 0x0, 0x0,
    0x4f, 0xff, 0xe0, 0x0, 0x0, 0x8, 0xff, 0xff,
    0xff, 0xff, 0xff, 0xff, 0xff, 0xe0, 0x0, 0x0,
    0x0, 0xbf, 0xff, 0x70, 0x0, 0x0, 0x8, 0xff,
    0xf9, 0x77, 0x77, 0x77, 0x77, 0x77, 0x60, 0x0,
    0x0, 0x3, 0xff, 0xff, 0x32, 0x22, 0x22, 0x29,
    0xff, 0xf5, 0x0, 0x0, 0x0, 0x0, 0x0, 0x0,
    0x0, 0x0, 0xa, 0xff, 0xff, 0xff, 0xff, 0xff,
    0xff, 0xff, 0xf5, 0x0, 0x0, 0x0, 0x0, 0x0,
    0x0, 0x0, 0x0, 0x2f, 0xff, 0xff, 0xff, 0xff,
    0xff, 0xff, 0xff, 0xf5, 0x0, 0x0, 0x0, 0x0,
    0x0, 0x0, 0x0, 0x0, 0x9f, 0xff, 0xff, 0xff,
    0xff, 0xff, 0xff, 0xff, 0xf5, 0x0, 0x0, 0x0,
    0x0, 0x0, 0x0, 0x0, 0x1, 0xff, 0xff, 0x30,
    0x0, 0x0, 0x0, 0x8, 0xff, 0xf5, 0x0, 0x0,
    0x0, 0x0, 0x0, 0x0, 0x0, 0x8, 0xff, 0xfc,
    0x0, 0x0, 0x0, 0x0, 0x8, 0xff, 0xf5, 0x0,
    0x0, 0x0, 0x0, 0x0, 0x0, 0x0, 0xf, 0xff,
    0xf5, 0x0, 0x0, 0x0, 0x0, 0x8, 0xff, 0xf5,
    0x0, 0x0, 0x0, 0x0, 0x0, 0x0, 0x0, 0x7f,
    0xff, 0xd0, 0x0, 0x0, 0x0, 0x0, 0x8, 0xff,
    0xfa, 0x77, 0x77, 0x77, 0x77, 0x77, 0x76, 0x0,
    0xef, 0xff, 0x70, 0x0, 0x0, 0x0, 0x0, 0x8,
    0xff, 0xff, 0xff, 0xff, 0xff, 0xff, 0xff, 0xfe,
    0x6, 0xff, 0xff, 0x0, 0x0, 0x0, 0x0, 0x0,
    0x8, 0xff, 0xff, 0xff, 0xff, 0xff, 0xff, 0xff,
    0xfe, 0xd, 0xff, 0xf8, 0x0, 0x0, 0x0, 0x0,
    0x0, 0x8, 0xff, 0xff, 0xff, 0xff, 0xff, 0xff,
    0xff, 0xfe,

    /* U+00C7 "Ç" */
    0x0, 0x0, 0x0, 0x0, 0x49, 0xce, 0xff, 0xeb,
    0x71, 0x0, 0x0, 0x0, 0x0, 0x0, 0x0, 0x4d,
    0xff, 0xff, 0xff, 0xff, 0xff, 0x90, 0x0, 0x0,
    0x0, 0x0, 0x9, 0xff, 0xff, 0xff, 0xff, 0xff,
    0xff, 0xfe, 0x30, 0x0, 0x0, 0x0, 0xaf, 0xff,
    0xff, 0xfc, 0xbb, 0xdf, 0xff, 0xff, 0xf3, 0x0,
    0x0, 0x7, 0xff, 0xff, 0xe6, 0x0, 0x0, 0x2,
    0x9f, 0xff, 0xfe, 0x10, 0x0, 0x2f, 0xff, 0xfb,
    0x10, 0x0, 0x0, 0x0, 0x3, 0xff, 0xff, 0x90,
    0x0, 0xaf, 0xff, 0xd0, 0x0, 0x0, 0x0, 0x0,
    0x0, 0x5f, 0xff, 0xf0, 0x1, 0xff, 0xff, 0x30,
    0x0, 0x0, 0x0, 0x0, 0x0, 0xc, 0xff, 0xf5,
    0x6, 0xff, 0xfb, 0x0, 0x0, 0x0, 0x0, 0x0,
    0x0, 0x5, 0x99, 0x94, 0xa, 0xff, 0xf6, 0x0,
    0x0, 0x0, 0x0, 0x0, 0x0, 0x0, 0x0, 0x0,
    0xd, 0xff, 0xf2, 0x0, 0x0, 0x0, 0x0, 0x0,
    0x0, 0x0, 0x0, 0x0, 0xf, 0xff, 0xf0, 0x0,
    0x0, 0x0, 0x0, 0x0, 0x0, 0x0, 0x0, 0x0,
    0xf, 0xff, 0xf0, 0x0, 0x0, 0x0, 0x0, 0x0,
    0x0, 0x0, 0x0, 0x0, 0xf, 0xff, 0xf0, 0x0,
    0x0, 0x0, 0x0, 0x0, 0x0, 0x0, 0x0, 0x0,
    0xf, 0xff, 0xf0, 0x0, 0x0, 0x0, 0x0, 0x0,
    0x0, 0x0, 0x0, 0x0, 0xd, 0xff, 0xf2, 0x0,
    0x0, 0x0, 0x0, 0x0, 0x0, 0x0, 0x0, 0x0,
    0xa, 0xff, 0xf6, 0x0, 0x0, 0x0, 0x0, 0x0,
    0x0, 0x0, 0x0, 0x0, 0x6, 0xff, 0xfb, 0x0,
    0x0, 0x0, 0x0, 0x0, 0x0, 0x5, 0xaa, 0xa5,
    0x2, 0xff, 0xff, 0x30, 0x0, 0x0, 0x0, 0x0,
    0x0, 0xc, 0xff, 0xf5, 0x0, 0xbf, 0xff, 0xd0,
    0x0, 0x0, 0x0, 0x0, 0x0, 0x5f, 0xff, 0xf0,
    0x0, 0x2f, 0xff, 0xfb, 0x0, 0x0, 0x0, 0x0,
    0x3, 0xff, 0xff, 0x80, 0x0, 0x8, 0xff, 0xff,
    0xe6, 0x0, 0x0, 0x2, 0x9f, 0xff, 0xfe, 0x0,
    0x0, 0x0, 0xaf, 0xff, 0xff, 0xfc, 0xbb, 0xdf,
    0xff, 0xff, 0xe2, 0x0, 0x0, 0x0, 0x9, 0xff,
    0xff, 0xff, 0xff, 0xff, 0xff, 0xfd, 0x20, 0x0,
    0x0, 0x0, 0x0, 0x4d, 0xff, 0xff, 0xff, 0xff,
    0xff, 0x80, 0x0, 0x0, 0x0, 0x0, 0x0, 0x0,
    0x49, 0xcf, 0xff, 0xeb, 0x71, 0x0, 0x0, 0x0,
    0x0, 0x0, 0x0, 0x0, 0x0, 0x5, 0xfa, 0x0,
    0x0, 0x0, 0x0, 0x0, 0x0, 0x0, 0x0, 0x0,
    0x0, 0x7, 0xfe, 0x95, 0x0, 0x0, 0x0, 0x0,
    0x0, 0x0, 0x0, 0x0, 0x0, 0x8, 0xde, 0xff,
    0x80, 0x0, 0x0, 0x0, 0x0, 0x0, 0x0, 0x0,
    0x0, 0x0, 0x0, 0xaf, 0xe0, 0x0, 0x0, 0x0,
    0x0, 0x0, 0x0, 0x0, 0x0, 0x0, 0x0, 0xbf,
    0xe0, 0x0, 0x0, 0x0, 0x0, 0x0, 0x0, 0x0,
    0x0, 0x4f, 0xff, 0xff, 0xa0, 0x0, 0x0, 0x0,
    0x0, 0x0, 0x0, 0x0, 0x0, 0x5f, 0xff, 0xd8,
    0x0, 0x0, 0x0, 0x0,

    /* U+00C8 "È" */
    0x0, 0x0, 0x24, 0x44, 0x10, 0x0, 0x0, 0x0,
    0x0, 0x0, 0x0, 0x3f, 0xff, 0xa0, 0x0, 0x0,
    0x0, 0x0, 0x0, 0x0, 0x8, 0xff, 0xf2, 0x0,
    0x0, 0x0, 0x0, 0x0, 0x0, 0x0, 0xdf, 0xf9,
    0x0, 0x0, 0x0, 0x0, 0x0, 0x0, 0x0, 0x3f,
    0xff, 0x10, 0x0, 0x0, 0x0, 0x0, 0x0, 0x0,
    0x8, 0xff, 0x80, 0x0, 0x0, 0x0, 0x0, 0x0,
    0x0, 0x0, 0x0, 0x0, 0x0, 0x0, 0x0, 0x0,
    0x0, 0x0, 0x0, 0x0, 0x0, 0x0, 0x0, 0x0,
    0x0, 0x0, 0x0, 0x0, 0x0, 0x0, 0x0, 0x0,
    0x0, 0x1f, 0xff, 0xff, 0xff, 0xff, 0xff, 0xff,
    0xff, 0xf6, 0x1f, 0xff, 0xff, 0xff, 0xff, 0xff,
    0xff, 0xff, 0xf6, 0x1f, 0xff, 0xff, 0xff, 0xff,
    0xff, 0xff, 0xff, 0xf6, 0x1f, 0xff, 0xf7, 0x77,
    0x77, 0x77, 0x77, 0x77, 0x72, 0x1f, 0xff, 0xe0,
    0x0, 0x0, 0x0, 0x0, 0x0, 0x0, 0x1f, 0xff,
    0xe0, 0x0, 0x0, 0x0, 0x0, 0x0, 0x0, 0x1f,
    0xff, 0xe0, 0x0, 0x0, 0x0, 0x0, 0x0, 0x0,
    0x1f, 0xff, 0xe0, 0x0, 0x0, 0x0, 0x0, 0x0,
    0x0, 0x1f, 0xff, 0xe0, 0x0, 0x0, 0x0, 0x0,
    0x0, 0x0, 0x1f, 0xff, 0xe0, 0x0, 0x0, 0x0,
    0x0, 0x0, 0x0, 0x1f, 0xff, 0xe0, 0x0, 0x0,
    0x0, 0x0, 0x0, 0x0, 0x1f, 0xff, 0xff, 0xff,
    0xff, 0xff, 0xff, 0xff, 0x80, 0x1f, 0xff, 0xff,
    0xff, 0xff, 0xff, 0xff, 0xff, 0x80, 0x1f, 0xff,
    0xff, 0xff, 0xff, 0xff, 0xff, 0xff, 0x80, 0x1f,
    0xff, 0xf7, 0x77, 0x77, 0x77, 0x77, 0x77, 0x30,
    0x1f, 0xff, 0xe0, 0x0, 0x0, 0x0, 0x0, 0x0,
    0x0, 0x1f, 0xff, 0xe0, 0x0, 0x0, 0x0, 0x0,
    0x0, 0x0, 0x1f, 0xff, 0xe0, 0x0, 0x0, 0x0,
    0x0, 0x0, 0x0, 0x1f, 0xff, 0xe0, 0x0, 0x0,
    0x0, 0x0, 0x0, 0x0, 0x1f, 0xff, 0xe0, 0x0,
    0x0, 0x0, 0x0, 0x0, 0x0, 0x1f, 0xff, 0xe0,
    0x0, 0x0, 0x0, 0x0, 0x0, 0x0, 0x1f, 0xff,
    0xe0, 0x0, 0x0, 0x0, 0x0, 0x0, 0x0, 0x1f,
    0xff, 0xf7, 0x77, 0x77, 0x77, 0x77, 0x77, 0x73,
    0x1f, 0xff, 0xff, 0xff, 0xff, 0xff, 0xff, 0xff,
    0xf8, 0x1f, 0xff, 0xff, 0xff, 0xff, 0xff, 0xff,
    0xff, 0xf8, 0x1f, 0xff, 0xff, 0xff, 0xff, 0xff,
    0xff, 0xff, 0xf8,

    /* U+00C9 "É" */
    0x0, 0x0, 0x0, 0x0, 0x0, 0x44, 0x44, 0x0,
    0x0, 0x0, 0x0, 0x0, 0x0, 0x4, 0xff, 0xf9,
    0x0, 0x0, 0x0, 0x0, 0x0, 0x0, 0xb, 0xff,
    0xe0, 0x0, 0x0, 0x0, 0x0, 0x0, 0x0, 0x2f,
    0xff, 0x40, 0x0, 0x0, 0x0, 0x0, 0x0, 0x0,
    0xaf, 0xf9, 0x0, 0x0, 0x0, 0x0, 0x0, 0x0,
    0x2, 0xff, 0xe0, 0x0, 0x0, 0x0, 0x0, 0x0,
    0x0, 0x0, 0x0, 0x0, 0x0, 0x0, 0x0, 0x0,
    0x0, 0x0, 0x0, 0x0, 0x0, 0x0, 0x0, 0x0,
    0x0, 0x0, 0x0, 0x0, 0x0, 0x0, 0x0, 0x0,
    0x0, 0x1f, 0xff, 0xff, 0xff, 0xff, 0xff, 0xff,
    0xff, 0xf6, 0x1f, 0xff, 0xff, 0xff, 0xff, 0xff,
    0xff, 0xff, 0xf6, 0x1f, 0xff, 0xff, 0xff, 0xff,
    0xff, 0xff, 0xff, 0xf6, 0x1f, 0xff, 0xf7, 0x77,
    0x77, 0x77, 0x77, 0x77, 0x72, 0x1f, 0xff, 0xe0,
    0x0, 0x0, 0x0, 0x0, 0x0, 0x0, 0x1f, 0xff,
    0xe0, 0x0, 0x0, 0x0, 0x0, 0x0, 0x0, 0x1f,
    0xff, 0xe0, 0x0, 0x0, 0x0, 0x0, 0x0, 0x0,
    0x1f, 0xff, 0xe0, 0x0, 0x0, 0x0, 0x0, 0x0,
    0x0, 0x1f, 0xff, 0xe0, 0x0, 0x0, 0x0, 0x0,
    0x0, 0x0, 0x1f, 0xff, 0xe0, 0x0, 0x0, 0x0,
    0x0, 0x0, 0x0, 0x1f, 0xff, 0xe0, 0x0, 0x0,
    0x0, 0x0, 0x0, 0x0, 0x1f, 0xff, 0xff, 0xff,
    0xff, 0xff, 0xff, 0xff, 0x80, 0x1f, 0xff, 0xff,
    0xff, 0xff, 0xff, 0xff, 0xff, 0x80, 0x1f, 0xff,
    0xff, 0xff, 0xff, 0xff, 0xff, 0xff, 0x80, 0x1f,
    0xff, 0xf7, 0x77, 0x77, 0x77, 0x77, 0x77, 0x30,
    0x1f, 0xff, 0xe0, 0x0, 0x0, 0x0, 0x0, 0x0,
    0x0, 0x1f, 0xff, 0xe0, 0x0, 0x0, 0x0, 0x0,
    0x0, 0x0, 0x1f, 0xff, 0xe0, 0x0, 0x0, 0x0,
    0x0, 0x0, 0x0, 0x1f, 0xff, 0xe0, 0x0, 0x0,
    0x0, 0x0, 0x0, 0x0, 0x1f, 0xff, 0xe0, 0x0,
    0x0, 0x0, 0x0, 0x0, 0x0, 0x1f, 0xff, 0xe0,
    0x0, 0x0, 0x0, 0x0, 0x0, 0x0, 0x1f, 0xff,
    0xe0, 0x0, 0x0, 0x0, 0x0, 0x0, 0x0, 0x1f,
    0xff, 0xf7, 0x77, 0x77, 0x77, 0x77, 0x77, 0x73,
    0x1f, 0xff, 0xff, 0xff, 0xff, 0xff, 0xff, 0xff,
    0xf8, 0x1f, 0xff, 0xff, 0xff, 0xff, 0xff, 0xff,
    0xff, 0xf8, 0x1f, 0xff, 0xff, 0xff, 0xff, 0xff,
    0xff, 0xff, 0xf8,

    /* U+00CA "Ê" */
    0x0, 0x0, 0x0, 0x1d, 0xff, 0xf5, 0x0, 0x0,
    0x0, 0x0, 0x0, 0x0, 0xcf, 0xff, 0xff, 0x40,
    0x0, 0x0, 0x0, 0x0, 0xb, 0xff, 0xb5, 0xff,
    0xf2, 0x0, 0x0, 0x0, 0x0, 0xaf, 0xfd, 0x10,
    0x8f, 0xfe, 0x10, 0x0, 0x0, 0x9, 0xff, 0xf2,
    0x0, 0xa, 0xff, 0xd1, 0x0, 0x0, 0x0, 0x0,
    0x0, 0x0, 0x0, 0x0, 0x0, 0x0, 0x0, 0x0,
    0x0, 0x0, 0x0, 0x0, 0x0, 0x0, 0x0, 0x0,
    0x0, 0x0, 0x0, 0x0, 0x0, 0x0, 0x0, 0x0,
    0x1f, 0xff, 0xff, 0xff, 0xff, 0xff, 0xff, 0xff,
    0xf6, 0x1f, 0xff, 0xff, 0xff, 0xff, 0xff, 0xff,
    0xff, 0xf6, 0x1f, 0xff, 0xff, 0xff, 0xff, 0xff,
    0xff, 0xff, 0xf6, 0x1f, 0xff, 0xf7, 0x77, 0x77,
    0x77, 0x77, 0x77, 0x72, 0x1f, 0xff, 0xe0, 0x0,
    0x0, 0x0, 0x0, 0x0, 0x0, 0x1f, 0xff, 0xe0,
    0x0, 0x0, 0x0, 0x0, 0x0, 0x0, 0x1f, 0xff,
    0xe0, 0x0, 0x0, 0x0, 0x0, 0x0, 0x0, 0x1f,
    0xff, 0xe0, 0x0, 0x0, 0x0, 0x0, 0x0, 0x0,
    0x1f, 0xff, 0xe0, 0x0, 0x0, 0x0, 0x0, 0x0,
    0x0, 0x1f, 0xff, 0xe0, 0x0, 0x0, 0x0, 0x0,
    0x0, 0x0, 0x1f, 0xff, 0xe0, 0x0, 0x0, 0x0,
    0x0, 0x0, 0x0, 0x1f, 0xff, 0xff, 0xff, 0xff,
    0xff, 0xff, 0xff, 0x80, 0x1f, 0xff, 0xff, 0xff,
    0xff, 0xff, 0xff, 0xff, 0x80, 0x1f, 0xff, 0xff,
    0xff, 0xff, 0xff, 0xff, 0xff, 0x80, 0x1f, 0xff,
    0xf7, 0x77, 0x77, 0x77, 0x77, 0x77, 0x30, 0x1f,
    0xff, 0xe0, 0x0, 0x0, 0x0, 0x0, 0x0, 0x0,
    0x1f, 0xff, 0xe0, 0x0, 0x0, 0x0, 0x0, 0x0,
    0x0, 0x1f, 0xff, 0xe0, 0x0, 0x0, 0x0, 0x0,
    0x0, 0x0, 0x1f, 0xff, 0xe0, 0x0, 0x0, 0x0,
    0x0, 0x0, 0x0, 0x1f, 0xff, 0xe0, 0x0, 0x0,
    0x0, 0x0, 0x0, 0x0, 0x1f, 0xff, 0xe0, 0x0,
    0x0, 0x0, 0x0, 0x0, 0x0, 0x1f, 0xff, 0xe0,
    0x0, 0x0, 0x0, 0x0, 0x0, 0x0, 0x1f, 0xff,
    0xf7, 0x77, 0x77, 0x77, 0x77, 0x77, 0x73, 0x1f,
    0xff, 0xff, 0xff, 0xff, 0xff, 0xff, 0xff, 0xf8,
    0x1f, 0xff, 0xff, 0xff, 0xff, 0xff, 0xff, 0xff,
    0xf8, 0x1f, 0xff, 0xff, 0xff, 0xff, 0xff, 0xff,
    0xff, 0xf8,

    /* U+00CB "Ë" */
    0x0, 0x1, 0xbf, 0xb0, 0x0, 0x6, 0xee, 0x50,
    0x0, 0x0, 0xa, 0xff, 0xf8, 0x0, 0x2f, 0xff,
    0xf1, 0x0, 0x0, 0xc, 0xff, 0xfa, 0x0, 0x3f,
    0xff, 0xf2, 0x0, 0x0, 0x5, 0xff, 0xf4, 0x0,
    0xc, 0xff, 0xc0, 0x0, 0x0, 0x0, 0x37, 0x30,
    0x0, 0x0, 0x66, 0x0, 0x0, 0x0, 0x0, 0x0,
    0x0, 0x0, 0x0, 0x0, 0x0, 0x0, 0x0, 0x0,
    0x0, 0x0, 0x0, 0x0, 0x0, 0x0, 0x0, 0x0,
    0x0, 0x0, 0x0, 0x0, 0x0, 0x0, 0x0, 0x0,
    0x1f, 0xff, 0xff, 0xff, 0xff, 0xff, 0xff, 0xff,
    0xf6, 0x1f, 0xff, 0xff, 0xff, 0xff, 0xff, 0xff,
    0xff, 0xf6, 0x1f, 0xff, 0xff, 0xff, 0xff, 0xff,
    0xff, 0xff, 0xf6, 0x1f, 0xff, 0xf7, 0x77, 0x77,
    0x77, 0x77, 0x77, 0x72, 0x1f, 0xff, 0xe0, 0x0,
    0x0, 0x0, 0x0, 0x0, 0x0, 0x1f, 0xff, 0xe0,
    0x0, 0x0, 0x0, 0x0, 0x0, 0x0, 0x1f, 0xff,
    0xe0, 0x0, 0x0, 0x0, 0x0, 0x0, 0x0, 0x1f,
    0xff, 0xe0, 0x0, 0x0, 0x0, 0x0, 0x0, 0x0,
    0x1f, 0xff, 0xe0, 0x0, 0x0, 0x0, 0x0, 0x0,
    0x0, 0x1f, 0xff, 0xe0, 0x0, 0x0, 0x0, 0x0,
    0x0, 0x0, 0x1f, 0xff, 0xe0, 0x0, 0x0, 0x0,
    0x0, 0x0, 0x0, 0x1f, 0xff, 0xff, 0xff, 0xff,
    0xff, 0xff, 0xff, 0x80, 0x1f, 0xff, 0xff, 0xff,
    0xff, 0xff, 0xff, 0xff, 0x80, 0x1f, 0xff, 0xff,
    0xff, 0xff, 0xff, 0xff, 0xff, 0x80, 0x1f, 0xff,
    0xf7, 0x77, 0x77, 0x77, 0x77, 0x77, 0x30, 0x1f,
    0xff, 0xe0, 0x0, 0x0, 0x0, 0x0, 0x0, 0x0,
    0x1f, 0xff, 0xe0, 0x0, 0x0, 0x0, 0x0, 0x0,
    0x0, 0x1f, 0xff, 0xe0, 0x0, 0x0, 0x0, 0x0,
    0x0, 0x0, 0x1f, 0xff, 0xe0, 0x0, 0x0, 0x0,
    0x0, 0x0, 0x0, 0x1f, 0xff, 0xe0, 0x0, 0x0,
    0x0, 0x0, 0x0, 0x0, 0x1f, 0xff, 0xe0, 0x0,
    0x0, 0x0, 0x0, 0x0, 0x0, 0x1f, 0xff, 0xe0,
    0x0, 0x0, 0x0, 0x0, 0x0, 0x0, 0x1f, 0xff,
    0xf7, 0x77, 0x77, 0x77, 0x77, 0x77, 0x73, 0x1f,
    0xff, 0xff, 0xff, 0xff, 0xff, 0xff, 0xff, 0xf8,
    0x1f, 0xff, 0xff, 0xff, 0xff, 0xff, 0xff, 0xff,
    0xf8, 0x1f, 0xff, 0xff, 0xff, 0xff, 0xff, 0xff,
    0xff, 0xf8,

    /* U+00CC "Ì" */
    0x44, 0x44, 0x0, 0x7, 0xff, 0xf5, 0x0, 0xc,
    0xff, 0xd0, 0x0, 0x2f, 0xff, 0x40, 0x0, 0x8f,
    0xfc, 0x0, 0x0, 0xdf, 0xf3, 0x0, 0x0, 0x0,
    0x0, 0x0, 0x0, 0x0, 0x0, 0x0, 0x0, 0x0,
    0x1, 0xff, 0xfe, 0x0, 0x1f, 0xff, 0xe0, 0x1,
    0xff, 0xfe, 0x0, 0x1f, 0xff, 0xe0, 0x1, 0xff,
    0xfe, 0x0, 0x1f, 0xff, 0xe0, 0x1, 0xff, 0xfe,
    0x0, 0x1f, 0xff, 0xe0, 0x1, 0xff, 0xfe, 0x0,
    0x1f, 0xff, 0xe0, 0x1, 0xff, 0xfe, 0x0, 0x1f,
    0xff, 0xe0, 0x1, 0xff, 0xfe, 0x0, 0x1f, 0xff,
    0xe0, 0x1, 0xff, 0xfe, 0x0, 0x1f, 0xff, 0xe0,
    0x1, 0xff, 0xfe, 0x0, 0x1f, 0xff, 0xe0, 0x1,
    0xff, 0xfe, 0x0, 0x1f, 0xff, 0xe0, 0x1, 0xff,
    0xfe, 0x0, 0x1f, 0xff, 0xe0, 0x1, 0xff, 0xfe,
    0x0, 0x1f, 0xff, 0xe0, 0x1, 0xff, 0xfe, 0x0,
    0x1f, 0xff, 0xe0,

    /* U+00CD "Í" */
    0x0, 0x1, 0x44, 0x43, 0x0, 0x9, 0xff, 0xf4,
    0x0, 0x1f, 0xff, 0x90, 0x0, 0x7f, 0xfe, 0x0,
    0x0, 0xef, 0xf4, 0x0, 0x6, 0xff, 0xa0, 0x0,
    0x0, 0x0, 0x0, 0x0, 0x0, 0x0, 0x0, 0x0,
    0x0, 0x0, 0x0, 0x0, 0x1f, 0xff, 0xe0, 0x0,
    0x1f, 0xff, 0xe0, 0x0, 0x1f, 0xff, 0xe0, 0x0,
    0x1f, 0xff, 0xe0, 0x0, 0x1f, 0xff, 0xe0, 0x0,
    0x1f, 0xff, 0xe0, 0x0, 0x1f, 0xff, 0xe0, 0x0,
    0x1f, 0xff, 0xe0, 0x0, 0x1f, 0xff, 0xe0, 0x0,
    0x1f, 0xff, 0xe0, 0x0, 0x1f, 0xff, 0xe0, 0x0,
    0x1f, 0xff, 0xe0, 0x0, 0x1f, 0xff, 0xe0, 0x0,
    0x1f, 0xff, 0xe0, 0x0, 0x1f, 0xff, 0xe0, 0x0,
    0x1f, 0xff, 0xe0, 0x0, 0x1f, 0xff, 0xe0, 0x0,
    0x1f, 0xff, 0xe0, 0x0, 0x1f, 0xff, 0xe0, 0x0,
    0x1f, 0xff, 0xe0, 0x0, 0x1f, 0xff, 0xe0, 0x0,
    0x1f, 0xff, 0xe0, 0x0, 0x1f, 0xff, 0xe0, 0x0,
    0x1f, 0xff, 0xe0, 0x0, 0x1f, 0xff, 0xe0, 0x0,
    0x1f, 0xff, 0xe0, 0x0,

    /* U+00CE "Î" */
    0x0, 0x0, 0x4f, 0xff, 0xe1, 0x0, 0x0, 0x0,
    0x3, 0xff, 0xff, 0xfd, 0x10, 0x0, 0x0, 0x2e,
    0xff, 0x7a, 0xff, 0xc0, 0x0, 0x1, 0xef, 0xf9,
    0x0, 0xcf, 0xfb, 0x0, 0x1d, 0xff, 0xc0, 0x0,
    0x1e, 0xff, 0x90, 0x0, 0x0, 0x0, 0x0, 0x0,
    0x0, 0x0, 0x0, 0x0, 0x0, 0x0, 0x0, 0x0,
    0x0, 0x0, 0x0, 0x0, 0x0, 0x0, 0x0, 0x0,
    0x0, 0x0, 0x1f, 0xff, 0xe0, 0x0, 0x0, 0x0,
    0x0, 0x1f, 0xff, 0xe0, 0x0, 0x0, 0x0, 0x0,
    0x1f, 0xff, 0xe0, 0x0, 0x0, 0x0, 0x0, 0x1f,
    0xff, 0xe0, 0x0, 0x0, 0x0, 0x0, 0x1f, 0xff,
    0xe0, 0x0, 0x0, 0x0, 0x0, 0x1f, 0xff, 0xe0,
    0x0, 0x0, 0x0, 0x0, 0x1f, 0xff, 0xe0, 0x0,
    0x0, 0x0, 0x0, 0x1f, 0xff, 0xe0, 0x0, 0x0,
    0x0, 0x0, 0x1f, 0xff, 0xe0, 0x0, 0x0, 0x0,
    0x0, 0x1f, 0xff, 0xe0, 0x0, 0x0, 0x0, 0x0,
    0x1f, 0xff, 0xe0, 0x0, 0x0, 0x0, 0x0, 0x1f,
    0xff, 0xe0, 0x0, 0x0, 0x0, 0x0, 0x1f, 0xff,
    0xe0, 0x0, 0x0, 0x0, 0x0, 0x1f, 0xff, 0xe0,
    0x0, 0x0, 0x0, 0x0, 0x1f, 0xff, 0xe0, 0x0,
    0x0, 0x0, 0x0, 0x1f, 0xff, 0xe0, 0x0, 0x0,
    0x0, 0x0, 0x1f, 0xff, 0xe0, 0x0, 0x0, 0x0,
    0x0, 0x1f, 0xff, 0xe0, 0x0, 0x0, 0x0, 0x0,
    0x1f, 0xff, 0xe0, 0x0, 0x0, 0x0, 0x0, 0x1f,
    0xff, 0xe0, 0x0, 0x0, 0x0, 0x0, 0x1f, 0xff,
    0xe0, 0x0, 0x0, 0x0, 0x0, 0x1f, 0xff, 0xe0,
    0x0, 0x0, 0x0, 0x0, 0x1f, 0xff, 0xe0, 0x0,
    0x0, 0x0, 0x0, 0x1f, 0xff, 0xe0, 0x0, 0x0,
    0x0, 0x0, 0x1f, 0xff, 0xe0, 0x0, 0x0, 0x0,
    0x0, 0x1f, 0xff, 0xe0, 0x0, 0x0,

    /* U+00CF "Ï" */
    0x4, 0xde, 0x70, 0x0, 0x9, 0xfc, 0x20, 0xef,
    0xff, 0x30, 0x6, 0xff, 0xfc, 0xf, 0xff, 0xf5,
    0x0, 0x8f, 0xff, 0xe0, 0xaf, 0xfe, 0x10, 0x2,
    0xff, 0xf7, 0x0, 0x56, 0x10, 0x0, 0x2, 0x74,
    0x0, 0x0, 0x0, 0x0, 0x0, 0x0, 0x0, 0x0,
    0x0, 0x0, 0x0, 0x0, 0x0, 0x0, 0x0, 0x0,
    0x0, 0x0, 0x0, 0x0, 0x0, 0x0, 0x1f, 0xff,
    0xe0, 0x0, 0x0, 0x0, 0x1, 0xff, 0xfe, 0x0,
    0x0, 0x0, 0x0, 0x1f, 0xff, 0xe0, 0x0, 0x0,
    0x0, 0x1, 0xff, 0xfe, 0x0, 0x0, 0x0, 0x0,
    0x1f, 0xff, 0xe0, 0x0, 0x0, 0x0, 0x1, 0xff,
    0xfe, 0x0, 0x0, 0x0, 0x0, 0x1f, 0xff, 0xe0,
    0x0, 0x0, 0x0, 0x1, 0xff, 0xfe, 0x0, 0x0,
    0x0, 0x0, 0x1f, 0xff, 0xe0, 0x0, 0x0, 0x0,
    0x1, 0xff, 0xfe, 0x0, 0x0, 0x0, 0x0, 0x1f,
    0xff, 0xe0, 0x0, 0x0, 0x0, 0x1, 0xff, 0xfe,
    0x0, 0x0, 0x0, 0x0, 0x1f, 0xff, 0xe0, 0x0,
    0x0, 0x0, 0x1, 0xff, 0xfe, 0x0, 0x0, 0x0,
    0x0, 0x1f, 0xff, 0xe0, 0x0, 0x0, 0x0, 0x1,
    0xff, 0xfe, 0x0, 0x0, 0x0, 0x0, 0x1f, 0xff,
    0xe0, 0x0, 0x0, 0x0, 0x1, 0xff, 0xfe, 0x0,
    0x0, 0x0, 0x0, 0x1f, 0xff, 0xe0, 0x0, 0x0,
    0x0, 0x1, 0xff, 0xfe, 0x0, 0x0, 0x0, 0x0,
    0x1f, 0xff, 0xe0, 0x0, 0x0, 0x0, 0x1, 0xff,
    0xfe, 0x0, 0x0, 0x0, 0x0, 0x1f, 0xff, 0xe0,
    0x0, 0x0, 0x0, 0x1, 0xff, 0xfe, 0x0, 0x0,
    0x0, 0x0, 0x1f, 0xff, 0xe0, 0x0, 0x0, 0x0,
    0x1, 0xff, 0xfe, 0x0, 0x0,

    /* U+00D0 "Ð" */
    0x0, 0x5, 0xff, 0xff, 0xff, 0xff, 0xff, 0xdb,
    0x72, 0x0, 0x0, 0x0, 0x0, 0x0, 0x5f, 0xff,
    0xff, 0xff, 0xff, 0xff, 0xff, 0xfb, 0x20, 0x0,
    0x0, 0x0, 0x5, 0xff, 0xff, 0xff, 0xff, 0xff,
    0xff, 0xff, 0xff, 0x60, 0x0, 0x0, 0x0, 0x5f,
    0xff, 0xd8, 0x88, 0x88, 0xac, 0xff, 0xff, 0xff,
    0x80, 0x0, 0x0, 0x5, 0xff, 0xfb, 0x0, 0x0,
    0x0, 0x0, 0x6e, 0xff, 0xff, 0x50, 0x0, 0x0,
    0x5f, 0xff, 0xb0, 0x0, 0x0, 0x0, 0x0, 0x1c,
    0xff, 0xfe, 0x10, 0x0, 0x5, 0xff, 0xfb, 0x0,
    0x0, 0x0, 0x0, 0x0, 0x1e, 0xff, 0xf8, 0x0,
    0x0, 0x5f, 0xff, 0xb0, 0x0, 0x0, 0x0, 0x0,
    0x0, 0x5f, 0xff, 0xe0, 0x0, 0x5, 0xff, 0xfb,
    0x0, 0x0, 0x0, 0x0, 0x0, 0x0, 0xdf, 0xff,
    0x30, 0x0, 0x5f, 0xff, 0xb0, 0x0, 0x0, 0x0,
    0x0, 0x0, 0x9, 0xff, 0xf7, 0x0, 0x5, 0xff,
    0xfb, 0x0, 0x0, 0x0, 0x0, 0x0, 0x0, 0x5f,
    0xff, 0x9a, 0xff, 0xff, 0xff, 0xff, 0xff, 0xff,
    0xf3, 0x0, 0x0, 0x4, 0xff, 0xfb, 0xaf, 0xff,
    0xff, 0xff, 0xff, 0xff, 0xff, 0x30, 0x0, 0x0,
    0x2f, 0xff, 0xca, 0xff, 0xff, 0xff, 0xff, 0xff,
    0xff, 0xf3, 0x0, 0x0, 0x3, 0xff, 0xfc, 0x0,
    0x5, 0xff, 0xfb, 0x0, 0x0, 0x0, 0x0, 0x0,
    0x0, 0x4f, 0xff, 0xb0, 0x0, 0x5f, 0xff, 0xb0,
    0x0, 0x0, 0x0, 0x0, 0x0, 0x6, 0xff, 0xf9,
    0x0, 0x5, 0xff, 0xfb, 0x0, 0x0, 0x0, 0x0,
    0x0, 0x0, 0x9f, 0xff, 0x70, 0x0, 0x5f, 0xff,
    0xb0, 0x0, 0x0, 0x0, 0x0, 0x0, 0xe, 0xff,
    0xf3, 0x0, 0x5, 0xff, 0xfb, 0x0, 0x0, 0x0,
    0x0, 0x0, 0x5, 0xff, 0xfe, 0x0, 0x0, 0x5f,
    0xff, 0xb0, 0x0, 0x0, 0x0, 0x0, 0x1, 0xef,
    0xff, 0x70, 0x0, 0x5, 0xff, 0xfb, 0x0, 0x0,
    0x0, 0x0, 0x1, 0xdf, 0xff, 0xe0, 0x0, 0x0,
    0x5f, 0xff, 0xb0, 0x0, 0x0, 0x0, 0x17, 0xef,
    0xff, 0xf5, 0x0, 0x0, 0x5, 0xff, 0xfd, 0x88,
    0x88, 0x9a, 0xcf, 0xff, 0xff, 0xf7, 0x0, 0x0,
    0x0, 0x5f, 0xff, 0xff, 0xff, 0xff, 0xff, 0xff,
    0xff, 0xf6, 0x0, 0x0, 0x0, 0x5, 0xff, 0xff,
    0xff, 0xff, 0xff, 0xff, 0xff, 0xa2, 0x0, 0x0,
    0x0, 0x0, 0x5f, 0xff, 0xff, 0xff, 0xff, 0xed,
    0xa6, 0x10, 0x0, 0x0, 0x0,

    /* U+00D1 "Ñ" */
    0x0, 0x0, 0x0, 0x0, 0x67, 0x40, 0x0, 0x28,
    0x80, 0x0, 0x0, 0x0, 0x0, 0x0, 0x0, 0xdf,
    0xff, 0xd5, 0xa, 0xfe, 0x0, 0x0, 0x0, 0x0,
    0x0, 0x0, 0x6f, 0xff, 0xff, 0xff, 0xff, 0xa0,
    0x0, 0x0, 0x0, 0x0, 0x0, 0xa, 0xfe, 0x14,
    0xcf, 0xff, 0xe2, 0x0, 0x0, 0x0, 0x0, 0x0,
    0x0, 0x57, 0x50, 0x0, 0x36, 0x61, 0x0, 0x0,
    0x0, 0x0, 0x0, 0x0, 0x0, 0x0, 0x0, 0x0,
    0x0, 0x0, 0x0, 0x0, 0x0, 0x0, 0x0, 0x0,
    0x0, 0x0, 0x0, 0x0, 0x0, 0x0, 0x0, 0x0,
    0x0, 0x0, 0x0, 0x0, 0x0, 0x0, 0x0, 0x0,
    0x0, 0x0, 0x0, 0x0, 0x1f, 0xff, 0xfd, 0x0,
    0x0, 0x0, 0x0, 0x0, 0x0, 0xbf, 0xff, 0x51,
    0xff, 0xff, 0xf7, 0x0, 0x0, 0x0, 0x0, 0x0,
    0xb, 0xff, 0xf5, 0x1f, 0xff, 0xff, 0xf2, 0x0,
    0x0, 0x0, 0x0, 0x0, 0xbf, 0xff, 0x51, 0xff,
    0xff, 0xff, 0xc0, 0x0, 0x0, 0x0, 0x0, 0xb,
    0xff, 0xf5, 0x1f, 0xff, 0xff, 0xff, 0x60, 0x0,
    0x0, 0x0, 0x0, 0xbf, 0xff, 0x51, 0xff, 0xfb,
    0xef, 0xfe, 0x10, 0x0, 0x0, 0x0, 0xb, 0xff,
    0xf5, 0x1f, 0xff, 0xb6, 0xff, 0xfa, 0x0, 0x0,
    0x0, 0x0, 0xbf, 0xff, 0x51, 0xff, 0xfc, 0xd,
    0xff, 0xf4, 0x0, 0x0, 0x0, 0xb, 0xff, 0xf5,
    0x1f, 0xff, 0xd0, 0x5f, 0xff, 0xe0, 0x0, 0x0,
    0x0, 0xbf, 0xff, 0x51, 0xff, 0xfe, 0x0, 0xbf,
    0xff, 0x90, 0x0, 0x0, 0xb, 0xff, 0xf5, 0x1f,
    0xff, 0xe0, 0x2, 0xff, 0xff, 0x30, 0x0, 0x0,
    0xbf, 0xff, 0x51, 0xff, 0xff, 0x0, 0x8, 0xff,
    0xfd, 0x0, 0x0, 0xb, 0xff, 0xf5, 0x1f, 0xff,
    0xf0, 0x0, 0xe, 0xff, 0xf7, 0x0, 0x0, 0xbf,
    0xff, 0x51, 0xff, 0xff, 0x0, 0x0, 0x4f, 0xff,
    0xf2, 0x0, 0xb, 0xff, 0xf5, 0x1f, 0xff, 0xf0,
    0x0, 0x0, 0xaf, 0xff, 0xc0, 0x0, 0xbf, 0xff,
    0x51, 0xff, 0xff, 0x0, 0x0, 0x1, 0xef, 0xff,
    0x60, 0xb, 0xff, 0xf5, 0x1f, 0xff, 0xf0, 0x0,
    0x0, 0x6, 0xff, 0xfe, 0x10, 0xbf, 0xff, 0x51,
    0xff, 0xff, 0x0, 0x0, 0x0, 0xb, 0xff, 0xf9,
    0xa, 0xff, 0xf5, 0x1f, 0xff, 0xf0, 0x0, 0x0,
    0x0, 0x2f, 0xff, 0xf2, 0xaf, 0xff, 0x51, 0xff,
    0xff, 0x0, 0x0, 0x0, 0x0, 0x7f, 0xff, 0xa9,
    0xff, 0xf5, 0x1f, 0xff, 0xf0, 0x0, 0x0, 0x0,
    0x0, 0xcf, 0xff, 0xbf, 0xff, 0x51, 0xff, 0xff,
    0x0, 0x0, 0x0, 0x0, 0x3, 0xff, 0xff, 0xff,
    0xf5, 0x1f, 0xff, 0xf0, 0x0, 0x0, 0x0, 0x0,
    0x8, 0xff, 0xff, 0xff, 0x51, 0xff, 0xff, 0x0,
    0x0, 0x0, 0x0, 0x0, 0xd, 0xff, 0xff, 0xf5,
    0x1f, 0xff, 0xf0, 0x0, 0x0, 0x0, 0x0, 0x0,
    0x4f, 0xff, 0xff, 0x51, 0xff, 0xff, 0x0, 0x0,
    0x0, 0x0, 0x0, 0x0, 0xaf, 0xff, 0xf5,

    /* U+00D2 "Ò" */
    0x0, 0x0, 0x0, 0x0, 0x44, 0x44, 0x0, 0x0,
    0x0, 0x0, 0x0, 0x0, 0x0, 0x0, 0x0, 0x0,
    0x9, 0xff, 0xf4, 0x0, 0x0, 0x0, 0x0, 0x0,
    0x0, 0x0, 0x0, 0x0, 0x0, 0xe, 0xff, 0xb0,
    0x0, 0x0, 0x0, 0x0, 0x0, 0x0, 0x0, 0x0,
    0x0, 0x0, 0x4f, 0xff, 0x20, 0x0, 0x0, 0x0,
    0x0, 0x0, 0x0, 0x0, 0x0, 0x0, 0x0, 0x9f,
    0xfa, 0x0, 0x0, 0x0, 0x0, 0x0, 0x0, 0x0,
    0x0, 0x0, 0x0, 0x0, 0xef, 0xf2, 0x0, 0x0,
    0x0, 0x0, 0x0, 0x0, 0x0, 0x0, 0x0, 0x0,
    0x0, 0x0, 0x0, 0x0, 0x0, 0x0, 0x0, 0x0,
    0x0, 0x0, 0x0, 0x0, 0x0, 0x0, 0x0, 0x0,
    0x0, 0x0, 0x0, 0x0, 0x0, 0x0, 0x0, 0x0,
    0x0, 0x0, 0x0, 0x0, 0x0, 0x0, 0x0, 0x0,
    0x0, 0x0, 0x0, 0x0, 0x3, 0x9c, 0xef, 0xfe,
    0xb7, 0x10, 0x0, 0x0, 0x0, 0x0, 0x0, 0x0,
    0x4c, 0xff, 0xff, 0xff, 0xff, 0xff, 0x91, 0x0,
    0x0, 0x0, 0x0, 0x0, 0x9f, 0xff, 0xff, 0xff,
    0xff, 0xff, 0xff, 0xe4, 0x0, 0x0, 0x0, 0x0,
    0xaf, 0xff, 0xff, 0xfc, 0xbb, 0xdf, 0xff, 0xff,
    0xf4, 0x0, 0x0, 0x0, 0x7f, 0xff, 0xfe, 0x60,
    0x0, 0x0, 0x29, 0xff, 0xff, 0xe2, 0x0, 0x0,
    0x2f, 0xff, 0xfb, 0x10, 0x0, 0x0, 0x0, 0x4,
    0xff, 0xff, 0xb0, 0x0, 0xa, 0xff, 0xfd, 0x0,
    0x0, 0x0, 0x0, 0x0, 0x4, 0xff, 0xff, 0x40,
    0x1, 0xff, 0xff, 0x30, 0x0, 0x0, 0x0, 0x0,
    0x0, 0xa, 0xff, 0xfb, 0x0, 0x6f, 0xff, 0xb0,
    0x0, 0x0, 0x0, 0x0, 0x0, 0x0, 0x2f, 0xff,
    0xf0, 0xa, 0xff, 0xf6, 0x0, 0x0, 0x0, 0x0,
    0x0, 0x0, 0x0, 0xcf, 0xff, 0x40, 0xdf, 0xff,
    0x20, 0x0, 0x0, 0x0, 0x0, 0x0, 0x0, 0x9,
    0xff, 0xf6, 0xf, 0xff, 0xf0, 0x0, 0x0, 0x0,
    0x0, 0x0, 0x0, 0x0, 0x7f, 0xff, 0x80, 0xff,
    0xff, 0x0, 0x0, 0x0, 0x0, 0x0, 0x0, 0x0,
    0x6, 0xff, 0xf9, 0xf, 0xff, 0xf0, 0x0, 0x0,
    0x0, 0x0, 0x0, 0x0, 0x0, 0x6f, 0xff, 0x90,
    0xff, 0xff, 0x0, 0x0, 0x0, 0x0, 0x0, 0x0,
    0x0, 0x7, 0xff, 0xf8, 0xd, 0xff, 0xf2, 0x0,
    0x0, 0x0, 0x0, 0x0, 0x0, 0x0, 0x9f, 0xff,
    0x60, 0xaf, 0xff, 0x60, 0x0, 0x0, 0x0, 0x0,
    0x0, 0x0, 0xc, 0xff, 0xf4, 0x6, 0xff, 0xfb,
    0x0, 0x0, 0x0, 0x0, 0x0, 0x0, 0x2, 0xff,
    0xff, 0x0, 0x2f, 0xff, 0xf3, 0x0, 0x0, 0x0,
    0x0, 0x0, 0x0, 0xaf, 0xff, 0xb0, 0x0, 0xbf,
    0xff, 0xd0, 0x0, 0x0, 0x0, 0x0, 0x0, 0x5f,
    0xff, 0xf4, 0x0, 0x2, 0xff, 0xff, 0xc1, 0x0,
    0x0, 0x0, 0x0, 0x5f, 0xff, 0xfb, 0x0, 0x0,
    0x7, 0xff, 0xff, 0xe6, 0x0, 0x0, 0x2, 0x9f,
    0xff, 0xff, 0x20, 0x0, 0x0, 0xa, 0xff, 0xff,
    0xff, 0xcb, 0xbd, 0xff, 0xff, 0xff, 0x40, 0x0,
    0x0, 0x0, 0x9, 0xff, 0xff, 0xff, 0xff, 0xff,
    0xff, 0xfe, 0x40, 0x0, 0x0, 0x0, 0x0, 0x4,
    0xcf, 0xff, 0xff, 0xff, 0xff, 0xfa, 0x10, 0x0,
    0x0, 0x0, 0x0, 0x0, 0x0, 0x39, 0xce, 0xff,
    0xeb, 0x71, 0x0, 0x0, 0x0, 0x0,

    /* U+00D3 "Ó" */
    0x0, 0x0, 0x0, 0x0, 0x0, 0x0, 0x1, 0x44,
    0x42, 0x0, 0x0, 0x0, 0x0, 0x0, 0x0, 0x0,
    0x0, 0x0, 0x0, 0xaf, 0xff, 0x30, 0x0, 0x0,
    0x0, 0x0, 0x0, 0x0, 0x0, 0x0, 0x0, 0x2f,
    0xff, 0x80, 0x0, 0x0, 0x0, 0x0, 0x0, 0x0,
    0x0, 0x0, 0x0, 0x9, 0xff, 0xd0, 0x0, 0x0,
    0x0, 0x0, 0x0, 0x0, 0x0, 0x0, 0x0, 0x1,
    0xff, 0xf3, 0x0, 0x0, 0x0, 0x0, 0x0, 0x0,
    0x0, 0x0, 0x0, 0x0, 0x8f, 0xf8, 0x0, 0x0,
    0x0, 0x0, 0x0, 0x0, 0x0, 0x0, 0x0, 0x0,
    0x0, 0x0, 0x0, 0x0, 0x0, 0x0, 0x0, 0x0,
    0x0, 0x0, 0x0, 0x0, 0x0, 0x0, 0x0, 0x0,
    0x0, 0x0, 0x0, 0x0, 0x0, 0x0, 0x0, 0x0,
    0x0, 0x0, 0x0, 0x0, 0x0, 0x0, 0x0, 0x0,
    0x0, 0x0, 0x0, 0x0, 0x3, 0x9c, 0xef, 0xfe,
    0xb7, 0x10, 0x0, 0x0, 0x0, 0x0, 0x0, 0x0,
    0x4c, 0xff, 0xff, 0xff, 0xff, 0xff, 0x91, 0x0,
    0x0, 0x0, 0x0, 0x0, 0x9f, 0xff, 0xff, 0xff,
    0xff, 0xff, 0xff, 0xe4, 0x0, 0x0, 0x0, 0x0,
    0xaf, 0xff, 0xff, 0xfc, 0xbb, 0xdf, 0xff, 0xff,
    0xf4, 0x0, 0x0, 0x0, 0x7f, 0xff, 0xfe, 0x60,
    0x0, 0x0, 0x29, 0xff, 0xff, 0xe2, 0x0, 0x0,
    0x2f, 0xff, 0xfb, 0x10, 0x0, 0x0, 0x0, 0x4,
    0xff, 0xff, 0xb0, 0x0, 0xa, 0xff, 0xfd, 0x0,
    0x0, 0x0, 0x0, 0x0, 0x4, 0xff, 0xff, 0x40,
    0x1, 0xff, 0xff, 0x30, 0x0, 0x0, 0x0, 0x0,
    0x0, 0xa, 0xff, 0xfb, 0x0, 0x6f, 0xff, 0xb0,
    0x0, 0x0, 0x0, 0x0, 0x0, 0x0, 0x2f, 0xff,
    0xf0, 0xa, 0xff, 0xf6, 0x0, 0x0, 0x0, 0x0,
    0x0, 0x0, 0x0, 0xcf, 0xff, 0x40, 0xdf, 0xff,
    0x20, 0x0, 0x0, 0x0, 0x0, 0x0, 0x0, 0x9,
    0xff, 0xf6, 0xf, 0xff, 0xf0, 0x0, 0x0, 0x0,
    0x0, 0x0, 0x0, 0x0, 0x7f, 0xff, 0x80, 0xff,
    0xff, 0x0, 0x0, 0x0, 0x0, 0x0, 0x0, 0x0,
    0x6, 0xff, 0xf9, 0xf, 0xff, 0xf0, 0x0, 0x0,
    0x0, 0x0, 0x0, 0x0, 0x0, 0x6f, 0xff, 0x90,
    0xff, 0xff, 0x0, 0x0, 0x0, 0x0, 0x0, 0x0,
    0x0, 0x7, 0xff, 0xf8, 0xd, 0xff, 0xf2, 0x0,
    0x0, 0x0, 0x0, 0x0, 0x0, 0x0, 0x9f, 0xff,
    0x60, 0xaf, 0xff, 0x60, 0x0, 0x0, 0x0, 0x0,
    0x0, 0x0, 0xc, 0xff, 0xf4, 0x6, 0xff, 0xfb,
    0x0, 0x0, 0x0, 0x0, 0x0, 0x0, 0x2, 0xff,
    0xff, 0x0, 0x2f, 0xff, 0xf3, 0x0, 0x0, 0x0,
    0x0, 0x0, 0x0, 0xaf, 0xff, 0xb0, 0x0, 0xbf,
    0xff, 0xd0, 0x0, 0x0, 0x0, 0x0, 0x0, 0x5f,
    0xff, 0xf4, 0x0, 0x2, 0xff, 0xff, 0xc1, 0x0,
    0x0, 0x0, 0x0, 0x5f, 0xff, 0xfb, 0x0, 0x0,
    0x7, 0xff, 0xff, 0xe6, 0x0, 0x0, 0x2, 0x9f,
    0xff, 0xff, 0x20, 0x0, 0x0, 0xa, 0xff, 0xff,
    0xff, 0xcb, 0xbd, 0xff, 0xff, 0xff, 0x40, 0x0,
    0x0, 0x0, 0x9, 0xff, 0xff, 0xff, 0xff, 0xff,
    0xff, 0xfe, 0x40, 0x0, 0x0, 0x0, 0x0, 0x4,
    0xcf, 0xff, 0xff, 0xff, 0xff, 0xfa, 0x10, 0x0,
    0x0, 0x0, 0x0, 0x0, 0x0, 0x39, 0xce, 0xff,
    0xeb, 0x71, 0x0, 0x0, 0x0, 0x0,

    /* U+00D4 "Ô" */
    0x0, 0x0, 0x0, 0x0, 0x0, 0x7, 0x88, 0x50,
    0x0, 0x0, 0x0, 0x0, 0x0, 0x0, 0x0, 0x0,
    0x0, 0xc, 0xff, 0xff, 0x60, 0x0, 0x0, 0x0,
    0x0, 0x0, 0x0, 0x0, 0x0, 0xb, 0xff, 0xcf,
    0xff, 0x40, 0x0, 0x0, 0x0, 0x0, 0x0, 0x0,
    0x0, 0x9, 0xff, 0xd1, 0x5f, 0xff, 0x30, 0x0,
    0x0, 0x0, 0x0, 0x0, 0x0, 0x8, 0xff, 0xf2,
    0x0, 0x8f, 0xfe, 0x20, 0x0, 0x0, 0x0, 0x0,
    0x0, 0x1, 0x88, 0x83, 0x0, 0x0, 0x78, 0x85,
    0x0, 0x0, 0x0, 0x0, 0x0, 0x0, 0x0, 0x0,
    0x0, 0x0, 0x0, 0x0, 0x0, 0x0, 0x0, 0x0,
    0x0, 0x0, 0x0, 0x0, 0x0, 0x0, 0x0, 0x0,
    0x0, 0x0, 0x0, 0x0, 0x0, 0x0, 0x0, 0x0,
    0x0, 0x0, 0x0, 0x0, 0x0, 0x0, 0x0, 0x0,
    0x0, 0x0, 0x0, 0x0, 0x3, 0x9c, 0xef, 0xfe,
    0xb7, 0x10, 0x0, 0x0, 0x0, 0x0, 0x0, 0x0,
    0x4c, 0xff, 0xff, 0xff, 0xff, 0xff, 0x91, 0x0,
    0x0, 0x0, 0x0, 0x0, 0x9f, 0xff, 0xff, 0xff,
    0xff, 0xff, 0xff, 0xe4, 0x0, 0x0, 0x0, 0x0,
    0xaf, 0xff, 0xff, 0xfc, 0xbb, 0xdf, 0xff, 0xff,
    0xf4, 0x0, 0x0, 0x0, 0x7f, 0xff, 0xfe, 0x60,
    0x0, 0x0, 0x29, 0xff, 0xff, 0xe2, 0x0, 0x0,
    0x2f, 0xff, 0xfb, 0x10, 0x0, 0x0, 0x0, 0x4,
    0xff, 0xff, 0xb0, 0x0, 0xa, 0xff, 0xfd, 0x0,
    0x0, 0x0, 0x0, 0x0, 0x4, 0xff, 0xff, 0x40,
    0x1, 0xff, 0xff, 0x30, 0x0, 0x0, 0x0, 0x0,
    0x0, 0xa, 0xff, 0xfb, 0x0, 0x6f, 0xff, 0xb0,
    0x0, 0x0, 0x0, 0x0, 0x0, 0x0, 0x2f, 0xff,
    0xf0, 0xa, 0xff, 0xf6, 0x0, 0x0, 0x0, 0x0,
    0x0, 0x0, 0x0, 0xcf, 0xff, 0x40, 0xdf, 0xff,
    0x20, 0x0, 0x0, 0x0, 0x0, 0x0, 0x0, 0x9,
    0xff, 0xf6, 0xf, 0xff, 0xf0, 0x0, 0x0, 0x0,
    0x0, 0x0, 0x0, 0x0, 0x7f, 0xff, 0x80, 0xff,
    0xff, 0x0, 0x0, 0x0, 0x0, 0x0, 0x0, 0x0,
    0x6, 0xff, 0xf9, 0xf, 0xff, 0xf0, 0x0, 0x0,
    0x0, 0x0, 0x0, 0x0, 0x0, 0x6f, 0xff, 0x90,
    0xff, 0xff, 0x0, 0x0, 0x0, 0x0, 0x0, 0x0,
    0x0, 0x7, 0xff, 0xf8, 0xd, 0xff, 0xf2, 0x0,
    0x0, 0x0, 0x0, 0x0, 0x0, 0x0, 0x9f, 0xff,
    0x60, 0xaf, 0xff, 0x60, 0x0, 0x0, 0x0, 0x0,
    0x0, 0x0, 0xc, 0xff, 0xf4, 0x6, 0xff, 0xfb,
    0x0, 0x0, 0x0, 0x0, 0x0, 0x0, 0x2, 0xff,
    0xff, 0x0, 0x2f, 0xff, 0xf3, 0x0, 0x0, 0x0,
    0x0, 0x0, 0x0, 0xaf, 0xff, 0xb0, 0x0, 0xbf,
    0xff, 0xd0, 0x0, 0x0, 0x0, 0x0, 0x0, 0x5f,
    0xff, 0xf4, 0x0, 0x2, 0xff, 0xff, 0xc1, 0x0,
    0x0, 0x0, 0x0, 0x5f, 0xff, 0xfb, 0x0, 0x0,
    0x7, 0xff, 0xff, 0xe6, 0x0, 0x0, 0x2, 0x9f,
    0xff, 0xff, 0x20, 0x0, 0x0, 0xa, 0xff, 0xff,
    0xff, 0xcb, 0xbd, 0xff, 0xff, 0xff, 0x40, 0x0,
    0x0, 0x0, 0x9, 0xff, 0xff, 0xff, 0xff, 0xff,
    0xff, 0xfe, 0x40, 0x0, 0x0, 0x0, 0x0, 0x4,
    0xcf, 0xff, 0xff, 0xff, 0xff, 0xfa, 0x10, 0x0,
    0x0, 0x0, 0x0, 0x0, 0x0, 0x39, 0xce, 0xff,
    0xeb, 0x71, 0x0, 0x0, 0x0, 0x0,

    /* U+00D5 "Õ" */
    0x0, 0x0, 0x0, 0x0, 0x3d, 0xfd, 0x70, 0x3,
    0xff, 0x30, 0x0, 0x0, 0x0, 0x0, 0x0, 0x0,
    0xe, 0xff, 0xff, 0xe8, 0xcf, 0xf0, 0x0, 0x0,
    0x0, 0x0, 0x0, 0x0, 0x6, 0xff, 0xaa, 0xff,
    0xff, 0xf9, 0x0, 0x0, 0x0, 0x0, 0x0, 0x0,
    0x0, 0x8f, 0xe0, 0x2, 0xae, 0xfa, 0x0, 0x0,
    0x0, 0x0, 0x0, 0x0, 0x0, 0x0, 0x0, 0x0,
    0x0, 0x0, 0x0, 0x0, 0x0, 0x0, 0x0, 0x0,
    0x0, 0x0, 0x0, 0x0, 0x0, 0x0, 0x0, 0x0,
    0x0, 0x0, 0x0, 0x0, 0x0, 0x0, 0x0, 0x0,
    0x0, 0x0, 0x0, 0x0, 0x0, 0x0, 0x0, 0x0,
    0x0, 0x0, 0x0, 0x0, 0x0, 0x0, 0x0, 0x0,
    0x0, 0x0, 0x0, 0x0, 0x0, 0x0, 0x0, 0x0,
    0x39, 0xce, 0xff, 0xeb, 0x71, 0x0, 0x0, 0x0,
    0x0, 0x0, 0x0, 0x4, 0xcf, 0xff, 0xff, 0xff,
    0xff, 0xf9, 0x10, 0x0, 0x0, 0x0, 0x0, 0x9,
    0xff, 0xff, 0xff, 0xff, 0xff, 0xff, 0xfe, 0x40,
    0x0, 0x0, 0x0, 0xa, 0xff, 0xff, 0xff, 0xcb,
    0xbd, 0xff, 0xff, 0xff, 0x40, 0x0, 0x0, 0x7,
    0xff, 0xff, 0xe6, 0x0, 0x0, 0x2, 0x9f, 0xff,
    0xfe, 0x20, 0x0, 0x2, 0xff, 0xff, 0xb1, 0x0,
    0x0, 0x0, 0x0, 0x4f, 0xff, 0xfb, 0x0, 0x0,
    0xaf, 0xff, 0xd0, 0x0, 0x0, 0x0, 0x0, 0x0,
    0x4f, 0xff, 0xf4, 0x0, 0x1f, 0xff, 0xf3, 0x0,
    0x0, 0x0, 0x0, 0x0, 0x0, 0xaf, 0xff, 0xb0,
    0x6, 0xff, 0xfb, 0x0, 0x0, 0x0, 0x0, 0x0,
    0x0, 0x2, 0xff, 0xff, 0x0, 0xaf, 0xff, 0x60,
    0x0, 0x0, 0x0, 0x0, 0x0, 0x0, 0xc, 0xff,
    0xf4, 0xd, 0xff, 0xf2, 0x0, 0x0, 0x0, 0x0,
    0x0, 0x0, 0x0, 0x9f, 0xff, 0x60, 0xff, 0xff,
    0x0, 0x0, 0x0, 0x0, 0x0, 0x0, 0x0, 0x7,
    0xff, 0xf8, 0xf, 0xff, 0xf0, 0x0, 0x0, 0x0,
    0x0, 0x0, 0x0, 0x0, 0x6f, 0xff, 0x90, 0xff,
    0xff, 0x0, 0x0, 0x0, 0x0, 0x0, 0x0, 0x0,
    0x6, 0xff, 0xf9, 0xf, 0xff, 0xf0, 0x0, 0x0,
    0x0, 0x0, 0x0, 0x0, 0x0, 0x7f, 0xff, 0x80,
    0xdf, 0xff, 0x20, 0x0, 0x0, 0x0, 0x0, 0x0,
    0x0, 0x9, 0xff, 0xf6, 0xa, 0xff, 0xf6, 0x0,
    0x0, 0x0, 0x0, 0x0, 0x0, 0x0, 0xcf, 0xff,
    0x40, 0x6f, 0xff, 0xb0, 0x0, 0x0, 0x0, 0x0,
    0x0, 0x0, 0x2f, 0xff, 0xf0, 0x2, 0xff, 0xff,
    0x30, 0x0, 0x0, 0x0, 0x0, 0x0, 0xa, 0xff,
    0xfb, 0x0, 0xb, 0xff, 0xfd, 0x0, 0x0, 0x0,
    0x0, 0x0, 0x5, 0xff, 0xff, 0x40, 0x0, 0x2f,
    0xff, 0xfc, 0x10, 0x0, 0x0, 0x0, 0x5, 0xff,
    0xff, 0xb0, 0x0, 0x0, 0x7f, 0xff, 0xfe, 0x60,
    0x0, 0x0, 0x29, 0xff, 0xff, 0xf2, 0x0, 0x0,
    0x0, 0xaf, 0xff, 0xff, 0xfc, 0xbb, 0xdf, 0xff,
    0xff, 0xf4, 0x0, 0x0, 0x0, 0x0, 0x9f, 0xff,
    0xff, 0xff, 0xff, 0xff, 0xff, 0xe4, 0x0, 0x0,
    0x0, 0x0, 0x0, 0x4c, 0xff, 0xff, 0xff, 0xff,
    0xff, 0xa1, 0x0, 0x0, 0x0, 0x0, 0x0, 0x0,
    0x3, 0x9c, 0xef, 0xfe, 0xb7, 0x10, 0x0, 0x0,
    0x0,

    /* U+00D6 "Ö" */
    0x0, 0x0, 0x0, 0x5, 0xee, 0x60, 0x0, 0xa,
    0xfb, 0x10, 0x0, 0x0, 0x0, 0x0, 0x0, 0x1,
    0xff, 0xff, 0x20, 0x8, 0xff, 0xfa, 0x0, 0x0,
    0x0, 0x0, 0x0, 0x0, 0x2f, 0xff, 0xf3, 0x0,
    0xaf, 0xff, 0xc0, 0x0, 0x0, 0x0, 0x0, 0x0,
    0x0, 0xcf, 0xfd, 0x0, 0x4, 0xff, 0xf6, 0x0,
    0x0, 0x0, 0x0, 0x0, 0x0, 0x0, 0x66, 0x0,
    0x0, 0x2, 0x73, 0x0, 0x0, 0x0, 0x0, 0x0,
    0x0, 0x0, 0x0, 0x0, 0x0, 0x0, 0x0, 0x0,
    0x0, 0x0, 0x0, 0x0, 0x0, 0x0, 0x0, 0x0,
    0x0, 0x0, 0x0, 0x0, 0x0, 0x0, 0x0, 0x0,
    0x0, 0x0, 0x0, 0x0, 0x0, 0x0, 0x0, 0x0,
    0x0, 0x0, 0x0, 0x0, 0x0, 0x0, 0x0, 0x0,
    0x39, 0xce, 0xff, 0xeb, 0x71, 0x0, 0x0, 0x0,
    0x0, 0x0, 0x0, 0x4, 0xcf, 0xff, 0xff, 0xff,
    0xff, 0xf9, 0x10, 0x0, 0x0, 0x0, 0x0, 0x9,
    0xff, 0xff, 0xff, 0xff, 0xff, 0xff, 0xfe, 0x40,
    0x0, 0x0, 0x0, 0xa, 0xff, 0xff, 0xff, 0xcb,
    0xbd, 0xff, 0xff, 0xff, 0x40, 0x0, 0x0, 0x7,
    0xff, 0xff, 0xe6, 0x0, 0x0, 0x2, 0x9f, 0xff,
    0xfe, 0x20, 0x0, 0x2, 0xff, 0xff, 0xb1, 0x0,
    0x0, 0x0, 0x0, 0x4f, 0xff, 0xfb, 0x0, 0x0,
    0xaf, 0xff, 0xd0, 0x0, 0x0, 0x0, 0x0, 0x0,
    0x4f, 0xff, 0xf4, 0x0, 0x1f, 0xff, 0xf3, 0x0,
    0x0, 0x0, 0x0, 0x0, 0x0, 0xaf, 0xff, 0xb0,
    0x6, 0xff, 0xfb, 0x0, 0x0, 0x0, 0x0, 0x0,
    0x0, 0x2, 0xff, 0xff, 0x0, 0xaf, 0xff, 0x60,
    0x0, 0x0, 0x0, 0x0, 0x0, 0x0, 0xc, 0xff,
    0xf4, 0xd, 0xff, 0xf2, 0x0, 0x0, 0x0, 0x0,
    0x0, 0x0, 0x0, 0x9f, 0xff, 0x60, 0xff, 0xff,
    0x0, 0x0, 0x0, 0x0, 0x0, 0x0, 0x0, 0x7,
    0xff, 0xf8, 0xf, 0xff, 0xf0, 0x0, 0x0, 0x0,
    0x0, 0x0, 0x0, 0x0, 0x6f, 0xff, 0x90, 0xff,
    0xff, 0x0, 0x0, 0x0, 0x0, 0x0, 0x0, 0x0,
    0x6, 0xff, 0xf9, 0xf, 0xff, 0xf0, 0x0, 0x0,
    0x0, 0x0, 0x0, 0x0, 0x0, 0x7f, 0xff, 0x80,
    0xdf, 0xff, 0x20, 0x0, 0x0, 0x0, 0x0, 0x0,
    0x0, 0x9, 0xff, 0xf6, 0xa, 0xff, 0xf6, 0x0,
    0x0, 0x0, 0x0, 0x0, 0x0, 0x0, 0xcf, 0xff,
    0x40, 0x6f, 0xff, 0xb0, 0x0, 0x0, 0x0, 0x0,
    0x0, 0x0, 0x2f, 0xff, 0xf0, 0x2, 0xff, 0xff,
    0x30, 0x0, 0x0, 0x0, 0x0, 0x0, 0xa, 0xff,
    0xfb, 0x0, 0xb, 0xff, 0xfd, 0x0, 0x0, 0x0,
    0x0, 0x0, 0x5, 0xff, 0xff, 0x40, 0x0, 0x2f,
    0xff, 0xfc, 0x10, 0x0, 0x0, 0x0, 0x5, 0xff,
    0xff, 0xb0, 0x0, 0x0, 0x7f, 0xff, 0xfe, 0x60,
    0x0, 0x0, 0x29, 0xff, 0xff, 0xf2, 0x0, 0x0,
    0x0, 0xaf, 0xff, 0xff, 0xfc, 0xbb, 0xdf, 0xff,
    0xff, 0xf4, 0x0, 0x0, 0x0, 0x0, 0x9f, 0xff,
    0xff, 0xff, 0xff, 0xff, 0xff, 0xe4, 0x0, 0x0,
    0x0, 0x0, 0x0, 0x4c, 0xff, 0xff, 0xff, 0xff,
    0xff, 0xa1, 0x0, 0x0, 0x0, 0x0, 0x0, 0x0,
    0x3, 0x9c, 0xef, 0xfe, 0xb7, 0x10, 0x0, 0x0,
    0x0,

    /* U+00D7 "×" */
    0x0, 0x96, 0x0, 0x0, 0x0, 0x0, 0x0, 0x5a,
    0x0, 0x9, 0xff, 0x60, 0x0, 0x0, 0x0, 0x5,
    0xff, 0xa0, 0x4f, 0xff, 0xf6, 0x0, 0x0, 0x0,
    0x5f, 0xff, 0xf6, 0x8, 0xff, 0xff, 0x60, 0x0,
    0x4, 0xff, 0xff, 0x90, 0x0, 0x8f, 0xff, 0xf6,
    0x0, 0x4f, 0xff, 0xfa, 0x0, 0x0, 0x8, 0xff,
    0xff, 0x64, 0xff, 0xff, 0xa0, 0x0, 0x0, 0x0,
    0x8f, 0xff, 0xff, 0xff, 0xfa, 0x0, 0x0, 0x0,
    0x0, 0x8, 0xff, 0xff, 0xff, 0xa0, 0x0, 0x0,
    0x0, 0x0, 0x0, 0xaf, 0xff, 0xfc, 0x0, 0x0,
    0x0, 0x0, 0x0, 0x4, 0xff, 0xff, 0xff, 0x50,
    0x0, 0x0, 0x0, 0x0, 0x4f, 0xff, 0xff, 0xff,
    0xf5, 0x0, 0x0, 0x0, 0x4, 0xff, 0xff, 0xa8,
    0xff, 0xff, 0x50, 0x0, 0x0, 0x4f, 0xff, 0xfa,
    0x0, 0x8f, 0xff, 0xf5, 0x0, 0x4, 0xff, 0xff,
    0xa0, 0x0, 0x8, 0xff, 0xff, 0x50, 0x3f, 0xff,
    0xfa, 0x0, 0x0, 0x0, 0x9f, 0xff, 0xf4, 0xc,
    0xff, 0xa0, 0x0, 0x0, 0x0, 0x9, 0xff, 0xd1,
    0x0, 0xca, 0x0, 0x0, 0x0, 0x0, 0x0, 0x9d,
    0x10, 0x0, 0x0, 0x0, 0x0, 0x0, 0x0, 0x0,
    0x1, 0x0,

    /* U+00D8 "Ø" */
    0x0, 0x0, 0x0, 0x0, 0x0, 0x0, 0x0, 0x0,
    0x0, 0x0, 0x31, 0x0, 0x0, 0x0, 0x0, 0x0,
    0x3, 0x9c, 0xef, 0xfe, 0xb7, 0x10, 0x1e, 0xf6,
    0x0, 0x0, 0x0, 0x0, 0x4c, 0xff, 0xff, 0xff,
    0xff, 0xff, 0x9c, 0xff, 0xd0, 0x0, 0x0, 0x0,
    0x9f, 0xff, 0xff, 0xff, 0xff, 0xff, 0xff, 0xff,
    0xf3, 0x0, 0x0, 0x0, 0xaf, 0xff, 0xff, 0xfc,
    0xbb, 0xdf, 0xff, 0xff, 0xfb, 0x0, 0x0, 0x0,
    0x7f, 0xff, 0xfe, 0x60, 0x0, 0x0, 0x29, 0xff,
    0xff, 0xf2, 0x0, 0x0, 0x2f, 0xff, 0xfb, 0x10,
    0x0, 0x0, 0x0, 0x8f, 0xff, 0xff, 0xb0, 0x0,
    0xa, 0xff, 0xfd, 0x0, 0x0, 0x0, 0x0, 0x4f,
    0xff, 0xff, 0xff, 0x40, 0x1, 0xff, 0xff, 0x30,
    0x0, 0x0, 0x0, 0x1e, 0xff, 0x9a, 0xff, 0xfb,
    0x0, 0x6f, 0xff, 0xb0, 0x0, 0x0, 0x0, 0xb,
    0xff, 0xd0, 0x2f, 0xff, 0xf0, 0xa, 0xff, 0xf6,
    0x0, 0x0, 0x0, 0x7, 0xff, 0xf2, 0x0, 0xcf,
    0xff, 0x40, 0xdf, 0xff, 0x20, 0x0, 0x0, 0x3,
    0xff, 0xf6, 0x0, 0x9, 0xff, 0xf6, 0xf, 0xff,
    0xf0, 0x0, 0x0, 0x0, 0xdf, 0xfa, 0x0, 0x0,
    0x7f, 0xff, 0x80, 0xff, 0xff, 0x0, 0x0, 0x0,
    0x9f, 0xfe, 0x10, 0x0, 0x6, 0xff, 0xf9, 0xf,
    0xff, 0xf0, 0x0, 0x0, 0x5f, 0xff, 0x40, 0x0,
    0x0, 0x6f, 0xff, 0x90, 0xff, 0xff, 0x0, 0x0,
    0x2f, 0xff, 0x80, 0x0, 0x0, 0x7, 0xff, 0xf8,
    0xd, 0xff, 0xf2, 0x0, 0xc, 0xff, 0xc0, 0x0,
    0x0, 0x0, 0x9f, 0xff, 0x60, 0xaf, 0xff, 0x60,
    0x8, 0xff, 0xf2, 0x0, 0x0, 0x0, 0xc, 0xff,
    0xf4, 0x6, 0xff, 0xfb, 0x3, 0xff, 0xf5, 0x0,
    0x0, 0x0, 0x2, 0xff, 0xff, 0x0, 0x2f, 0xff,
    0xf5, 0xef, 0xfa, 0x0, 0x0, 0x0, 0x0, 0xaf,
    0xff, 0xb0, 0x0, 0xbf, 0xff, 0xff, 0xfd, 0x0,
    0x0, 0x0, 0x0, 0x5f, 0xff, 0xf4, 0x0, 0x2,
    0xff, 0xff, 0xff, 0x30, 0x0, 0x0, 0x0, 0x5f,
    0xff, 0xfb, 0x0, 0x0, 0x7, 0xff, 0xff, 0xf6,
    0x0, 0x0, 0x2, 0x9f, 0xff, 0xff, 0x20, 0x0,
    0x0, 0xf, 0xff, 0xff, 0xff, 0xcb, 0xbd, 0xff,
    0xff, 0xff, 0x40, 0x0, 0x0, 0x9, 0xff, 0xff,
    0xff, 0xff, 0xff, 0xff, 0xff, 0xfe, 0x40, 0x0,
    0x0, 0x4, 0xff, 0xf9, 0xcf, 0xff, 0xff, 0xff,
    0xff, 0xfa, 0x10, 0x0, 0x0, 0x0, 0x1a, 0xf9,
    0x0, 0x39, 0xce, 0xff, 0xeb, 0x71, 0x0, 0x0,
    0x0, 0x0, 0x0, 0x5, 0x0, 0x0, 0x0, 0x0,
    0x0, 0x0, 0x0, 0x0, 0x0, 0x0,

    /* U+00D9 "Ù" */
    0x0, 0x0, 0x0, 0x24, 0x44, 0x20, 0x0, 0x0,
    0x0, 0x0, 0x0, 0x0, 0x0, 0x0, 0x1f, 0xff,
    0xc0, 0x0, 0x0, 0x0, 0x0, 0x0, 0x0, 0x0,
    0x0, 0x6, 0xff, 0xf3, 0x0, 0x0, 0x0, 0x0,
    0x0, 0x0, 0x0, 0x0, 0x0, 0xbf, 0xfb, 0x0,
    0x0, 0x0, 0x0, 0x0, 0x0, 0x0, 0x0, 0x0,
    0x2f, 0xff, 0x20, 0x0, 0x0, 0x0, 0x0, 0x0,
    0x0, 0x0, 0x0, 0x6, 0xff, 0xa0, 0x0, 0x0,
    0x0, 0x0, 0x0, 0x0, 0x0, 0x0, 0x0, 0x0,
    0x0, 0x0, 0x0, 0x0, 0x0, 0x0, 0x0, 0x0,
    0x0, 0x0, 0x0, 0x0, 0x0, 0x0, 0x0, 0x0,
    0x0, 0x0, 0x0, 0x0, 0x0, 0x0, 0x0, 0x0,
    0x0, 0x0, 0x0, 0x1f, 0xff, 0xe0, 0x0, 0x0,
    0x0, 0x0, 0x0, 0x4, 0xff, 0xfc, 0x1f, 0xff,
    0xe0, 0x0, 0x0, 0x0, 0x0, 0x0, 0x4, 0xff,
    0xfc, 0x1f, 0xff, 0xe0, 0x0, 0x0, 0x0, 0x0,
    0x0, 0x4, 0xff, 0xfc, 0x1f, 0xff, 0xe0, 0x0,
    0x0, 0x0, 0x0, 0x0, 0x4, 0xff, 0xfc, 0x1f,
    0xff, 0xe0, 0x0, 0x0, 0x0, 0x0, 0x0, 0x4,
    0xff, 0xfc, 0x1f, 0xff, 0xe0, 0x0, 0x0, 0x0,
    0x0, 0x0, 0x4, 0xff, 0xfc, 0x1f, 0xff, 0xe0,
    0x0, 0x0, 0x0, 0x0, 0x0, 0x4, 0xff, 0xfc,
    0x1f, 0xff, 0xe0, 0x0, 0x0, 0x0, 0x0, 0x0,
    0x4, 0xff, 0xfc, 0x1f, 0xff, 0xe0, 0x0, 0x0,
    0x0, 0x0, 0x0, 0x4, 0xff, 0xfc, 0x1f, 0xff,
    0xe0, 0x0, 0x0, 0x0, 0x0, 0x0, 0x4, 0xff,
    0xfc, 0x1f, 0xff, 0xe0, 0x0, 0x0, 0x0, 0x0,
    0x0, 0x4, 0xff, 0xfc, 0x1f, 0xff, 0xe0, 0x0,
    0x0, 0x0, 0x0, 0x0, 0x4, 0xff, 0xfc, 0x1f,
    0xff, 0xe0, 0x0, 0x0, 0x0, 0x0, 0x0, 0x4,
    0xff, 0xfc, 0x1f, 0xff, 0xe0, 0x0, 0x0, 0x0,
    0x0, 0x0, 0x4, 0xff, 0xfc, 0x1f, 0xff, 0xe0,
    0x0, 0x0, 0x0, 0x0, 0x0, 0x4, 0xff, 0xfc,
    0x1f, 0xff, 0xe0, 0x0, 0x0, 0x0, 0x0, 0x0,
    0x4, 0xff, 0xfc, 0x1f, 0xff, 0xe0, 0x0, 0x0,
    0x0, 0x0, 0x0, 0x4, 0xff, 0xfb, 0xf, 0xff,
    0xf0, 0x0, 0x0, 0x0, 0x0, 0x0, 0x6, 0xff,
    0xfb, 0xe, 0xff, 0xf4, 0x0, 0x0, 0x0, 0x0,
    0x0, 0xa, 0xff, 0xf9, 0xb, 0xff, 0xfb, 0x0,
    0x0, 0x0, 0x0, 0x0, 0x2f, 0xff, 0xf5, 0x5,
    0xff, 0xff, 0x80, 0x0, 0x0, 0x0, 0x1, 0xcf,
    0xff, 0xf0, 0x0, 0xdf, 0xff, 0xfa, 0x20, 0x0,
    0x0, 0x5d, 0xff, 0xff, 0x70, 0x0, 0x2f, 0xff,
    0xff, 0xfd, 0xba, 0xbf, 0xff, 0xff, 0xfb, 0x0,
    0x0, 0x3, 0xef, 0xff, 0xff, 0xff, 0xff, 0xff,
    0xff, 0xb0, 0x0, 0x0, 0x0, 0x1a, 0xff, 0xff,
    0xff, 0xff, 0xff, 0xe6, 0x0, 0x0, 0x0, 0x0,
    0x0, 0x17, 0xbe, 0xff, 0xfd, 0xa5, 0x0, 0x0,
    0x0,

    /* U+00DA "Ú" */
    0x0, 0x0, 0x0, 0x0, 0x0, 0x0, 0x34, 0x44,
    0x0, 0x0, 0x0, 0x0, 0x0, 0x0, 0x0, 0x0,
    0x2, 0xff, 0xfb, 0x0, 0x0, 0x0, 0x0, 0x0,
    0x0, 0x0, 0x0, 0x9, 0xff, 0xe1, 0x0, 0x0,
    0x0, 0x0, 0x0, 0x0, 0x0, 0x0, 0x1f, 0xff,
    0x50, 0x0, 0x0, 0x0, 0x0, 0x0, 0x0, 0x0,
    0x0, 0x8f, 0xfb, 0x0, 0x0, 0x0, 0x0, 0x0,
    0x0, 0x0, 0x0, 0x0, 0xff, 0xf1, 0x0, 0x0,
    0x0, 0x0, 0x0, 0x0, 0x0, 0x0, 0x0, 0x0,
    0x0, 0x0, 0x0, 0x0, 0x0, 0x0, 0x0, 0x0,
    0x0, 0x0, 0x0, 0x0, 0x0, 0x0, 0x0, 0x0,
    0x0, 0x0, 0x0, 0x0, 0x0, 0x0, 0x0, 0x0,
    0x0, 0x0, 0x0, 0x1f, 0xff, 0xe0, 0x0, 0x0,
    0x0, 0x0, 0x0, 0x4, 0xff, 0xfc, 0x1f, 0xff,
    0xe0, 0x0, 0x0, 0x0, 0x0, 0x0, 0x4, 0xff,
    0xfc, 0x1f, 0xff, 0xe0, 0x0, 0x0, 0x0, 0x0,
    0x0, 0x4, 0xff, 0xfc, 0x1f, 0xff, 0xe0, 0x0,
    0x0, 0x0, 0x0, 0x0, 0x4, 0xff, 0xfc, 0x1f,
    0xff, 0xe0, 0x0, 0x0, 0x0, 0x0, 0x0, 0x4,
    0xff, 0xfc, 0x1f, 0xff, 0xe0, 0x0, 0x0, 0x0,
    0x0, 0x0, 0x4, 0xff, 0xfc, 0x1f, 0xff, 0xe0,
    0x0, 0x0, 0x0, 0x0, 0x0, 0x4, 0xff, 0xfc,
    0x1f, 0xff, 0xe0, 0x0, 0x0, 0x0, 0x0, 0x0,
    0x4, 0xff, 0xfc, 0x1f, 0xff, 0xe0, 0x0, 0x0,
    0x0, 0x0, 0x0, 0x4, 0xff, 0xfc, 0x1f, 0xff,
    0xe0, 0x0, 0x0, 0x0, 0x0, 0x0, 0x4, 0xff,
    0xfc, 0x1f, 0xff, 0xe0, 0x0, 0x0, 0x0, 0x0,
    0x0, 0x4, 0xff, 0xfc, 0x1f, 0xff, 0xe0, 0x0,
    0x0, 0x0, 0x0, 0x0, 0x4, 0xff, 0xfc, 0x1f,
    0xff, 0xe0, 0x0, 0x0, 0x0, 0x0, 0x0, 0x4,
    0xff, 0xfc, 0x1f, 0xff, 0xe0, 0x0, 0x0, 0x0,
    0x0, 0x0, 0x4, 0xff, 0xfc, 0x1f, 0xff, 0xe0,
    0x0, 0x0, 0x0, 0x0, 0x0, 0x4, 0xff, 0xfc,
    0x1f, 0xff, 0xe0, 0x0, 0x0, 0x0, 0x0, 0x0,
    0x4, 0xff, 0xfc, 0x1f, 0xff, 0xe0, 0x0, 0x0,
    0x0, 0x0, 0x0, 0x4, 0xff, 0xfb, 0xf, 0xff,
    0xf0, 0x0, 0x0, 0x0, 0x0, 0x0, 0x6, 0xff,
    0xfb, 0xe, 0xff, 0xf4, 0x0, 0x0, 0x0, 0x0,
    0x0, 0xa, 0xff, 0xf9, 0xb, 0xff, 0xfb, 0x0,
    0x0, 0x0, 0x0, 0x0, 0x2f, 0xff, 0xf5, 0x5,
    0xff, 0xff, 0x80, 0x0, 0x0, 0x0, 0x1, 0xcf,
    0xff, 0xf0, 0x0, 0xdf, 0xff, 0xfa, 0x20, 0x0,
    0x0, 0x5d, 0xff, 0xff, 0x70, 0x0, 0x2f, 0xff,
    0xff, 0xfd, 0xba, 0xbf, 0xff, 0xff, 0xfb, 0x0,
    0x0, 0x3, 0xef, 0xff, 0xff, 0xff, 0xff, 0xff,
    0xff, 0xb0, 0x0, 0x0, 0x0, 0x1a, 0xff, 0xff,
    0xff, 0xff, 0xff, 0xe6, 0x0, 0x0, 0x0, 0x0,
    0x0, 0x17, 0xbe, 0xff, 0xfd, 0xa5, 0x0, 0x0,
    0x0,

    /* U+00DB "Û" */
    0x0, 0x0, 0x0, 0x0, 0x4, 0x88, 0x81, 0x0,
    0x0, 0x0, 0x0, 0x0, 0x0, 0x0, 0x0, 0x4f,
    0xff, 0xfd, 0x0, 0x0, 0x0, 0x0, 0x0, 0x0,
    0x0, 0x3, 0xff, 0xfc, 0xff, 0xc0, 0x0, 0x0,
    0x0, 0x0, 0x0, 0x0, 0x2e, 0xff, 0x70, 0xcf,
    0xfa, 0x0, 0x0, 0x0, 0x0, 0x0, 0x2, 0xef,
    0xfa, 0x0, 0x1e, 0xff, 0x80, 0x0, 0x0, 0x0,
    0x0, 0x5, 0x88, 0x70, 0x0, 0x3, 0x88, 0x81,
    0x0, 0x0, 0x0, 0x0, 0x0, 0x0, 0x0, 0x0,
    0x0, 0x0, 0x0, 0x0, 0x0, 0x0, 0x0, 0x0,
    0x0, 0x0, 0x0, 0x0, 0x0, 0x0, 0x0, 0x0,
    0x0, 0x0, 0x0, 0x0, 0x0, 0x0, 0x0, 0x0,
    0x0, 0x0, 0x0, 0x1f, 0xff, 0xe0, 0x0, 0x0,
    0x0, 0x0, 0x0, 0x4, 0xff, 0xfc, 0x1f, 0xff,
    0xe0, 0x0, 0x0, 0x0, 0x0, 0x0, 0x4, 0xff,
    0xfc, 0x1f, 0xff, 0xe0, 0x0, 0x0, 0x0, 0x0,
    0x0, 0x4, 0xff, 0xfc, 0x1f, 0xff, 0xe0, 0x0,
    0x0, 0x0, 0x0, 0x0, 0x4, 0xff, 0xfc, 0x1f,
    0xff, 0xe0, 0x0, 0x0, 0x0, 0x0, 0x0, 0x4,
    0xff, 0xfc, 0x1f, 0xff, 0xe0, 0x0, 0x0, 0x0,
    0x0, 0x0, 0x4, 0xff, 0xfc, 0x1f, 0xff, 0xe0,
    0x0, 0x0, 0x0, 0x0, 0x0, 0x4, 0xff, 0xfc,
    0x1f, 0xff, 0xe0, 0x0, 0x0, 0x0, 0x0, 0x0,
    0x4, 0xff, 0xfc, 0x1f, 0xff, 0xe0, 0x0, 0x0,
    0x0, 0x0, 0x0, 0x4, 0xff, 0xfc, 0x1f, 0xff,
    0xe0, 0x0, 0x0, 0x0, 0x0, 0x0, 0x4, 0xff,
    0xfc, 0x1f, 0xff, 0xe0, 0x0, 0x0, 0x0, 0x0,
    0x0, 0x4, 0xff, 0xfc, 0x1f, 0xff, 0xe0, 0x0,
    0x0, 0x0, 0x0, 0x0, 0x4, 0xff, 0xfc, 0x1f,
    0xff, 0xe0, 0x0, 0x0, 0x0, 0x0, 0x0, 0x4,
    0xff, 0xfc, 0x1f, 0xff, 0xe0, 0x0, 0x0, 0x0,
    0x0, 0x0, 0x4, 0xff, 0xfc, 0x1f, 0xff, 0xe0,
    0x0, 0x0, 0x0, 0x0, 0x0, 0x4, 0xff, 0xfc,
    0x1f, 0xff, 0xe0, 0x0, 0x0, 0x0, 0x0, 0x0,
    0x4, 0xff, 0xfc, 0x1f, 0xff, 0xe0, 0x0, 0x0,
    0x0, 0x0, 0x0, 0x4, 0xff, 0xfb, 0xf, 0xff,
    0xf0, 0x0, 0x0, 0x0, 0x0, 0x0, 0x6, 0xff,
    0xfb, 0xe, 0xff, 0xf4, 0x0, 0x0, 0x0, 0x0,
    0x0, 0xa, 0xff, 0xf9, 0xb, 0xff, 0xfb, 0x0,
    0x0, 0x0, 0x0, 0x0, 0x2f, 0xff, 0xf5, 0x5,
    0xff, 0xff, 0x80, 0x0, 0x0, 0x0, 0x1, 0xcf,
    0xff, 0xf0, 0x0, 0xdf, 0xff, 0xfa, 0x20, 0x0,
    0x0, 0x5d, 0xff, 0xff, 0x70, 0x0, 0x2f, 0xff,
    0xff, 0xfd, 0xba, 0xbf, 0xff, 0xff, 0xfb, 0x0,
    0x0, 0x3, 0xef, 0xff, 0xff, 0xff, 0xff, 0xff,
    0xff, 0xb0, 0x0, 0x0, 0x0, 0x1a, 0xff, 0xff,
    0xff, 0xff, 0xff, 0xe6, 0x0, 0x0, 0x0, 0x0,
    0x0, 0x17, 0xbe, 0xff, 0xfd, 0xa5, 0x0, 0x0,
    0x0,

    /* U+00DC "Ü" */
    0x0, 0x0, 0x0, 0x37, 0x40, 0x0, 0x0, 0x56,
    0x10, 0x0, 0x0, 0x0, 0x0, 0x4, 0xff, 0xf6,
    0x0, 0xb, 0xff, 0xd0, 0x0, 0x0, 0x0, 0x0,
    0xa, 0xff, 0xfc, 0x0, 0x1f, 0xff, 0xf5, 0x0,
    0x0, 0x0, 0x0, 0x8, 0xff, 0xfa, 0x0, 0xf,
    0xff, 0xf3, 0x0, 0x0, 0x0, 0x0, 0x0, 0xaf,
    0xb1, 0x0, 0x4, 0xde, 0x70, 0x0, 0x0, 0x0,
    0x0, 0x0, 0x0, 0x0, 0x0, 0x0, 0x0, 0x0,
    0x0, 0x0, 0x0, 0x0, 0x0, 0x0, 0x0, 0x0,
    0x0, 0x0, 0x0, 0x0, 0x0, 0x0, 0x0, 0x0,
    0x0, 0x0, 0x0, 0x0, 0x0, 0x0, 0x0, 0x0,
    0x0, 0x0, 0x0, 0x0, 0x0, 0x0, 0x0, 0x0,
    0x0, 0x0, 0x0, 0x1f, 0xff, 0xe0, 0x0, 0x0,
    0x0, 0x0, 0x0, 0x4, 0xff, 0xfc, 0x1f, 0xff,
    0xe0, 0x0, 0x0, 0x0, 0x0, 0x0, 0x4, 0xff,
    0xfc, 0x1f, 0xff, 0xe0, 0x0, 0x0, 0x0, 0x0,
    0x0, 0x4, 0xff, 0xfc, 0x1f, 0xff, 0xe0, 0x0,
    0x0, 0x0, 0x0, 0x0, 0x4, 0xff, 0xfc, 0x1f,
    0xff, 0xe0, 0x0, 0x0, 0x0, 0x0, 0x0, 0x4,
    0xff, 0xfc, 0x1f, 0xff, 0xe0, 0x0, 0x0, 0x0,
    0x0, 0x0, 0x4, 0xff, 0xfc, 0x1f, 0xff, 0xe0,
    0x0, 0x0, 0x0, 0x0, 0x0, 0x4, 0xff, 0xfc,
    0x1f, 0xff, 0xe0, 0x0, 0x0, 0x0, 0x0, 0x0,
    0x4, 0xff, 0xfc, 0x1f, 0xff, 0xe0, 0x0, 0x0,
    0x0, 0x0, 0x0, 0x4, 0xff, 0xfc, 0x1f, 0xff,
    0xe0, 0x0, 0x0, 0x0, 0x0, 0x0, 0x4, 0xff,
    0xfc, 0x1f, 0xff, 0xe0, 0x0, 0x0, 0x0, 0x0,
    0x0, 0x4, 0xff, 0xfc, 0x1f, 0xff, 0xe0, 0x0,
    0x0, 0x0, 0x0, 0x0, 0x4, 0xff, 0xfc, 0x1f,
    0xff, 0xe0, 0x0, 0x0, 0x0, 0x0, 0x0, 0x4,
    0xff, 0xfc, 0x1f, 0xff, 0xe0, 0x0, 0x0, 0x0,
    0x0, 0x0, 0x4, 0xff, 0xfc, 0x1f, 0xff, 0xe0,
    0x0, 0x0, 0x0, 0x0, 0x0, 0x4, 0xff, 0xfc,
    0x1f, 0xff, 0xe0, 0x0, 0x0, 0x0, 0x0, 0x0,
    0x4, 0xff, 0xfc, 0x1f, 0xff, 0xe0, 0x0, 0x0,
    0x0, 0x0, 0x0, 0x4, 0xff, 0xfb, 0xf, 0xff,
    0xf0, 0x0, 0x0, 0x0, 0x0, 0x0, 0x6, 0xff,
    0xfb, 0xe, 0xff, 0xf4, 0x0, 0x0, 0x0, 0x0,
    0x0, 0xa, 0xff, 0xf9, 0xb, 0xff, 0xfb, 0x0,
    0x0, 0x0, 0x0, 0x0, 0x2f, 0xff, 0xf5, 0x5,
    0xff, 0xff, 0x80, 0x0, 0x0, 0x0, 0x1, 0xcf,
    0xff, 0xf0, 0x0, 0xdf, 0xff, 0xfa, 0x20, 0x0,
    0x0, 0x5d, 0xff, 0xff, 0x70, 0x0, 0x2f, 0xff,
    0xff, 0xfd, 0xba, 0xbf, 0xff, 0xff, 0xfb, 0x0,
    0x0, 0x3, 0xef, 0xff, 0xff, 0xff, 0xff, 0xff,
    0xff, 0xb0, 0x0, 0x0, 0x0, 0x1a, 0xff, 0xff,
    0xff, 0xff, 0xff, 0xe6, 0x0, 0x0, 0x0, 0x0,
    0x0, 0x17, 0xbe, 0xff, 0xfd, 0xa5, 0x0, 0x0,
    0x0,

    /* U+00DD "Ý" */
    0x0, 0x0, 0x0, 0x0, 0x0, 0x0, 0x2, 0x44,
    0x41, 0x0, 0x0, 0x0, 0x0, 0x0, 0x0, 0x0,
    0x0, 0x0, 0x0, 0xef, 0xfd, 0x0, 0x0, 0x0,
    0x0, 0x0, 0x0, 0x0, 0x0, 0x0, 0x0, 0x6f,
    0xff, 0x30, 0x0, 0x0, 0x0, 0x0, 0x0, 0x0,
    0x0, 0x0, 0x0, 0xd, 0xff, 0x90, 0x0, 0x0,
    0x0, 0x0, 0x0, 0x0, 0x0, 0x0, 0x0, 0x5,
    0xff, 0xd0, 0x0, 0x0, 0x0, 0x0, 0x0, 0x0,
    0x0, 0x0, 0x0, 0x0, 0xcf, 0xf4, 0x0, 0x0,
    0x0, 0x0, 0x0, 0x0, 0x0, 0x0, 0x0, 0x0,
    0x0, 0x0, 0x0, 0x0, 0x0, 0x0, 0x0, 0x0,
    0x0, 0x0, 0x0, 0x0, 0x0, 0x0, 0x0, 0x0,
    0x0, 0x0, 0x0, 0x0, 0x0, 0x0, 0x0, 0x0,
    0x0, 0x0, 0x0, 0x0, 0x0, 0x0, 0x0, 0x0,
    0x0, 0xcf, 0xff, 0xd0, 0x0, 0x0, 0x0, 0x0,
    0x0, 0x0, 0xcf, 0xff, 0xd0, 0x3, 0xff, 0xff,
    0x70, 0x0, 0x0, 0x0, 0x0, 0x0, 0x5f, 0xff,
    0xf4, 0x0, 0x9, 0xff, 0xff, 0x10, 0x0, 0x0,
    0x0, 0x0, 0xe, 0xff, 0xfa, 0x0, 0x0, 0xe,
    0xff, 0xfa, 0x0, 0x0, 0x0, 0x0, 0x8, 0xff,
    0xfe, 0x10, 0x0, 0x0, 0x5f, 0xff, 0xf3, 0x0,
    0x0, 0x0, 0x2, 0xff, 0xff, 0x60, 0x0, 0x0,
    0x0, 0xbf, 0xff, 0xd0, 0x0, 0x0, 0x0, 0xbf,
    0xff, 0xc0, 0x0, 0x0, 0x0, 0x2, 0xff, 0xff,
    0x60, 0x0, 0x0, 0x4f, 0xff, 0xf3, 0x0, 0x0,
    0x0, 0x0, 0x7, 0xff, 0xff, 0x10, 0x0, 0xd,
    0xff, 0xf9, 0x0, 0x0, 0x0, 0x0, 0x0, 0xd,
    0xff, 0xf9, 0x0, 0x7, 0xff, 0xfe, 0x0, 0x0,
    0x0, 0x0, 0x0, 0x0, 0x4f, 0xff, 0xf3, 0x1,
    0xff, 0xff, 0x50, 0x0, 0x0, 0x0, 0x0, 0x0,
    0x0, 0xaf, 0xff, 0xb0, 0x9f, 0xff, 0xb0, 0x0,
    0x0, 0x0, 0x0, 0x0, 0x0, 0x1, 0xef, 0xff,
    0x4f, 0xff, 0xf2, 0x0, 0x0, 0x0, 0x0, 0x0,
    0x0, 0x0, 0x6, 0xff, 0xff, 0xff, 0xf7, 0x0,
    0x0, 0x0, 0x0, 0x0, 0x0, 0x0, 0x0, 0xc,
    0xff, 0xff, 0xfd, 0x0, 0x0, 0x0, 0x0, 0x0,
    0x0, 0x0, 0x0, 0x0, 0x2f, 0xff, 0xff, 0x40,
    0x0, 0x0, 0x0, 0x0, 0x0, 0x0, 0x0, 0x0,
    0x0, 0x9f, 0xff, 0xb0, 0x0, 0x0, 0x0, 0x0,
    0x0, 0x0, 0x0, 0x0, 0x0, 0x7, 0xff, 0xf9,
    0x0, 0x0, 0x0, 0x0, 0x0, 0x0, 0x0, 0x0,
    0x0, 0x0, 0x7f, 0xff, 0x90, 0x0, 0x0, 0x0,
    0x0, 0x0, 0x0, 0x0, 0x0, 0x0, 0x7, 0xff,
    0xf9, 0x0, 0x0, 0x0, 0x0, 0x0, 0x0, 0x0,
    0x0, 0x0, 0x0, 0x7f, 0xff, 0x90, 0x0, 0x0,
    0x0, 0x0, 0x0, 0x0, 0x0, 0x0, 0x0, 0x7,
    0xff, 0xf9, 0x0, 0x0, 0x0, 0x0, 0x0, 0x0,
    0x0, 0x0, 0x0, 0x0, 0x7f, 0xff, 0x90, 0x0,
    0x0, 0x0, 0x0, 0x0, 0x0, 0x0, 0x0, 0x0,
    0x7, 0xff, 0xf9, 0x0, 0x0, 0x0, 0x0, 0x0,
    0x0, 0x0, 0x0, 0x0, 0x0, 0x7f, 0xff, 0x90,
    0x0, 0x0, 0x0, 0x0, 0x0, 0x0, 0x0, 0x0,
    0x0, 0x7, 0xff, 0xf9, 0x0, 0x0, 0x0, 0x0,
    0x0, 0x0, 0x0, 0x0, 0x0, 0x0, 0x7f, 0xff,
    0x90, 0x0, 0x0, 0x0, 0x0, 0x0,

    /* U+00DE "Þ" */
    0x4f, 0xff, 0xc0, 0x0, 0x0, 0x0, 0x0, 0x0,
    0x0, 0x4, 0xff, 0xfc, 0x0, 0x0, 0x0, 0x0,
    0x0, 0x0, 0x0, 0x4f, 0xff, 0xc0, 0x0, 0x0,
    0x0, 0x0, 0x0, 0x0, 0x4, 0xff, 0xfc, 0x0,
    0x0, 0x0, 0x0, 0x0, 0x0, 0x0, 0x4f, 0xff,
    0xc0, 0x0, 0x0, 0x0, 0x0, 0x0, 0x0, 0x4,
    0xff, 0xff, 0xff, 0xff, 0xff, 0xda, 0x40, 0x0,
    0x0, 0x4f, 0xff, 0xff, 0xff, 0xff, 0xff, 0xff,
    0xd3, 0x0, 0x4, 0xff, 0xff, 0xff, 0xff, 0xff,
    0xff, 0xff, 0xf5, 0x0, 0x4f, 0xff, 0xd5, 0x55,
    0x55, 0x7a, 0xff, 0xff, 0xf2, 0x4, 0xff, 0xfc,
    0x0, 0x0, 0x0, 0x1, 0xcf, 0xff, 0xb0, 0x4f,
    0xff, 0xc0, 0x0, 0x0, 0x0, 0x1, 0xef, 0xff,
    0x14, 0xff, 0xfc, 0x0, 0x0, 0x0, 0x0, 0x9,
    0xff, 0xf5, 0x4f, 0xff, 0xc0, 0x0, 0x0, 0x0,
    0x0, 0x6f, 0xff, 0x64, 0xff, 0xfc, 0x0, 0x0,
    0x0, 0x0, 0x7, 0xff, 0xf5, 0x4f, 0xff, 0xc0,
    0x0, 0x0, 0x0, 0x0, 0xcf, 0xff, 0x34, 0xff,
    0xfc, 0x0, 0x0, 0x0, 0x0, 0x6f, 0xff, 0xe0,
    0x4f, 0xff, 0xc0, 0x0, 0x0, 0x14, 0xaf, 0xff,
    0xf6, 0x4, 0xff, 0xff, 0xff, 0xff, 0xff, 0xff,
    0xff, 0xf9, 0x0, 0x4f, 0xff, 0xff, 0xff, 0xff,
    0xff, 0xff, 0xf8, 0x0, 0x4, 0xff, 0xff, 0xff,
    0xff, 0xff, 0xff, 0xa3, 0x0, 0x0, 0x4f, 0xff,
    0xd5, 0x55, 0x55, 0x42, 0x0, 0x0, 0x0, 0x4,
    0xff, 0xfc, 0x0, 0x0, 0x0, 0x0, 0x0, 0x0,
    0x0, 0x4f, 0xff, 0xc0, 0x0, 0x0, 0x0, 0x0,
    0x0, 0x0, 0x4, 0xff, 0xfc, 0x0, 0x0, 0x0,
    0x0, 0x0, 0x0, 0x0, 0x4f, 0xff, 0xc0, 0x0,
    0x0, 0x0, 0x0, 0x0, 0x0, 0x4, 0xff, 0xfc,
    0x0, 0x0, 0x0, 0x0, 0x0, 0x0, 0x0,

    /* U+00DF "ß" */
    0x0, 0x0, 0x16, 0xbd, 0xff, 0xdb, 0x61, 0x0,
    0x0, 0x0, 0x0, 0x5e, 0xff, 0xff, 0xff, 0xff,
    0xf7, 0x0, 0x0, 0x0, 0x6f, 0xff, 0xff, 0xff,
    0xff, 0xff, 0xf9, 0x0, 0x0, 0x3f, 0xff, 0xff,
    0xb8, 0x8a, 0xff, 0xff, 0xf6, 0x0, 0xa, 0xff,
    0xfe, 0x30, 0x0, 0x1, 0xdf, 0xff, 0xe0, 0x0,
    0xff, 0xff, 0x40, 0x0, 0x0, 0x2, 0xff, 0xff,
    0x20, 0x1f, 0xff, 0xe0, 0x0, 0x0, 0x0, 0xc,
    0xff, 0xf3, 0x1, 0xff, 0xfc, 0x0, 0x0, 0x0,
    0x0, 0xbf, 0xff, 0x20, 0x1f, 0xff, 0xc0, 0x0,
    0x0, 0x0, 0xe, 0xff, 0xe0, 0x1, 0xff, 0xfc,
    0x0, 0x0, 0x0, 0x7, 0xff, 0xf7, 0x0, 0x1f,
    0xff, 0xc0, 0x0, 0x0, 0x28, 0xff, 0xfa, 0x0,
    0x1, 0xff, 0xfc, 0x0, 0xf, 0xff, 0xff, 0xe6,
    0x0, 0x0, 0x1f, 0xff, 0xc0, 0x0, 0xff, 0xff,
    0xfb, 0x61, 0x0, 0x1, 0xff, 0xfc, 0x0, 0xf,
    0xff, 0xff, 0xff, 0xf6, 0x0, 0x1f, 0xff, 0xc0,
    0x0, 0x66, 0x68, 0xdf, 0xff, 0xf6, 0x1, 0xff,
    0xfc, 0x0, 0x0, 0x0, 0x0, 0x7f, 0xff, 0xf1,
    0x1f, 0xff, 0xc0, 0x0, 0x0, 0x0, 0x0, 0x9f,
    0xff, 0x71, 0xff, 0xfc, 0x0, 0x0, 0x0, 0x0,
    0x3, 0xff, 0xfb, 0x1f, 0xff, 0xc0, 0x0, 0x0,
    0x0, 0x0, 0x1f, 0xff, 0xd1, 0xff, 0xfc, 0x0,
    0x0, 0x0, 0x0, 0x2, 0xff, 0xfc, 0x1f, 0xff,
    0xc0, 0x0, 0x0, 0x0, 0x0, 0x8f, 0xff, 0xa1,
    0xff, 0xfc, 0x0, 0x0, 0x0, 0x0, 0x4f, 0xff,
    0xf4, 0x1f, 0xff, 0xc0, 0x0, 0x66, 0x67, 0xbf,
    0xff, 0xfd, 0x1, 0xff, 0xfc, 0x0, 0x2f, 0xff,
    0xff, 0xff, 0xff, 0x20, 0x1f, 0xff, 0xc0, 0x2,
    0xff, 0xff, 0xff, 0xfc, 0x20, 0x1, 0xff, 0xfc,
    0x0, 0x2f, 0xff, 0xfd, 0xa4, 0x0, 0x0,

    /* U+00E0 "à" */
    0x0, 0x0, 0x9f, 0xff, 0x40, 0x0, 0x0, 0x0,
    0x0, 0x0, 0x0, 0xdf, 0xfc, 0x0, 0x0, 0x0,
    0x0, 0x0, 0x0, 0x4, 0xff, 0xf3, 0x0, 0x0,
    0x0, 0x0, 0x0, 0x0, 0x9, 0xff, 0xb0, 0x0,
    0x0, 0x0, 0x0, 0x0, 0x0, 0xe, 0xff, 0x20,
    0x0, 0x0, 0x0, 0x0, 0x0, 0x0, 0x24, 0x42,
    0x0, 0x0, 0x0, 0x0, 0x0, 0x0, 0x0, 0x0,
    0x0, 0x0, 0x0, 0x0, 0x0, 0x0, 0x0, 0x0,
    0x0, 0x0, 0x0, 0x0, 0x0, 0x0, 0x6, 0xad,
    0xff, 0xeb, 0x71, 0x0, 0x0, 0x0, 0x5e, 0xff,
    0xff, 0xff, 0xff, 0xf6, 0x0, 0x0, 0x7f, 0xff,
    0xff, 0xff, 0xff, 0xff, 0xf7, 0x0, 0x4f, 0xff,
    0xfd, 0x63, 0x35, 0xcf, 0xff, 0xf2, 0xc, 0xff,
    0xf9, 0x0, 0x0, 0x0, 0xaf, 0xff, 0x70, 0x3,
    0x7a, 0x0, 0x0, 0x0, 0x3, 0xff, 0xfb, 0x0,
    0x0, 0x0, 0x0, 0x0, 0x0, 0x1f, 0xff, 0xc0,
    0x0, 0x0, 0x0, 0x0, 0x0, 0x17, 0xff, 0xfd,
    0x0, 0x0, 0x3, 0x58, 0xac, 0xef, 0xff, 0xff,
    0xd0, 0x1, 0x8e, 0xff, 0xff, 0xff, 0xff, 0xff,
    0xfd, 0x2, 0xef, 0xff, 0xff, 0xff, 0xda, 0x5f,
    0xff, 0xd0, 0xdf, 0xff, 0xe8, 0x41, 0x0, 0x0,
    0xff, 0xfd, 0x4f, 0xff, 0xc1, 0x0, 0x0, 0x0,
    0xf, 0xff, 0xd7, 0xff, 0xf5, 0x0, 0x0, 0x0,
    0x2, 0xff, 0xfd, 0x7f, 0xff, 0x40, 0x0, 0x0,
    0x0, 0x8f, 0xff, 0xd5, 0xff, 0xfa, 0x0, 0x0,
    0x0, 0x5f, 0xff, 0xfd, 0x1f, 0xff, 0xfb, 0x52,
    0x25, 0xbf, 0xff, 0xff, 0xd0, 0x7f, 0xff, 0xff,
    0xff, 0xff, 0xf7, 0xef, 0xfd, 0x0, 0x8f, 0xff,
    0xff, 0xff, 0xf8, 0xe, 0xff, 0xd0, 0x0, 0x39,
    0xdf, 0xfd, 0xa3, 0x0, 0xef, 0xfd,

    /* U+00E1 "á" */
    0x0, 0x0, 0x0, 0x0, 0x5, 0xff, 0xf8, 0x0,
    0x0, 0x0, 0x0, 0x0, 0x0, 0xdf, 0xfd, 0x0,
    0x0, 0x0, 0x0, 0x0, 0x0, 0x4f, 0xff, 0x30,
    0x0, 0x0, 0x0, 0x0, 0x0, 0xc, 0xff, 0x80,
    0x0, 0x0, 0x0, 0x0, 0x0, 0x3, 0xff, 0xd0,
    0x0, 0x0, 0x0, 0x0, 0x0, 0x0, 0x24, 0x42,
    0x0, 0x0, 0x0, 0x0, 0x0, 0x0, 0x0, 0x0,
    0x0, 0x0, 0x0, 0x0, 0x0, 0x0, 0x0, 0x0,
    0x0, 0x0, 0x0, 0x0, 0x0, 0x0, 0x6, 0xad,
    0xff, 0xeb, 0x71, 0x0, 0x0, 0x0, 0x5e, 0xff,
    0xff, 0xff, 0xff, 0xf6, 0x0, 0x0, 0x7f, 0xff,
    0xff, 0xff, 0xff, 0xff, 0xf7, 0x0, 0x4f, 0xff,
    0xfd, 0x63, 0x35, 0xcf, 0xff, 0xf2, 0xc, 0xff,
    0xf9, 0x0, 0x0, 0x0, 0xaf, 0xff, 0x70, 0x3,
    0x7a, 0x0, 0x0, 0x0, 0x3, 0xff, 0xfb, 0x0,
    0x0, 0x0, 0x0, 0x0, 0x0, 0x1f, 0xff, 0xc0,
    0x0, 0x0, 0x0, 0x0, 0x0, 0x17, 0xff, 0xfd,
    0x0, 0x0, 0x3, 0x58, 0xac, 0xef, 0xff, 0xff,
    0xd0, 0x1, 0x8e, 0xff, 0xff, 0xff, 0xff, 0xff,
    0xfd, 0x2, 0xef, 0xff, 0xff, 0xff, 0xda, 0x5f,
    0xff, 0xd0, 0xdf, 0xff, 0xe8, 0x41, 0x0, 0x0,
    0xff, 0xfd, 0x4f, 0xff, 0xc1, 0x0, 0x0, 0x0,
    0xf, 0xff, 0xd7, 0xff, 0xf5, 0x0, 0x0, 0x0,
    0x2, 0xff, 0xfd, 0x7f, 0xff, 0x40, 0x0, 0x0,
    0x0, 0x8f, 0xff, 0xd5, 0xff, 0xfa, 0x0, 0x0,
    0x0, 0x5f, 0xff, 0xfd, 0x1f, 0xff, 0xfb, 0x52,
    0x25, 0xbf, 0xff, 0xff, 0xd0, 0x7f, 0xff, 0xff,
    0xff, 0xff, 0xf7, 0xef, 0xfd, 0x0, 0x8f, 0xff,
    0xff, 0xff, 0xf8, 0xe, 0xff, 0xd0, 0x0, 0x39,
    0xdf, 0xfd, 0xa3, 0x0, 0xef, 0xfd,

    /* U+00E2 "â" */
    0x0, 0x0, 0x0, 0x3f, 0xff, 0xe2, 0x0, 0x0,
    0x0, 0x0, 0x0, 0x2e, 0xff, 0xff, 0xe1, 0x0,
    0x0, 0x0, 0x0, 0x1e, 0xff, 0x89, 0xff, 0xd1,
    0x0, 0x0, 0x0, 0x1d, 0xff, 0xb0, 0xb, 0xff,
    0xc0, 0x0, 0x0, 0xc, 0xff, 0xd0, 0x0, 0x1d,
    0xff, 0xa0, 0x0, 0x0, 0x0, 0x0, 0x0, 0x0,
    0x0, 0x0, 0x0, 0x0, 0x0, 0x0, 0x0, 0x0,
    0x0, 0x0, 0x0, 0x0, 0x0, 0x0, 0x0, 0x0,
    0x0, 0x0, 0x0, 0x0, 0x0, 0x0, 0x6, 0xad,
    0xff, 0xeb, 0x71, 0x0, 0x0, 0x0, 0x5e, 0xff,
    0xff, 0xff, 0xff, 0xf6, 0x0, 0x0, 0x7f, 0xff,
    0xff, 0xff, 0xff, 0xff, 0xf7, 0x0, 0x4f, 0xff,
    0xfd, 0x63, 0x35, 0xcf, 0xff, 0xf2, 0xc, 0xff,
    0xf9, 0x0, 0x0, 0x0, 0xaf, 0xff, 0x70, 0x3,
    0x7a, 0x0, 0x0, 0x0, 0x3, 0xff, 0xfb, 0x0,
    0x0, 0x0, 0x0, 0x0, 0x0, 0x1f, 0xff, 0xc0,
    0x0, 0x0, 0x0, 0x0, 0x0, 0x17, 0xff, 0xfd,
    0x0, 0x0, 0x3, 0x58, 0xac, 0xef, 0xff, 0xff,
    0xd0, 0x1, 0x8e, 0xff, 0xff, 0xff, 0xff, 0xff,
    0xfd, 0x2, 0xef, 0xff, 0xff, 0xff, 0xda, 0x5f,
    0xff, 0xd0, 0xdf, 0xff, 0xe8, 0x41, 0x0, 0x0,
    0xff, 0xfd, 0x4f, 0xff, 0xc1, 0x0, 0x0, 0x0,
    0xf, 0xff, 0xd7, 0xff, 0xf5, 0x0, 0x0, 0x0,
    0x2, 0xff, 0xfd, 0x7f, 0xff, 0x40, 0x0, 0x0,
    0x0, 0x8f, 0xff, 0xd5, 0xff, 0xfa, 0x0, 0x0,
    0x0, 0x5f, 0xff, 0xfd, 0x1f, 0xff, 0xfb, 0x52,
    0x25, 0xbf, 0xff, 0xff, 0xd0, 0x7f, 0xff, 0xff,
    0xff, 0xff, 0xf7, 0xef, 0xfd, 0x0, 0x8f, 0xff,
    0xff, 0xff, 0xf8, 0xe, 0xff, 0xd0, 0x0, 0x39,
    0xdf, 0xfd, 0xa3, 0x0, 0xef, 0xfd,

    /* U+00E3 "ã" */
    0x0, 0x0, 0x5d, 0xff, 0xff, 0xff, 0xff, 0x40,
    0x0, 0x0, 0x3f, 0xff, 0xff, 0xff, 0xff, 0xc0,
    0x0, 0x0, 0x3, 0x77, 0x88, 0x87, 0x77, 0x40,
    0x0, 0x0, 0x0, 0x0, 0x0, 0x0, 0x0, 0x0,
    0x0, 0x0, 0x0, 0x0, 0x0, 0x0, 0x0, 0x0,
    0x0, 0x0, 0x0, 0x0, 0x0, 0x0, 0x0, 0x0,
    0x0, 0x0, 0x0, 0x0, 0x0, 0x6, 0xad, 0xff,
    0xeb, 0x71, 0x0, 0x0, 0x0, 0x5e, 0xff, 0xff,
    0xff, 0xff, 0xf6, 0x0, 0x0, 0x7f, 0xff, 0xff,
    0xff, 0xff, 0xff, 0xf7, 0x0, 0x4f, 0xff, 0xfd,
    0x63, 0x35, 0xcf, 0xff, 0xf2, 0xc, 0xff, 0xf9,
    0x0, 0x0, 0x0, 0xaf, 0xff, 0x70, 0x3, 0x7a,
    0x0, 0x0, 0x0, 0x3, 0xff, 0xfb, 0x0, 0x0,
    0x0, 0x0, 0x0, 0x0, 0x1f, 0xff, 0xc0, 0x0,
    0x0, 0x0, 0x0, 0x0, 0x17, 0xff, 0xfd, 0x0,
    0x0, 0x3, 0x58, 0xac, 0xef, 0xff, 0xff, 0xd0,
    0x1, 0x8e, 0xff, 0xff, 0xff, 0xff, 0xff, 0xfd,
    0x2, 0xef, 0xff, 0xff, 0xff, 0xda, 0x5f, 0xff,
    0xd0, 0xdf, 0xff, 0xe8, 0x41, 0x0, 0x0, 0xff,
    0xfd, 0x4f, 0xff, 0xc1, 0x0, 0x0, 0x0, 0xf,
    0xff, 0xd7, 0xff, 0xf5, 0x0, 0x0, 0x0, 0x2,
    0xff, 0xfd, 0x7f, 0xff, 0x40, 0x0, 0x0, 0x0,
    0x8f, 0xff, 0xd5, 0xff, 0xfa, 0x0, 0x0, 0x0,
    0x5f, 0xff, 0xfd, 0x1f, 0xff, 0xfb, 0x52, 0x25,
    0xbf, 0xff, 0xff, 0xd0, 0x7f, 0xff, 0xff, 0xff,
    0xff, 0xf7, 0xef, 0xfd, 0x0, 0x8f, 0xff, 0xff,
    0xff, 0xf8, 0xe, 0xff, 0xd0, 0x0, 0x39, 0xdf,
    0xfd, 0xa3, 0x0, 0xef, 0xfd,

    /* U+00E4 "ä" */
    0x0, 0x0, 0x57, 0x10, 0x0, 0x1, 0x75, 0x0,
    0x0, 0x0, 0x9f, 0xfe, 0x10, 0x2, 0xff, 0xf9,
    0x0, 0x0, 0xf, 0xff, 0xf6, 0x0, 0x7f, 0xff,
    0xf0, 0x0, 0x0, 0xdf, 0xff, 0x40, 0x5, 0xff,
    0xfd, 0x0, 0x0, 0x3, 0xdf, 0x80, 0x0, 0x8,
    0xfd, 0x30, 0x0, 0x0, 0x0, 0x0, 0x0, 0x0,
    0x0, 0x0, 0x0, 0x0, 0x0, 0x0, 0x0, 0x0,
    0x0, 0x0, 0x0, 0x0, 0x0, 0x0, 0x0, 0x0,
    0x0, 0x0, 0x0, 0x0, 0x0, 0x0, 0x6, 0xad,
    0xff, 0xeb, 0x71, 0x0, 0x0, 0x0, 0x5e, 0xff,
    0xff, 0xff, 0xff, 0xf6, 0x0, 0x0, 0x7f, 0xff,
    0xff, 0xff, 0xff, 0xff, 0xf7, 0x0, 0x4f, 0xff,
    0xfd, 0x63, 0x35, 0xcf, 0xff, 0xf2, 0xc, 0xff,
    0xf9, 0x0, 0x0, 0x0, 0xaf, 0xff, 0x70, 0x3,
    0x7a, 0x0, 0x0, 0x0, 0x3, 0xff, 0xfb, 0x0,
    0x0, 0x0, 0x0, 0x0, 0x0, 0x1f, 0xff, 0xc0,
    0x0, 0x0, 0x0, 0x0, 0x0, 0x17, 0xff, 0xfd,
    0x0, 0x0, 0x3, 0x58, 0xac, 0xef, 0xff, 0xff,
    0xd0, 0x1, 0x8e, 0xff, 0xff, 0xff, 0xff, 0xff,
    0xfd, 0x2, 0xef, 0xff, 0xff, 0xff, 0xda, 0x5f,
    0xff, 0xd0, 0xdf, 0xff, 0xe8, 0x41, 0x0, 0x0,
    0xff, 0xfd, 0x4f, 0xff, 0xc1, 0x0, 0x0, 0x0,
    0xf, 0xff, 0xd7, 0xff, 0xf5, 0x0, 0x0, 0x0,
    0x2, 0xff, 0xfd, 0x7f, 0xff, 0x40, 0x0, 0x0,
    0x0, 0x8f, 0xff, 0xd5, 0xff, 0xfa, 0x0, 0x0,
    0x0, 0x5f, 0xff, 0xfd, 0x1f, 0xff, 0xfb, 0x52,
    0x25, 0xbf, 0xff, 0xff, 0xd0, 0x7f, 0xff, 0xff,
    0xff, 0xff, 0xf7, 0xef, 0xfd, 0x0, 0x8f, 0xff,
    0xff, 0xff, 0xf8, 0xe, 0xff, 0xd0, 0x0, 0x39,
    0xdf, 0xfd, 0xa3, 0x0, 0xef, 0xfd,

    /* U+00E5 "å" */
    0x0, 0x0, 0x0, 0x1, 0x33, 0x10, 0x0, 0x0,
    0x0, 0x0, 0x0, 0x9, 0xff, 0xff, 0x90, 0x0,
    0x0, 0x0, 0x0, 0xb, 0xff, 0xff, 0xff, 0xb0,
    0x0, 0x0, 0x0, 0x5, 0xff, 0x91, 0x19, 0xff,
    0x50, 0x0, 0x0, 0x0, 0x9f, 0xf0, 0x0, 0xe,
    0xfa, 0x0, 0x0, 0x0, 0x9, 0xff, 0x0, 0x0,
    0xef, 0xa0, 0x0, 0x0, 0x0, 0x5f, 0xf9, 0x11,
    0x9f, 0xf5, 0x0, 0x0, 0x0, 0x0, 0xcf, 0xff,
    0xff, 0xfc, 0x0, 0x0, 0x0, 0x0, 0x0, 0x9f,
    0xff, 0xf9, 0x0, 0x0, 0x0, 0x0, 0x0, 0x0,
    0x13, 0x31, 0x0, 0x0, 0x0, 0x0, 0x0, 0x0,
    0x0, 0x0, 0x0, 0x0, 0x0, 0x0, 0x0, 0x0,
    0x6a, 0xdf, 0xfe, 0xb7, 0x10, 0x0, 0x0, 0x5,
    0xef, 0xff, 0xff, 0xff, 0xff, 0x60, 0x0, 0x7,
    0xff, 0xff, 0xff, 0xff, 0xff, 0xff, 0x70, 0x4,
    0xff, 0xff, 0xd6, 0x33, 0x5c, 0xff, 0xff, 0x20,
    0xcf, 0xff, 0x90, 0x0, 0x0, 0xa, 0xff, 0xf7,
    0x0, 0x37, 0xa0, 0x0, 0x0, 0x0, 0x3f, 0xff,
    0xb0, 0x0, 0x0, 0x0, 0x0, 0x0, 0x1, 0xff,
    0xfc, 0x0, 0x0, 0x0, 0x0, 0x0, 0x1, 0x7f,
    0xff, 0xd0, 0x0, 0x0, 0x35, 0x8a, 0xce, 0xff,
    0xff, 0xfd, 0x0, 0x18, 0xef, 0xff, 0xff, 0xff,
    0xff, 0xff, 0xd0, 0x2e, 0xff, 0xff, 0xff, 0xfd,
    0xa5, 0xff, 0xfd, 0xd, 0xff, 0xfe, 0x84, 0x10,
    0x0, 0xf, 0xff, 0xd4, 0xff, 0xfc, 0x10, 0x0,
    0x0, 0x0, 0xff, 0xfd, 0x7f, 0xff, 0x50, 0x0,
    0x0, 0x0, 0x2f, 0xff, 0xd7, 0xff, 0xf4, 0x0,
    0x0, 0x0, 0x8, 0xff, 0xfd, 0x5f, 0xff, 0xa0,
    0x0, 0x0, 0x5, 0xff, 0xff, 0xd1, 0xff, 0xff,
    0xb5, 0x22, 0x5b, 0xff, 0xff, 0xfd, 0x7, 0xff,
    0xff, 0xff, 0xff, 0xff, 0x7e, 0xff, 0xd0, 0x8,
    0xff, 0xff, 0xff, 0xff, 0x80, 0xef, 0xfd, 0x0,
    0x3, 0x9d, 0xff, 0xda, 0x30, 0xe, 0xff, 0xd0,

    /* U+00E6 "æ" */
    0x0, 0x0, 0x6, 0xad, 0xff, 0xea, 0x50, 0x0,
    0x1, 0x6c, 0xef, 0xec, 0x82, 0x0, 0x0, 0x0,
    0x0, 0x6e, 0xff, 0xff, 0xff, 0xff, 0xd2, 0x5,
    0xef, 0xff, 0xff, 0xff, 0xfa, 0x0, 0x0, 0x0,
    0x8f, 0xff, 0xff, 0xff, 0xff, 0xff, 0xd6, 0xff,
    0xff, 0xff, 0xff, 0xff, 0xfd, 0x10, 0x0, 0x4f,
    0xff, 0xfc, 0x63, 0x35, 0xbf, 0xff, 0xff, 0xff,
    0x94, 0x23, 0x7e, 0xff, 0xfb, 0x0, 0xb, 0xff,
    0xf8, 0x0, 0x0, 0x0, 0xaf, 0xff, 0xfe, 0x20,
    0x0, 0x0, 0x1d, 0xff, 0xf4, 0x0, 0x2, 0x68,
    0x0, 0x0, 0x0, 0x3, 0xff, 0xff, 0x30, 0x0,
    0x0, 0x0, 0x3f, 0xff, 0xb0, 0x0, 0x0, 0x0,
    0x0, 0x0, 0x0, 0xf, 0xff, 0xb0, 0x0, 0x0,
    0x0, 0x0, 0xcf, 0xff, 0x0, 0x0, 0x0, 0x0,
    0x0, 0x0, 0x0, 0xff, 0xf7, 0x0, 0x0, 0x0,
    0x0, 0x9, 0xff, 0xf2, 0x0, 0x0, 0x49, 0xce,
    0xff, 0xff, 0xff, 0xff, 0xff, 0xff, 0xff, 0xff,
    0xff, 0xff, 0xff, 0x40, 0x3, 0xdf, 0xff, 0xff,
    0xff, 0xff, 0xff, 0xff, 0xff, 0xff, 0xff, 0xff,
    0xff, 0xff, 0xf5, 0x4, 0xff, 0xff, 0xff, 0xfe,
    0xee, 0xef, 0xff, 0xee, 0xee, 0xee, 0xee, 0xee,
    0xee, 0xee, 0x40, 0xef, 0xff, 0xc5, 0x10, 0x0,
    0x0, 0xff, 0xf6, 0x0, 0x0, 0x0, 0x0, 0x0,
    0x0, 0x0, 0x5f, 0xff, 0xb0, 0x0, 0x0, 0x0,
    0x1f, 0xff, 0x90, 0x0, 0x0, 0x0, 0x0, 0x0,
    0x0, 0x7, 0xff, 0xf5, 0x0, 0x0, 0x0, 0x3,
    0xff, 0xfd, 0x0, 0x0, 0x0, 0x0, 0x0, 0x0,
    0x0, 0x7f, 0xff, 0x50, 0x0, 0x0, 0x0, 0xaf,
    0xff, 0xf6, 0x0, 0x0, 0x0, 0x0, 0xdd, 0xa7,
    0x5, 0xff, 0xfb, 0x0, 0x0, 0x0, 0x7f, 0xff,
    0xff, 0xf5, 0x0, 0x0, 0x0, 0xaf, 0xff, 0xb0,
    0xf, 0xff, 0xfd, 0x74, 0x47, 0xdf, 0xff, 0xbf,
    0xff, 0xfb, 0x64, 0x57, 0xdf, 0xff, 0xf3, 0x0,
    0x6f, 0xff, 0xff, 0xff, 0xff, 0xff, 0xb0, 0x8f,
    0xff, 0xff, 0xff, 0xff, 0xff, 0xf6, 0x0, 0x0,
    0x7f, 0xff, 0xff, 0xff, 0xff, 0x70, 0x0, 0x6f,
    0xff, 0xff, 0xff, 0xff, 0xe4, 0x0, 0x0, 0x0,
    0x28, 0xde, 0xfe, 0xb7, 0x10, 0x0, 0x0, 0x16,
    0xbd, 0xff, 0xeb, 0x60, 0x0, 0x0,

    /* U+00E7 "ç" */
    0x0, 0x0, 0x0, 0x6b, 0xef, 0xfd, 0xa5, 0x0,
    0x0, 0x0, 0x0, 0x6, 0xef, 0xff, 0xff, 0xff,
    0xfd, 0x30, 0x0, 0x0, 0x8, 0xff, 0xff, 0xff,
    0xff, 0xff, 0xff, 0x40, 0x0, 0x6, 0xff, 0xff,
    0xe7, 0x55, 0x8f, 0xff, 0xff, 0x10, 0x1, 0xff,
    0xff, 0xa0, 0x0, 0x0, 0x1d, 0xff, 0xf9, 0x0,
    0x7f, 0xff, 0xc0, 0x0, 0x0, 0x0, 0x1f, 0xff,
    0xd0, 0xd, 0xff, 0xf4, 0x0, 0x0, 0x0, 0x0,
    0x65, 0x20, 0x1, 0xff, 0xff, 0x0, 0x0, 0x0,
    0x0, 0x0, 0x0, 0x0, 0x3f, 0xff, 0xc0, 0x0,
    0x0, 0x0, 0x0, 0x0, 0x0, 0x4, 0xff, 0xfa,
    0x0, 0x0, 0x0, 0x0, 0x0, 0x0, 0x0, 0x4f,
    0xff, 0xa0, 0x0, 0x0, 0x0, 0x0, 0x0, 0x0,
    0x3, 0xff, 0xfb, 0x0, 0x0, 0x0, 0x0, 0x0,
    0x0, 0x0, 0x1f, 0xff, 0xf0, 0x0, 0x0, 0x0,
    0x0, 0x0, 0x0, 0x0, 0xdf, 0xff, 0x40, 0x0,
    0x0, 0x0, 0x7, 0x84, 0x0, 0x7, 0xff, 0xfc,
    0x0, 0x0, 0x0, 0x1, 0xff, 0xff, 0x0, 0x1e,
    0xff, 0xfa, 0x0, 0x0, 0x1, 0xcf, 0xff, 0x90,
    0x0, 0x5f, 0xff, 0xfd, 0x75, 0x58, 0xff, 0xff,
    0xf1, 0x0, 0x0, 0x7f, 0xff, 0xff, 0xff, 0xff,
    0xff, 0xf4, 0x0, 0x0, 0x0, 0x5e, 0xff, 0xff,
    0xff, 0xff, 0xd3, 0x0, 0x0, 0x0, 0x0, 0x6,
    0xbf, 0xff, 0xda, 0x50, 0x0, 0x0, 0x0, 0x0,
    0x0, 0x0, 0x3f, 0xc0, 0x0, 0x0, 0x0, 0x0,
    0x0, 0x0, 0x0, 0x6, 0xff, 0xc8, 0x10, 0x0,
    0x0, 0x0, 0x0, 0x0, 0x0, 0x6c, 0xdf, 0xfb,
    0x0, 0x0, 0x0, 0x0, 0x0, 0x0, 0x0, 0x0,
    0x8f, 0xf1, 0x0, 0x0, 0x0, 0x0, 0x0, 0x0,
    0x0, 0x9, 0xff, 0x0, 0x0, 0x0, 0x0, 0x0,
    0x0, 0x2f, 0xff, 0xff, 0xb0, 0x0, 0x0, 0x0,
    0x0, 0x0, 0x3, 0xff, 0xfe, 0x91, 0x0, 0x0,
    0x0,

    /* U+00E8 "è" */
    0x0, 0x0, 0xd, 0xff, 0xe0, 0x0, 0x0, 0x0,
    0x0, 0x0, 0x0, 0x0, 0x4f, 0xff, 0x60, 0x0,
    0x0, 0x0, 0x0, 0x0, 0x0, 0x0, 0x9f, 0xfe,
    0x0, 0x0, 0x0, 0x0, 0x0, 0x0, 0x0, 0x0,
    0xef, 0xf5, 0x0, 0x0, 0x0, 0x0, 0x0, 0x0,
    0x0, 0x4, 0xff, 0xd0, 0x0, 0x0, 0x0, 0x0,
    0x0, 0x0, 0x0, 0x3, 0x44, 0x0, 0x0, 0x0,
    0x0, 0x0, 0x0, 0x0, 0x0, 0x0, 0x0, 0x0,
    0x0, 0x0, 0x0, 0x0, 0x0, 0x0, 0x0, 0x0,
    0x0, 0x0, 0x0, 0x0, 0x0, 0x0, 0x1, 0x7b,
    0xef, 0xec, 0x83, 0x0, 0x0, 0x0, 0x0, 0x5,
    0xef, 0xff, 0xff, 0xff, 0xfb, 0x20, 0x0, 0x0,
    0x7, 0xff, 0xff, 0xff, 0xff, 0xff, 0xfe, 0x20,
    0x0, 0x5, 0xff, 0xff, 0xa5, 0x34, 0x7e, 0xff,
    0xfd, 0x0, 0x1, 0xef, 0xff, 0x40, 0x0, 0x0,
    0x1c, 0xff, 0xf7, 0x0, 0x7f, 0xff, 0x60, 0x0,
    0x0, 0x0, 0x1f, 0xff, 0xe0, 0xd, 0xff, 0xe0,
    0x0, 0x0, 0x0, 0x0, 0xaf, 0xff, 0x31, 0xff,
    0xfa, 0x0, 0x0, 0x0, 0x0, 0x6, 0xff, 0xf5,
    0x3f, 0xff, 0xff, 0xff, 0xff, 0xff, 0xff, 0xff,
    0xff, 0x74, 0xff, 0xff, 0xff, 0xff, 0xff, 0xff,
    0xff, 0xff, 0xf8, 0x4f, 0xff, 0xfe, 0xee, 0xee,
    0xee, 0xee, 0xee, 0xee, 0x73, 0xff, 0xfa, 0x0,
    0x0, 0x0, 0x0, 0x0, 0x0, 0x0, 0x1f, 0xff,
    0xc0, 0x0, 0x0, 0x0, 0x0, 0x0, 0x0, 0x0,
    0xdf, 0xff, 0x10, 0x0, 0x0, 0x0, 0x0, 0x0,
    0x0, 0x8, 0xff, 0xf9, 0x0, 0x0, 0x0, 0x0,
    0xbc, 0x84, 0x0, 0x1f, 0xff, 0xf7, 0x0, 0x0,
    0x0, 0x7f, 0xff, 0xe0, 0x0, 0x5f, 0xff, 0xfc,
    0x74, 0x46, 0xcf, 0xff, 0xf6, 0x0, 0x0, 0x8f,
    0xff, 0xff, 0xff, 0xff, 0xff, 0xfa, 0x0, 0x0,
    0x0, 0x5e, 0xff, 0xff, 0xff, 0xff, 0xf7, 0x0,
    0x0, 0x0, 0x0, 0x6, 0xbe, 0xff, 0xeb, 0x71,
    0x0, 0x0,

    /* U+00E9 "é" */
    0x0, 0x0, 0x0, 0x0, 0x0, 0xbf, 0xff, 0x30,
    0x0, 0x0, 0x0, 0x0, 0x0, 0x0, 0x2f, 0xff,
    0x80, 0x0, 0x0, 0x0, 0x0, 0x0, 0x0, 0x9,
    0xff, 0xd0, 0x0, 0x0, 0x0, 0x0, 0x0, 0x0,
    0x1, 0xff, 0xf3, 0x0, 0x0, 0x0, 0x0, 0x0,
    0x0, 0x0, 0x8f, 0xf9, 0x0, 0x0, 0x0, 0x0,
    0x0, 0x0, 0x0, 0x3, 0x44, 0x0, 0x0, 0x0,
    0x0, 0x0, 0x0, 0x0, 0x0, 0x0, 0x0, 0x0,
    0x0, 0x0, 0x0, 0x0, 0x0, 0x0, 0x0, 0x0,
    0x0, 0x0, 0x0, 0x0, 0x0, 0x0, 0x1, 0x7b,
    0xef, 0xec, 0x83, 0x0, 0x0, 0x0, 0x0, 0x5,
    0xef, 0xff, 0xff, 0xff, 0xfb, 0x20, 0x0, 0x0,
    0x7, 0xff, 0xff, 0xff, 0xff, 0xff, 0xfe, 0x20,
    0x0, 0x5, 0xff, 0xff, 0xa5, 0x34, 0x7e, 0xff,
    0xfd, 0x0, 0x1, 0xef, 0xff, 0x40, 0x0, 0x0,
    0x1c, 0xff, 0xf7, 0x0, 0x7f, 0xff, 0x60, 0x0,
    0x0, 0x0, 0x1f, 0xff, 0xe0, 0xd, 0xff, 0xe0,
    0x0, 0x0, 0x0, 0x0, 0xaf, 0xff, 0x31, 0xff,
    0xfa, 0x0, 0x0, 0x0, 0x0, 0x6, 0xff, 0xf5,
    0x3f, 0xff, 0xff, 0xff, 0xff, 0xff, 0xff, 0xff,
    0xff, 0x74, 0xff, 0xff, 0xff, 0xff, 0xff, 0xff,
    0xff, 0xff, 0xf8, 0x4f, 0xff, 0xfe, 0xee, 0xee,
    0xee, 0xee, 0xee, 0xee, 0x73, 0xff, 0xfa, 0x0,
    0x0, 0x0, 0x0, 0x0, 0x0, 0x0, 0x1f, 0xff,
    0xc0, 0x0, 0x0, 0x0, 0x0, 0x0, 0x0, 0x0,
    0xdf, 0xff, 0x10, 0x0, 0x0, 0x0, 0x0, 0x0,
    0x0, 0x8, 0xff, 0xf9, 0x0, 0x0, 0x0, 0x0,
    0xbc, 0x84, 0x0, 0x1f, 0xff, 0xf7, 0x0, 0x0,
    0x0, 0x7f, 0xff, 0xe0, 0x0, 0x5f, 0xff, 0xfc,
    0x74, 0x46, 0xcf, 0xff, 0xf6, 0x0, 0x0, 0x8f,
    0xff, 0xff, 0xff, 0xff, 0xff, 0xfa, 0x0, 0x0,
    0x0, 0x5e, 0xff, 0xff, 0xff, 0xff, 0xf7, 0x0,
    0x0, 0x0, 0x0, 0x6, 0xbe, 0xff, 0xeb, 0x71,
    0x0, 0x0,

    /* U+00EA "ê" */
    0x0, 0x0, 0x0, 0x7, 0xff, 0xfb, 0x0, 0x0,
    0x0, 0x0, 0x0, 0x0, 0x6, 0xff, 0xff, 0xfa,
    0x0, 0x0, 0x0, 0x0, 0x0, 0x5, 0xff, 0xf4,
    0xdf, 0xf8, 0x0, 0x0, 0x0, 0x0, 0x4, 0xff,
    0xf5, 0x2, 0xef, 0xf7, 0x0, 0x0, 0x0, 0x3,
    0xff, 0xf8, 0x0, 0x4, 0xff, 0xf5, 0x0, 0x0,
    0x0, 0x0, 0x0, 0x0, 0x0, 0x0, 0x0, 0x0,
    0x0, 0x0, 0x0, 0x0, 0x0, 0x0, 0x0, 0x0,
    0x0, 0x0, 0x0, 0x0, 0x0, 0x0, 0x0, 0x0,
    0x0, 0x0, 0x0, 0x0, 0x0, 0x0, 0x1, 0x7b,
    0xef, 0xec, 0x83, 0x0, 0x0, 0x0, 0x0, 0x5,
    0xef, 0xff, 0xff, 0xff, 0xfb, 0x20, 0x0, 0x0,
    0x7, 0xff, 0xff, 0xff, 0xff, 0xff, 0xfe, 0x20,
    0x0, 0x5, 0xff, 0xff, 0xa5, 0x34, 0x7e, 0xff,
    0xfd, 0x0, 0x1, 0xef, 0xff, 0x40, 0x0, 0x0,
    0x1c, 0xff, 0xf7, 0x0, 0x7f, 0xff, 0x60, 0x0,
    0x0, 0x0, 0x1f, 0xff, 0xe0, 0xd, 0xff, 0xe0,
    0x0, 0x0, 0x0, 0x0, 0xaf, 0xff, 0x31, 0xff,
    0xfa, 0x0, 0x0, 0x0, 0x0, 0x6, 0xff, 0xf5,
    0x3f, 0xff, 0xff, 0xff, 0xff, 0xff, 0xff, 0xff,
    0xff, 0x74, 0xff, 0xff, 0xff, 0xff, 0xff, 0xff,
    0xff, 0xff, 0xf8, 0x4f, 0xff, 0xfe, 0xee, 0xee,
    0xee, 0xee, 0xee, 0xee, 0x73, 0xff, 0xfa, 0x0,
    0x0, 0x0, 0x0, 0x0, 0x0, 0x0, 0x1f, 0xff,
    0xc0, 0x0, 0x0, 0x0, 0x0, 0x0, 0x0, 0x0,
    0xdf, 0xff, 0x10, 0x0, 0x0, 0x0, 0x0, 0x0,
    0x0, 0x8, 0xff, 0xf9, 0x0, 0x0, 0x0, 0x0,
    0xbc, 0x84, 0x0, 0x1f, 0xff, 0xf7, 0x0, 0x0,
    0x0, 0x7f, 0xff, 0xe0, 0x0, 0x5f, 0xff, 0xfc,
    0x74, 0x46, 0xcf, 0xff, 0xf6, 0x0, 0x0, 0x8f,
    0xff, 0xff, 0xff, 0xff, 0xff, 0xfa, 0x0, 0x0,
    0x0, 0x5e, 0xff, 0xff, 0xff, 0xff, 0xf7, 0x0,
    0x0, 0x0, 0x0, 0x6, 0xbe, 0xff, 0xeb, 0x71,
    0x0, 0x0,

    /* U+00EB "ë" */
    0x0, 0x0, 0x16, 0x50, 0x0, 0x0, 0x37, 0x30,
    0x0, 0x0, 0x0, 0xd, 0xff, 0xb0, 0x0, 0x6f,
    0xff, 0x40, 0x0, 0x0, 0x4, 0xff, 0xff, 0x10,
    0xc, 0xff, 0xfa, 0x0, 0x0, 0x0, 0x2f, 0xff,
    0xf0, 0x0, 0xaf, 0xff, 0x80, 0x0, 0x0, 0x0,
    0x7e, 0xd4, 0x0, 0x1, 0xbf, 0xa0, 0x0, 0x0,
    0x0, 0x0, 0x0, 0x0, 0x0, 0x0, 0x0, 0x0,
    0x0, 0x0, 0x0, 0x0, 0x0, 0x0, 0x0, 0x0,
    0x0, 0x0, 0x0, 0x0, 0x0, 0x0, 0x0, 0x0,
    0x0, 0x0, 0x0, 0x0, 0x0, 0x0, 0x1, 0x7b,
    0xef, 0xec, 0x83, 0x0, 0x0, 0x0, 0x0, 0x5,
    0xef, 0xff, 0xff, 0xff, 0xfb, 0x20, 0x0, 0x0,
    0x7, 0xff, 0xff, 0xff, 0xff, 0xff, 0xfe, 0x20,
    0x0, 0x5, 0xff, 0xff, 0xa5, 0x34, 0x7e, 0xff,
    0xfd, 0x0, 0x1, 0xef, 0xff, 0x40, 0x0, 0x0,
    0x1c, 0xff, 0xf7, 0x0, 0x7f, 0xff, 0x60, 0x0,
    0x0, 0x0, 0x1f, 0xff, 0xe0, 0xd, 0xff, 0xe0,
    0x0, 0x0, 0x0, 0x0, 0xaf, 0xff, 0x31, 0xff,
    0xfa, 0x0, 0x0, 0x0, 0x0, 0x6, 0xff, 0xf5,
    0x3f, 0xff, 0xff, 0xff, 0xff, 0xff, 0xff, 0xff,
    0xff, 0x74, 0xff, 0xff, 0xff, 0xff, 0xff, 0xff,
    0xff, 0xff, 0xf8, 0x4f, 0xff, 0xfe, 0xee, 0xee,
    0xee, 0xee, 0xee, 0xee, 0x73, 0xff, 0xfa, 0x0,
    0x0, 0x0, 0x0, 0x0, 0x0, 0x0, 0x1f, 0xff,
    0xc0, 0x0, 0x0, 0x0, 0x0, 0x0, 0x0, 0x0,
    0xdf, 0xff, 0x10, 0x0, 0x0, 0x0, 0x0, 0x0,
    0x0, 0x8, 0xff, 0xf9, 0x0, 0x0, 0x0, 0x0,
    0xbc, 0x84, 0x0, 0x1f, 0xff, 0xf7, 0x0, 0x0,
    0x0, 0x7f, 0xff, 0xe0, 0x0, 0x5f, 0xff, 0xfc,
    0x74, 0x46, 0xcf, 0xff, 0xf6, 0x0, 0x0, 0x8f,
    0xff, 0xff, 0xff, 0xff, 0xff, 0xfa, 0x0, 0x0,
    0x0, 0x5e, 0xff, 0xff, 0xff, 0xff, 0xf7, 0x0,
    0x0, 0x0, 0x0, 0x6, 0xbe, 0xff, 0xeb, 0x71,
    0x0, 0x0,

    /* U+00EC "ì" */
    0x14, 0x44, 0x30, 0x0, 0xd, 0xff, 0xe0, 0x0,
    0x3, 0xff, 0xf7, 0x0, 0x0, 0x8f, 0xfe, 0x0,
    0x0, 0xd, 0xff, 0x60, 0x0, 0x3, 0xff, 0xd0,
    0x0, 0x0, 0x0, 0x0, 0x0, 0x0, 0x0, 0x0,
    0x0, 0x6, 0xff, 0xf7, 0x0, 0x6, 0xff, 0xf7,
    0x0, 0x6, 0xff, 0xf7, 0x0, 0x6, 0xff, 0xf7,
    0x0, 0x6, 0xff, 0xf7, 0x0, 0x6, 0xff, 0xf7,
    0x0, 0x6, 0xff, 0xf7, 0x0, 0x6, 0xff, 0xf7,
    0x0, 0x6, 0xff, 0xf7, 0x0, 0x6, 0xff, 0xf7,
    0x0, 0x6, 0xff, 0xf7, 0x0, 0x6, 0xff, 0xf7,
    0x0, 0x6, 0xff, 0xf7, 0x0, 0x6, 0xff, 0xf7,
    0x0, 0x6, 0xff, 0xf7, 0x0, 0x6, 0xff, 0xf7,
    0x0, 0x6, 0xff, 0xf7, 0x0, 0x6, 0xff, 0xf7,
    0x0, 0x6, 0xff, 0xf7, 0x0, 0x6, 0xff, 0xf7,

    /* U+00ED "í" */
    0x0, 0x2, 0x44, 0x41, 0x0, 0xe, 0xff, 0xd0,
    0x0, 0x6f, 0xff, 0x30, 0x0, 0xdf, 0xf9, 0x0,
    0x5, 0xff, 0xd0, 0x0, 0xc, 0xff, 0x40, 0x0,
    0x0, 0x0, 0x0, 0x0, 0x0, 0x0, 0x0, 0x0,
    0x6f, 0xff, 0x70, 0x0, 0x6f, 0xff, 0x70, 0x0,
    0x6f, 0xff, 0x70, 0x0, 0x6f, 0xff, 0x70, 0x0,
    0x6f, 0xff, 0x70, 0x0, 0x6f, 0xff, 0x70, 0x0,
    0x6f, 0xff, 0x70, 0x0, 0x6f, 0xff, 0x70, 0x0,
    0x6f, 0xff, 0x70, 0x0, 0x6f, 0xff, 0x70, 0x0,
    0x6f, 0xff, 0x70, 0x0, 0x6f, 0xff, 0x70, 0x0,
    0x6f, 0xff, 0x70, 0x0, 0x6f, 0xff, 0x70, 0x0,
    0x6f, 0xff, 0x70, 0x0, 0x6f, 0xff, 0x70, 0x0,
    0x6f, 0xff, 0x70, 0x0, 0x6f, 0xff, 0x70, 0x0,
    0x6f, 0xff, 0x70, 0x0, 0x6f, 0xff, 0x70, 0x0,

    /* U+00EE "î" */
    0x0, 0x0, 0x28, 0x88, 0x30, 0x0, 0x0, 0x0,
    0x2e, 0xff, 0xfe, 0x20, 0x0, 0x0, 0x1d, 0xff,
    0xcf, 0xfe, 0x10, 0x0, 0x1d, 0xff, 0xa0, 0x9f,
    0xfd, 0x10, 0xc, 0xff, 0xc0, 0x0, 0xcf, 0xfc,
    0x3, 0x88, 0x81, 0x0, 0x1, 0x78, 0x83, 0x0,
    0x0, 0x0, 0x0, 0x0, 0x0, 0x0, 0x0, 0x0,
    0x0, 0x0, 0x0, 0x0, 0x0, 0x0, 0x6f, 0xff,
    0x70, 0x0, 0x0, 0x0, 0x6, 0xff, 0xf7, 0x0,
    0x0, 0x0, 0x0, 0x6f, 0xff, 0x70, 0x0, 0x0,
    0x0, 0x6, 0xff, 0xf7, 0x0, 0x0, 0x0, 0x0,
    0x6f, 0xff, 0x70, 0x0, 0x0, 0x0, 0x6, 0xff,
    0xf7, 0x0, 0x0, 0x0, 0x0, 0x6f, 0xff, 0x70,
    0x0, 0x0, 0x0, 0x6, 0xff, 0xf7, 0x0, 0x0,
    0x0, 0x0, 0x6f, 0xff, 0x70, 0x0, 0x0, 0x0,
    0x6, 0xff, 0xf7, 0x0, 0x0, 0x0, 0x0, 0x6f,
    0xff, 0x70, 0x0, 0x0, 0x0, 0x6, 0xff, 0xf7,
    0x0, 0x0, 0x0, 0x0, 0x6f, 0xff, 0x70, 0x0,
    0x0, 0x0, 0x6, 0xff, 0xf7, 0x0, 0x0, 0x0,
    0x0, 0x6f, 0xff, 0x70, 0x0, 0x0, 0x0, 0x6,
    0xff, 0xf7, 0x0, 0x0, 0x0, 0x0, 0x6f, 0xff,
    0x70, 0x0, 0x0, 0x0, 0x6, 0xff, 0xf7, 0x0,
    0x0, 0x0, 0x0, 0x6f, 0xff, 0x70, 0x0, 0x0,
    0x0, 0x6, 0xff, 0xf7, 0x0, 0x0,

    /* U+00EF "ï" */
    0x1, 0x65, 0x0, 0x0, 0x4, 0x72, 0x1, 0xef,
    0xf9, 0x0, 0x8, 0xff, 0xf2, 0x6f, 0xff, 0xf0,
    0x0, 0xef, 0xff, 0x84, 0xff, 0xfd, 0x0, 0xc,
    0xff, 0xf6, 0x8, 0xed, 0x30, 0x0, 0x2c, 0xf9,
    0x0, 0x0, 0x0, 0x0, 0x0, 0x0, 0x0, 0x0,
    0x0, 0x0, 0x0, 0x0, 0x0, 0x0, 0x0, 0x0,
    0x0, 0x0, 0x0, 0x0, 0x0, 0x0, 0x6f, 0xff,
    0x70, 0x0, 0x0, 0x0, 0x6, 0xff, 0xf7, 0x0,
    0x0, 0x0, 0x0, 0x6f, 0xff, 0x70, 0x0, 0x0,
    0x0, 0x6, 0xff, 0xf7, 0x0, 0x0, 0x0, 0x0,
    0x6f, 0xff, 0x70, 0x0, 0x0, 0x0, 0x6, 0xff,
    0xf7, 0x0, 0x0, 0x0, 0x0, 0x6f, 0xff, 0x70,
    0x0, 0x0, 0x0, 0x6, 0xff, 0xf7, 0x0, 0x0,
    0x0, 0x0, 0x6f, 0xff, 0x70, 0x0, 0x0, 0x0,
    0x6, 0xff, 0xf7, 0x0, 0x0, 0x0, 0x0, 0x6f,
    0xff, 0x70, 0x0, 0x0, 0x0, 0x6, 0xff, 0xf7,
    0x0, 0x0, 0x0, 0x0, 0x6f, 0xff, 0x70, 0x0,
    0x0, 0x0, 0x6, 0xff, 0xf7, 0x0, 0x0, 0x0,
    0x0, 0x6f, 0xff, 0x70, 0x0, 0x0, 0x0, 0x6,
    0xff, 0xf7, 0x0, 0x0, 0x0, 0x0, 0x6f, 0xff,
    0x70, 0x0, 0x0, 0x0, 0x6, 0xff, 0xf7, 0x0,
    0x0, 0x0, 0x0, 0x6f, 0xff, 0x70, 0x0, 0x0,
    0x0, 0x6, 0xff, 0xf7, 0x0, 0x0,

    /* U+00F0 "ð" */
    0x0, 0x0, 0x1, 0x0, 0x0, 0x0, 0x0, 0x0,
    0x0, 0x0, 0x0, 0x0, 0xec, 0x40, 0x0, 0x0,
    0x2, 0x20, 0x0, 0x0, 0x0, 0x5f, 0xff, 0xb2,
    0x0, 0x29, 0xf8, 0x0, 0x0, 0x0, 0x2, 0xbf,
    0xff, 0xf7, 0x9f, 0xff, 0xb0, 0x0, 0x0, 0x0,
    0x0, 0x4e, 0xff, 0xff, 0xfd, 0x50, 0x0, 0x0,
    0x0, 0x0, 0x2, 0xbf, 0xff, 0xfd, 0x0, 0x0,
    0x0, 0x0, 0x0, 0x2a, 0xff, 0xfd, 0xff, 0xf9,
    0x0, 0x0, 0x0, 0x0, 0x9, 0xff, 0xc5, 0x7,
    0xff, 0xf7, 0x0, 0x0, 0x0, 0x0, 0x4c, 0x40,
    0x0, 0x8, 0xff, 0xf3, 0x0, 0x0, 0x0, 0x0,
    0x0, 0x0, 0x0, 0xb, 0xff, 0xc0, 0x0, 0x0,
    0x0, 0x2, 0x8c, 0xdb, 0x92, 0x1f, 0xff, 0x60,
    0x0, 0x0, 0x8, 0xff, 0xff, 0xff, 0xf7, 0x7f,
    0xfe, 0x0, 0x0, 0xa, 0xff, 0xff, 0xff, 0xff,
    0xf9, 0xef, 0xf5, 0x0, 0x8, 0xff, 0xff, 0x82,
    0x2, 0x6e, 0xff, 0xff, 0xb0, 0x2, 0xff, 0xff,
    0x30, 0x0, 0x0, 0x1d, 0xff, 0xff, 0x0, 0x9f,
    0xff, 0x70, 0x0, 0x0, 0x0, 0x3f, 0xff, 0xf2,
    0xe, 0xff, 0xf0, 0x0, 0x0, 0x0, 0x0, 0xcf,
    0xff, 0x52, 0xff, 0xfb, 0x0, 0x0, 0x0, 0x0,
    0x7, 0xff, 0xf6, 0x4f, 0xff, 0x90, 0x0, 0x0,
    0x0, 0x0, 0x5f, 0xff, 0x74, 0xff, 0xf8, 0x0,
    0x0, 0x0, 0x0, 0x3, 0xff, 0xf7, 0x4f, 0xff,
    0x90, 0x0, 0x0, 0x0, 0x0, 0x4f, 0xff, 0x62,
    0xff, 0xfb, 0x0, 0x0, 0x0, 0x0, 0x7, 0xff,
    0xf3, 0xe, 0xff, 0xf1, 0x0, 0x0, 0x0, 0x0,
    0xbf, 0xff, 0x0, 0x9f, 0xff, 0x80, 0x0, 0x0,
    0x0, 0x4f, 0xff, 0xa0, 0x2, 0xff, 0xff, 0x50,
    0x0, 0x0, 0x2e, 0xff, 0xf3, 0x0, 0x7, 0xff,
    0xff, 0xb6, 0x45, 0x9f, 0xff, 0xfa, 0x0, 0x0,
    0xa, 0xff, 0xff, 0xff, 0xff, 0xff, 0xfc, 0x0,
    0x0, 0x0, 0x7, 0xff, 0xff, 0xff, 0xff, 0xf9,
    0x0, 0x0, 0x0, 0x0, 0x2, 0x8c, 0xef, 0xfc,
    0x82, 0x0, 0x0, 0x0,

    /* U+00F1 "ñ" */
    0x0, 0x0, 0x5d, 0xfe, 0xc9, 0x8a, 0xff, 0x20,
    0x0, 0x0, 0x3, 0xff, 0xff, 0xff, 0xff, 0xfd,
    0x0, 0x0, 0x0, 0x8, 0xff, 0x99, 0xbd, 0xff,
    0xb2, 0x0, 0x0, 0x0, 0x0, 0x0, 0x0, 0x0,
    0x0, 0x0, 0x0, 0x0, 0x0, 0x0, 0x0, 0x0,
    0x0, 0x0, 0x0, 0x0, 0x0, 0x0, 0x0, 0x0,
    0x0, 0x0, 0x0, 0x0, 0x0, 0x0, 0x6f, 0xff,
    0x40, 0x5, 0xbe, 0xfe, 0xa4, 0x0, 0x0, 0x6f,
    0xff, 0x41, 0xcf, 0xff, 0xff, 0xff, 0xa0, 0x0,
    0x6f, 0xff, 0x5c, 0xff, 0xff, 0xff, 0xff, 0xfa,
    0x0, 0x6f, 0xff, 0xbf, 0xfa, 0x76, 0xaf, 0xff,
    0xff, 0x40, 0x6f, 0xff, 0xfd, 0x20, 0x0, 0x2,
    0xef, 0xff, 0xa0, 0x6f, 0xff, 0xf2, 0x0, 0x0,
    0x0, 0x5f, 0xff, 0xe0, 0x6f, 0xff, 0xb0, 0x0,
    0x0, 0x0, 0xf, 0xff, 0xf0, 0x6f, 0xff, 0x80,
    0x0, 0x0, 0x0, 0xd, 0xff, 0xf0, 0x6f, 0xff,
    0x70, 0x0, 0x0, 0x0, 0xd, 0xff, 0xf1, 0x6f,
    0xff, 0x70, 0x0, 0x0, 0x0, 0xd, 0xff, 0xf1,
    0x6f, 0xff, 0x70, 0x0, 0x0, 0x0, 0xd, 0xff,
    0xf1, 0x6f, 0xff, 0x70, 0x0, 0x0, 0x0, 0xd,
    0xff, 0xf1, 0x6f, 0xff, 0x70, 0x0, 0x0, 0x0,
    0xd, 0xff, 0xf1, 0x6f, 0xff, 0x70, 0x0, 0x0,
    0x0, 0xd, 0xff, 0xf1, 0x6f, 0xff, 0x70, 0x0,
    0x0, 0x0, 0xd, 0xff, 0xf1, 0x6f, 0xff, 0x70,
    0x0, 0x0, 0x0, 0xd, 0xff, 0xf1, 0x6f, 0xff,
    0x70, 0x0, 0x0, 0x0, 0xd, 0xff, 0xf1, 0x6f,
    0xff, 0x70, 0x0, 0x0, 0x0, 0xd, 0xff, 0xf1,
    0x6f, 0xff, 0x70, 0x0, 0x0, 0x0, 0xd, 0xff,
    0xf1, 0x6f, 0xff, 0x70, 0x0, 0x0, 0x0, 0xd,
    0xff, 0xf1,

    /* U+00F2 "ò" */
    0x0, 0x0, 0xb, 0xff, 0xf2, 0x0, 0x0, 0x0,
    0x0, 0x0, 0x0, 0x0, 0x1, 0xff, 0xfa, 0x0,
    0x0, 0x0, 0x0, 0x0, 0x0, 0x0, 0x0, 0x6f,
    0xff, 0x10, 0x0, 0x0, 0x0, 0x0, 0x0, 0x0,
    0x0, 0xb, 0xff, 0x80, 0x0, 0x0, 0x0, 0x0,
    0x0, 0x0, 0x0, 0x2, 0xff, 0xf1, 0x0, 0x0,
    0x0, 0x0, 0x0, 0x0, 0x0, 0x0, 0x34, 0x41,
    0x0, 0x0, 0x0, 0x0, 0x0, 0x0, 0x0, 0x0,
    0x0, 0x0, 0x0, 0x0, 0x0, 0x0, 0x0, 0x0,
    0x0, 0x0, 0x0, 0x0, 0x0, 0x0, 0x0, 0x0,
    0x0, 0x0, 0x0, 0x6b, 0xef, 0xfd, 0xa5, 0x0,
    0x0, 0x0, 0x0, 0x0, 0x6e, 0xff, 0xff, 0xff,
    0xff, 0xd3, 0x0, 0x0, 0x0, 0x8, 0xff, 0xff,
    0xff, 0xff, 0xff, 0xff, 0x40, 0x0, 0x0, 0x6f,
    0xff, 0xfe, 0x75, 0x68, 0xff, 0xff, 0xf2, 0x0,
    0x1, 0xff, 0xff, 0xa0, 0x0, 0x0, 0x1d, 0xff,
    0xfc, 0x0, 0x7, 0xff, 0xfc, 0x0, 0x0, 0x0,
    0x1, 0xff, 0xff, 0x30, 0xd, 0xff, 0xf4, 0x0,
    0x0, 0x0, 0x0, 0x8f, 0xff, 0x90, 0x1f, 0xff,
    0xf0, 0x0, 0x0, 0x0, 0x0, 0x3f, 0xff, 0xd0,
    0x3f, 0xff, 0xc0, 0x0, 0x0, 0x0, 0x0, 0xf,
    0xff, 0xf0, 0x4f, 0xff, 0xa0, 0x0, 0x0, 0x0,
    0x0, 0xe, 0xff, 0xf0, 0x4f, 0xff, 0xa0, 0x0,
    0x0, 0x0, 0x0, 0xe, 0xff, 0xf0, 0x3f, 0xff,
    0xb0, 0x0, 0x0, 0x0, 0x0, 0xf, 0xff, 0xf0,
    0x1f, 0xff, 0xf0, 0x0, 0x0, 0x0, 0x0, 0x3f,
    0xff, 0xd0, 0xd, 0xff, 0xf4, 0x0, 0x0, 0x0,
    0x0, 0x8f, 0xff, 0x90, 0x7, 0xff, 0xfc, 0x0,
    0x0, 0x0, 0x1, 0xff, 0xff, 0x30, 0x1, 0xef,
    0xff, 0xa0, 0x0, 0x0, 0x1d, 0xff, 0xfb, 0x0,
    0x0, 0x5f, 0xff, 0xfd, 0x75, 0x58, 0xff, 0xff,
    0xf1, 0x0, 0x0, 0x7, 0xff, 0xff, 0xff, 0xff,
    0xff, 0xff, 0x40, 0x0, 0x0, 0x0, 0x5e, 0xff,
    0xff, 0xff, 0xff, 0xd2, 0x0, 0x0, 0x0, 0x0,
    0x0, 0x6b, 0xef, 0xfd, 0xa5, 0x0, 0x0, 0x0,

    /* U+00F3 "ó" */
    0x0, 0x0, 0x0, 0x0, 0x0, 0x7f, 0xff, 0x60,
    0x0, 0x0, 0x0, 0x0, 0x0, 0x0, 0x0, 0xef,
    0xfb, 0x0, 0x0, 0x0, 0x0, 0x0, 0x0, 0x0,
    0x6, 0xff, 0xf2, 0x0, 0x0, 0x0, 0x0, 0x0,
    0x0, 0x0, 0xd, 0xff, 0x60, 0x0, 0x0, 0x0,
    0x0, 0x0, 0x0, 0x0, 0x5f, 0xfc, 0x0, 0x0,
    0x0, 0x0, 0x0, 0x0, 0x0, 0x0, 0x24, 0x41,
    0x0, 0x0, 0x0, 0x0, 0x0, 0x0, 0x0, 0x0,
    0x0, 0x0, 0x0, 0x0, 0x0, 0x0, 0x0, 0x0,
    0x0, 0x0, 0x0, 0x0, 0x0, 0x0, 0x0, 0x0,
    0x0, 0x0, 0x0, 0x6b, 0xef, 0xfd, 0xa5, 0x0,
    0x0, 0x0, 0x0, 0x0, 0x6e, 0xff, 0xff, 0xff,
    0xff, 0xd3, 0x0, 0x0, 0x0, 0x8, 0xff, 0xff,
    0xff, 0xff, 0xff, 0xff, 0x40, 0x0, 0x0, 0x6f,
    0xff, 0xfe, 0x75, 0x68, 0xff, 0xff, 0xf2, 0x0,
    0x1, 0xff, 0xff, 0xa0, 0x0, 0x0, 0x1d, 0xff,
    0xfc, 0x0, 0x7, 0xff, 0xfc, 0x0, 0x0, 0x0,
    0x1, 0xff, 0xff, 0x30, 0xd, 0xff, 0xf4, 0x0,
    0x0, 0x0, 0x0, 0x8f, 0xff, 0x90, 0x1f, 0xff,
    0xf0, 0x0, 0x0, 0x0, 0x0, 0x3f, 0xff, 0xd0,
    0x3f, 0xff, 0xc0, 0x0, 0x0, 0x0, 0x0, 0xf,
    0xff, 0xf0, 0x4f, 0xff, 0xa0, 0x0, 0x0, 0x0,
    0x0, 0xe, 0xff, 0xf0, 0x4f, 0xff, 0xa0, 0x0,
    0x0, 0x0, 0x0, 0xe, 0xff, 0xf0, 0x3f, 0xff,
    0xb0, 0x0, 0x0, 0x0, 0x0, 0xf, 0xff, 0xf0,
    0x1f, 0xff, 0xf0, 0x0, 0x0, 0x0, 0x0, 0x3f,
    0xff, 0xd0, 0xd, 0xff, 0xf4, 0x0, 0x0, 0x0,
    0x0, 0x8f, 0xff, 0x90, 0x7, 0xff, 0xfc, 0x0,
    0x0, 0x0, 0x1, 0xff, 0xff, 0x30, 0x1, 0xef,
    0xff, 0xa0, 0x0, 0x0, 0x1d, 0xff, 0xfb, 0x0,
    0x0, 0x5f, 0xff, 0xfd, 0x75, 0x58, 0xff, 0xff,
    0xf1, 0x0, 0x0, 0x7, 0xff, 0xff, 0xff, 0xff,
    0xff, 0xff, 0x40, 0x0, 0x0, 0x0, 0x5e, 0xff,
    0xff, 0xff, 0xff, 0xd2, 0x0, 0x0, 0x0, 0x0,
    0x0, 0x6b, 0xef, 0xfd, 0xa5, 0x0, 0x0, 0x0,

    /* U+00F4 "ô" */
    0x0, 0x0, 0x0, 0x4, 0xff, 0xfe, 0x10, 0x0,
    0x0, 0x0, 0x0, 0x0, 0x0, 0x3f, 0xff, 0xff,
    0xd0, 0x0, 0x0, 0x0, 0x0, 0x0, 0x2, 0xff,
    0xf6, 0xaf, 0xfb, 0x0, 0x0, 0x0, 0x0, 0x0,
    0x2e, 0xff, 0x90, 0xd, 0xff, 0xa0, 0x0, 0x0,
    0x0, 0x1, 0xdf, 0xfb, 0x0, 0x2, 0xef, 0xf8,
    0x0, 0x0, 0x0, 0x0, 0x0, 0x0, 0x0, 0x0,
    0x0, 0x0, 0x0, 0x0, 0x0, 0x0, 0x0, 0x0,
    0x0, 0x0, 0x0, 0x0, 0x0, 0x0, 0x0, 0x0,
    0x0, 0x0, 0x0, 0x0, 0x0, 0x0, 0x0, 0x0,
    0x0, 0x0, 0x0, 0x6b, 0xef, 0xfd, 0xa5, 0x0,
    0x0, 0x0, 0x0, 0x0, 0x6e, 0xff, 0xff, 0xff,
    0xff, 0xd3, 0x0, 0x0, 0x0, 0x8, 0xff, 0xff,
    0xff, 0xff, 0xff, 0xff, 0x40, 0x0, 0x0, 0x6f,
    0xff, 0xfe, 0x75, 0x68, 0xff, 0xff, 0xf2, 0x0,
    0x1, 0xff, 0xff, 0xa0, 0x0, 0x0, 0x1d, 0xff,
    0xfc, 0x0, 0x7, 0xff, 0xfc, 0x0, 0x0, 0x0,
    0x1, 0xff, 0xff, 0x30, 0xd, 0xff, 0xf4, 0x0,
    0x0, 0x0, 0x0, 0x8f, 0xff, 0x90, 0x1f, 0xff,
    0xf0, 0x0, 0x0, 0x0, 0x0, 0x3f, 0xff, 0xd0,
    0x3f, 0xff, 0xc0, 0x0, 0x0, 0x0, 0x0, 0xf,
    0xff, 0xf0, 0x4f, 0xff, 0xa0, 0x0, 0x0, 0x0,
    0x0, 0xe, 0xff, 0xf0, 0x4f, 0xff, 0xa0, 0x0,
    0x0, 0x0, 0x0, 0xe, 0xff, 0xf0, 0x3f, 0xff,
    0xb0, 0x0, 0x0, 0x0, 0x0, 0xf, 0xff, 0xf0,
    0x1f, 0xff, 0xf0, 0x0, 0x0, 0x0, 0x0, 0x3f,
    0xff, 0xd0, 0xd, 0xff, 0xf4, 0x0, 0x0, 0x0,
    0x0, 0x8f, 0xff, 0x90, 0x7, 0xff, 0xfc, 0x0,
    0x0, 0x0, 0x1, 0xff, 0xff, 0x30, 0x1, 0xef,
    0xff, 0xa0, 0x0, 0x0, 0x1d, 0xff, 0xfb, 0x0,
    0x0, 0x5f, 0xff, 0xfd, 0x75, 0x58, 0xff, 0xff,
    0xf1, 0x0, 0x0, 0x7, 0xff, 0xff, 0xff, 0xff,
    0xff, 0xff, 0x40, 0x0, 0x0, 0x0, 0x5e, 0xff,
    0xff, 0xff, 0xff, 0xd2, 0x0, 0x0, 0x0, 0x0,
    0x0, 0x6b, 0xef, 0xfd, 0xa5, 0x0, 0x0, 0x0,

    /* U+00F5 "õ" */
    0x0, 0x0, 0x6, 0xdf, 0xff, 0xff, 0xff, 0xf3,
    0x0, 0x0, 0x0, 0x0, 0x4f, 0xff, 0xff, 0xff,
    0xff, 0xa0, 0x0, 0x0, 0x0, 0x0, 0x37, 0x78,
    0x88, 0x77, 0x63, 0x0, 0x0, 0x0, 0x0, 0x0,
    0x0, 0x0, 0x0, 0x0, 0x0, 0x0, 0x0, 0x0,
    0x0, 0x0, 0x0, 0x0, 0x0, 0x0, 0x0, 0x0,
    0x0, 0x0, 0x0, 0x0, 0x0, 0x0, 0x0, 0x0,
    0x0, 0x0, 0x0, 0x0, 0x0, 0x0, 0x0, 0x6b,
    0xef, 0xfd, 0xa5, 0x0, 0x0, 0x0, 0x0, 0x0,
    0x6e, 0xff, 0xff, 0xff, 0xff, 0xd3, 0x0, 0x0,
    0x0, 0x8, 0xff, 0xff, 0xff, 0xff, 0xff, 0xff,
    0x40, 0x0, 0x0, 0x6f, 0xff, 0xfe, 0x75, 0x68,
    0xff, 0xff, 0xf2, 0x0, 0x1, 0xff, 0xff, 0xa0,
    0x0, 0x0, 0x1d, 0xff, 0xfc, 0x0, 0x7, 0xff,
    0xfc, 0x0, 0x0, 0x0, 0x1, 0xff, 0xff, 0x30,
    0xd, 0xff, 0xf4, 0x0, 0x0, 0x0, 0x0, 0x8f,
    0xff, 0x90, 0x1f, 0xff, 0xf0, 0x0, 0x0, 0x0,
    0x0, 0x3f, 0xff, 0xd0, 0x3f, 0xff, 0xc0, 0x0,
    0x0, 0x0, 0x0, 0xf, 0xff, 0xf0, 0x4f, 0xff,
    0xa0, 0x0, 0x0, 0x0, 0x0, 0xe, 0xff, 0xf0,
    0x4f, 0xff, 0xa0, 0x0, 0x0, 0x0, 0x0, 0xe,
    0xff, 0xf0, 0x3f, 0xff, 0xb0, 0x0, 0x0, 0x0,
    0x0, 0xf, 0xff, 0xf0, 0x1f, 0xff, 0xf0, 0x0,
    0x0, 0x0, 0x0, 0x3f, 0xff, 0xd0, 0xd, 0xff,
    0xf4, 0x0, 0x0, 0x0, 0x0, 0x8f, 0xff, 0x90,
    0x7, 0xff, 0xfc, 0x0, 0x0, 0x0, 0x1, 0xff,
    0xff, 0x30, 0x1, 0xef, 0xff, 0xa0, 0x0, 0x0,
    0x1d, 0xff, 0xfb, 0x0, 0x0, 0x5f, 0xff, 0xfd,
    0x75, 0x58, 0xff, 0xff, 0xf1, 0x0, 0x0, 0x7,
    0xff, 0xff, 0xff, 0xff, 0xff, 0xff, 0x40, 0x0,
    0x0, 0x0, 0x5e, 0xff, 0xff, 0xff, 0xff, 0xd2,
    0x0, 0x0, 0x0, 0x0, 0x0, 0x6b, 0xef, 0xfd,
    0xa5, 0x0, 0x0, 0x0,

    /* U+00F6 "ö" */
    0x0, 0x0, 0x5, 0x61, 0x0, 0x0, 0x27, 0x40,
    0x0, 0x0, 0x0, 0x0, 0xbf, 0xfd, 0x0, 0x3,
    0xff, 0xf7, 0x0, 0x0, 0x0, 0x1, 0xff, 0xff,
    0x40, 0x9, 0xff, 0xfd, 0x0, 0x0, 0x0, 0x0,
    0xff, 0xff, 0x20, 0x7, 0xff, 0xfb, 0x0, 0x0,
    0x0, 0x0, 0x4d, 0xe6, 0x0, 0x0, 0xaf, 0xc1,
    0x0, 0x0, 0x0, 0x0, 0x0, 0x0, 0x0, 0x0,
    0x0, 0x0, 0x0, 0x0, 0x0, 0x0, 0x0, 0x0,
    0x0, 0x0, 0x0, 0x0, 0x0, 0x0, 0x0, 0x0,
    0x0, 0x0, 0x0, 0x0, 0x0, 0x0, 0x0, 0x0,
    0x0, 0x0, 0x0, 0x6b, 0xef, 0xfd, 0xa5, 0x0,
    0x0, 0x0, 0x0, 0x0, 0x6e, 0xff, 0xff, 0xff,
    0xff, 0xd3, 0x0, 0x0, 0x0, 0x8, 0xff, 0xff,
    0xff, 0xff, 0xff, 0xff, 0x40, 0x0, 0x0, 0x6f,
    0xff, 0xfe, 0x75, 0x68, 0xff, 0xff, 0xf2, 0x0,
    0x1, 0xff, 0xff, 0xa0, 0x0, 0x0, 0x1d, 0xff,
    0xfc, 0x0, 0x7, 0xff, 0xfc, 0x0, 0x0, 0x0,
    0x1, 0xff, 0xff, 0x30, 0xd, 0xff, 0xf4, 0x0,
    0x0, 0x0, 0x0, 0x8f, 0xff, 0x90, 0x1f, 0xff,
    0xf0, 0x0, 0x0, 0x0, 0x0, 0x3f, 0xff, 0xd0,
    0x3f, 0xff, 0xc0, 0x0, 0x0, 0x0, 0x0, 0xf,
    0xff, 0xf0, 0x4f, 0xff, 0xa0, 0x0, 0x0, 0x0,
    0x0, 0xe, 0xff, 0xf0, 0x4f, 0xff, 0xa0, 0x0,
    0x0, 0x0, 0x0, 0xe, 0xff, 0xf0, 0x3f, 0xff,
    0xb0, 0x0, 0x0, 0x0, 0x0, 0xf, 0xff, 0xf0,
    0x1f, 0xff, 0xf0, 0x0, 0x0, 0x0, 0x0, 0x3f,
    0xff, 0xd0, 0xd, 0xff, 0xf4, 0x0, 0x0, 0x0,
    0x0, 0x8f, 0xff, 0x90, 0x7, 0xff, 0xfc, 0x0,
    0x0, 0x0, 0x1, 0xff, 0xff, 0x30, 0x1, 0xef,
    0xff, 0xa0, 0x0, 0x0, 0x1d, 0xff, 0xfb, 0x0,
    0x0, 0x5f, 0xff, 0xfd, 0x75, 0x58, 0xff, 0xff,
    0xf1, 0x0, 0x0, 0x7, 0xff, 0xff, 0xff, 0xff,
    0xff, 0xff, 0x40, 0x0, 0x0, 0x0, 0x5e, 0xff,
    0xff, 0xff, 0xff, 0xd2, 0x0, 0x0, 0x0, 0x0,
    0x0, 0x6b, 0xef, 0xfd, 0xa5, 0x0, 0x0, 0x0,

    /* U+00F7 "÷" */
    0x0, 0x0, 0x0, 0x7, 0xee, 0x70, 0x0, 0x0,
    0x0, 0x0, 0x0, 0x0, 0x4f, 0xff, 0xf4, 0x0,
    0x0, 0x0, 0x0, 0x0, 0x0, 0x8f, 0xff, 0xf8,
    0x0, 0x0, 0x0, 0x0, 0x0, 0x0, 0x5f, 0xff,
    0xf5, 0x0, 0x0, 0x0, 0x0, 0x0, 0x0, 0x9,
    0xff, 0x90, 0x0, 0x0, 0x0, 0x0, 0x0, 0x0,
    0x0, 0x0, 0x0, 0x0, 0x0, 0x0, 0x0, 0x0,
    0x0, 0x0, 0x0, 0x0, 0x0, 0x0, 0x0, 0x26,
    0x66, 0x66, 0x66, 0x66, 0x66, 0x66, 0x66, 0x63,
    0x7f, 0xff, 0xff, 0xff, 0xff, 0xff, 0xff, 0xff,
    0xf7, 0x7f, 0xff, 0xff, 0xff, 0xff, 0xff, 0xff,
    0xff, 0xf7, 0x7f, 0xff, 0xff, 0xff, 0xff, 0xff,
    0xff, 0xff, 0xf7, 0x0, 0x0, 0x0, 0x0, 0x0,
    0x0, 0x0, 0x0, 0x0, 0x0, 0x0, 0x0, 0x0,
    0x0, 0x0, 0x0, 0x0, 0x0, 0x0, 0x0, 0x0,
    0x0, 0x0, 0x0, 0x0, 0x0, 0x0, 0x0, 0x0,
    0x0, 0x9, 0xff, 0x90, 0x0, 0x0, 0x0, 0x0,
    0x0, 0x0, 0x5f, 0xff, 0xf5, 0x0, 0x0, 0x0,
    0x0, 0x0, 0x0, 0x8f, 0xff, 0xf8, 0x0, 0x0,
    0x0, 0x0, 0x0, 0x0, 0x4f, 0xff, 0xf4, 0x0,
    0x0, 0x0, 0x0, 0x0, 0x0, 0x7, 0xee, 0x70,
    0x0, 0x0, 0x0,

    /* U+00F8 "ø" */
    0x0, 0x0, 0x0, 0x0, 0x0, 0x0, 0x0, 0x0,
    0x5, 0x0, 0x0, 0x0, 0x0, 0x6b, 0xef, 0xfd,
    0xa5, 0x0, 0x7f, 0xa0, 0x0, 0x0, 0x6e, 0xff,
    0xff, 0xff, 0xff, 0xd8, 0xff, 0xd0, 0x0, 0x8,
    0xff, 0xff, 0xff, 0xff, 0xff, 0xff, 0xfe, 0x10,
    0x0, 0x6f, 0xff, 0xfe, 0x75, 0x68, 0xff, 0xff,
    0xf5, 0x0, 0x1, 0xff, 0xff, 0xa0, 0x0, 0x0,
    0x2f, 0xff, 0xfc, 0x0, 0x7, 0xff, 0xfc, 0x0,
    0x0, 0x0, 0xcf, 0xff, 0xff, 0x30, 0xd, 0xff,
    0xf4, 0x0, 0x0, 0xa, 0xff, 0xff, 0xff, 0x90,
    0x1f, 0xff, 0xf0, 0x0, 0x0, 0x8f, 0xfb, 0x3f,
    0xff, 0xd0, 0x3f, 0xff, 0xc0, 0x0, 0x5, 0xff,
    0xd0, 0xf, 0xff, 0xf0, 0x4f, 0xff, 0xa0, 0x0,
    0x3f, 0xfe, 0x10, 0xe, 0xff, 0xf0, 0x4f, 0xff,
    0xa0, 0x2, 0xef, 0xf3, 0x0, 0xe, 0xff, 0xf0,
    0x3f, 0xff, 0xb0, 0x1d, 0xff, 0x40, 0x0, 0xf,
    0xff, 0xf0, 0x1f, 0xff, 0xf0, 0xcf, 0xf6, 0x0,
    0x0, 0x3f, 0xff, 0xd0, 0xd, 0xff, 0xfe, 0xff,
    0x90, 0x0, 0x0, 0x8f, 0xff, 0x90, 0x7, 0xff,
    0xff, 0xfb, 0x0, 0x0, 0x1, 0xff, 0xff, 0x30,
    0x1, 0xef, 0xff, 0xf1, 0x0, 0x0, 0x1d, 0xff,
    0xfb, 0x0, 0x0, 0x9f, 0xff, 0xfd, 0x75, 0x58,
    0xff, 0xff, 0xf1, 0x0, 0x2, 0xef, 0xff, 0xff,
    0xff, 0xff, 0xff, 0xff, 0x40, 0x0, 0x1d, 0xff,
    0x9e, 0xff, 0xff, 0xff, 0xff, 0xd2, 0x0, 0x0,
    0x3e, 0xf6, 0x0, 0x6b, 0xef, 0xfd, 0xa5, 0x0,
    0x0, 0x0, 0x2, 0x70, 0x0, 0x0, 0x0, 0x0,
    0x0, 0x0, 0x0, 0x0,

    /* U+00F9 "ù" */
    0x0, 0x0, 0xbf, 0xff, 0x20, 0x0, 0x0, 0x0,
    0x0, 0x0, 0x0, 0x2f, 0xff, 0x90, 0x0, 0x0,
    0x0, 0x0, 0x0, 0x0, 0x7, 0xff, 0xf1, 0x0,
    0x0, 0x0, 0x0, 0x0, 0x0, 0x0, 0xcf, 0xf8,
    0x0, 0x0, 0x0, 0x0, 0x0, 0x0, 0x0, 0x2f,
    0xff, 0x0, 0x0, 0x0, 0x0, 0x0, 0x0, 0x0,
    0x3, 0x44, 0x10, 0x0, 0x0, 0x0, 0x0, 0x0,
    0x0, 0x0, 0x0, 0x0, 0x0, 0x0, 0x0, 0x0,
    0x0, 0x0, 0x0, 0x0, 0x0, 0x0, 0x0, 0x0,
    0x6f, 0xff, 0x70, 0x0, 0x0, 0x0, 0xd, 0xff,
    0xf1, 0x6f, 0xff, 0x70, 0x0, 0x0, 0x0, 0xd,
    0xff, 0xf1, 0x6f, 0xff, 0x70, 0x0, 0x0, 0x0,
    0xd, 0xff, 0xf1, 0x6f, 0xff, 0x70, 0x0, 0x0,
    0x0, 0xd, 0xff, 0xf1, 0x6f, 0xff, 0x70, 0x0,
    0x0, 0x0, 0xd, 0xff, 0xf1, 0x6f, 0xff, 0x70,
    0x0, 0x0, 0x0, 0xd, 0xff, 0xf1, 0x6f, 0xff,
    0x70, 0x0, 0x0, 0x0, 0xd, 0xff, 0xf1, 0x6f,
    0xff, 0x70, 0x0, 0x0, 0x0, 0xd, 0xff, 0xf1,
    0x6f, 0xff, 0x70, 0x0, 0x0, 0x0, 0xd, 0xff,
    0xf1, 0x6f, 0xff, 0x70, 0x0, 0x0, 0x0, 0xd,
    0xff, 0xf1, 0x6f, 0xff, 0x70, 0x0, 0x0, 0x0,
    0xd, 0xff, 0xf1, 0x6f, 0xff, 0x70, 0x0, 0x0,
    0x0, 0xd, 0xff, 0xf1, 0x6f, 0xff, 0x70, 0x0,
    0x0, 0x0, 0xe, 0xff, 0xf1, 0x5f, 0xff, 0xa0,
    0x0, 0x0, 0x0, 0x1f, 0xff, 0xf1, 0x3f, 0xff,
    0xe0, 0x0, 0x0, 0x0, 0x8f, 0xff, 0xf1, 0xf,
    0xff, 0xfb, 0x0, 0x0, 0x5, 0xff, 0xff, 0xf1,
    0x9, 0xff, 0xff, 0xe8, 0x67, 0xcf, 0xfb, 0xff,
    0xf1, 0x1, 0xef, 0xff, 0xff, 0xff, 0xff, 0x7a,
    0xff, 0xf1, 0x0, 0x3e, 0xff, 0xff, 0xff, 0xf8,
    0xa, 0xff, 0xf1, 0x0, 0x0, 0x7c, 0xef, 0xda,
    0x30, 0xa, 0xff, 0xf1,

    /* U+00FA "ú" */
    0x0, 0x0, 0x0, 0x0, 0x8, 0xff, 0xf6, 0x0,
    0x0, 0x0, 0x0, 0x0, 0x0, 0xe, 0xff, 0xb0,
    0x0, 0x0, 0x0, 0x0, 0x0, 0x0, 0x7f, 0xff,
    0x10, 0x0, 0x0, 0x0, 0x0, 0x0, 0x0, 0xef,
    0xf6, 0x0, 0x0, 0x0, 0x0, 0x0, 0x0, 0x5,
    0xff, 0xb0, 0x0, 0x0, 0x0, 0x0, 0x0, 0x0,
    0x3, 0x44, 0x10, 0x0, 0x0, 0x0, 0x0, 0x0,
    0x0, 0x0, 0x0, 0x0, 0x0, 0x0, 0x0, 0x0,
    0x0, 0x0, 0x0, 0x0, 0x0, 0x0, 0x0, 0x0,
    0x6f, 0xff, 0x70, 0x0, 0x0, 0x0, 0xd, 0xff,
    0xf1, 0x6f, 0xff, 0x70, 0x0, 0x0, 0x0, 0xd,
    0xff, 0xf1, 0x6f, 0xff, 0x70, 0x0, 0x0, 0x0,
    0xd, 0xff, 0xf1, 0x6f, 0xff, 0x70, 0x0, 0x0,
    0x0, 0xd, 0xff, 0xf1, 0x6f, 0xff, 0x70, 0x0,
    0x0, 0x0, 0xd, 0xff, 0xf1, 0x6f, 0xff, 0x70,
    0x0, 0x0, 0x0, 0xd, 0xff, 0xf1, 0x6f, 0xff,
    0x70, 0x0, 0x0, 0x0, 0xd, 0xff, 0xf1, 0x6f,
    0xff, 0x70, 0x0, 0x0, 0x0, 0xd, 0xff, 0xf1,
    0x6f, 0xff, 0x70, 0x0, 0x0, 0x0, 0xd, 0xff,
    0xf1, 0x6f, 0xff, 0x70, 0x0, 0x0, 0x0, 0xd,
    0xff, 0xf1, 0x6f, 0xff, 0x70, 0x0, 0x0, 0x0,
    0xd, 0xff, 0xf1, 0x6f, 0xff, 0x70, 0x0, 0x0,
    0x0, 0xd, 0xff, 0xf1, 0x6f, 0xff, 0x70, 0x0,
    0x0, 0x0, 0xe, 0xff, 0xf1, 0x5f, 0xff, 0xa0,
    0x0, 0x0, 0x0, 0x1f, 0xff, 0xf1, 0x3f, 0xff,
    0xe0, 0x0, 0x0, 0x0, 0x8f, 0xff, 0xf1, 0xf,
    0xff, 0xfb, 0x0, 0x0, 0x5, 0xff, 0xff, 0xf1,
    0x9, 0xff, 0xff, 0xe8, 0x67, 0xcf, 0xfb, 0xff,
    0xf1, 0x1, 0xef, 0xff, 0xff, 0xff, 0xff, 0x7a,
    0xff, 0xf1, 0x0, 0x3e, 0xff, 0xff, 0xff, 0xf8,
    0xa, 0xff, 0xf1, 0x0, 0x0, 0x7c, 0xef, 0xda,
    0x30, 0xa, 0xff, 0xf1,

    /* U+00FB "û" */
    0x0, 0x0, 0x0, 0x5f, 0xff, 0xd1, 0x0, 0x0,
    0x0, 0x0, 0x0, 0x4, 0xff, 0xff, 0xfc, 0x0,
    0x0, 0x0, 0x0, 0x0, 0x3f, 0xff, 0x6b, 0xff,
    0xb0, 0x0, 0x0, 0x0, 0x2, 0xef, 0xf8, 0x0,
    0xdf, 0xf9, 0x0, 0x0, 0x0, 0x1e, 0xff, 0xb0,
    0x0, 0x2e, 0xff, 0x80, 0x0, 0x0, 0x0, 0x0,
    0x0, 0x0, 0x0, 0x0, 0x0, 0x0, 0x0, 0x0,
    0x0, 0x0, 0x0, 0x0, 0x0, 0x0, 0x0, 0x0,
    0x0, 0x0, 0x0, 0x0, 0x0, 0x0, 0x0, 0x0,
    0x6f, 0xff, 0x70, 0x0, 0x0, 0x0, 0xd, 0xff,
    0xf1, 0x6f, 0xff, 0x70, 0x0, 0x0, 0x0, 0xd,
    0xff, 0xf1, 0x6f, 0xff, 0x70, 0x0, 0x0, 0x0,
    0xd, 0xff, 0xf1, 0x6f, 0xff, 0x70, 0x0, 0x0,
    0x0, 0xd, 0xff, 0xf1, 0x6f, 0xff, 0x70, 0x0,
    0x0, 0x0, 0xd, 0xff, 0xf1, 0x6f, 0xff, 0x70,
    0x0, 0x0, 0x0, 0xd, 0xff, 0xf1, 0x6f, 0xff,
    0x70, 0x0, 0x0, 0x0, 0xd, 0xff, 0xf1, 0x6f,
    0xff, 0x70, 0x0, 0x0, 0x0, 0xd, 0xff, 0xf1,
    0x6f, 0xff, 0x70, 0x0, 0x0, 0x0, 0xd, 0xff,
    0xf1, 0x6f, 0xff, 0x70, 0x0, 0x0, 0x0, 0xd,
    0xff, 0xf1, 0x6f, 0xff, 0x70, 0x0, 0x0, 0x0,
    0xd, 0xff, 0xf1, 0x6f, 0xff, 0x70, 0x0, 0x0,
    0x0, 0xd, 0xff, 0xf1, 0x6f, 0xff, 0x70, 0x0,
    0x0, 0x0, 0xe, 0xff, 0xf1, 0x5f, 0xff, 0xa0,
    0x0, 0x0, 0x0, 0x1f, 0xff, 0xf1, 0x3f, 0xff,
    0xe0, 0x0, 0x0, 0x0, 0x8f, 0xff, 0xf1, 0xf,
    0xff, 0xfb, 0x0, 0x0, 0x5, 0xff, 0xff, 0xf1,
    0x9, 0xff, 0xff, 0xe8, 0x67, 0xcf, 0xfb, 0xff,
    0xf1, 0x1, 0xef, 0xff, 0xff, 0xff, 0xff, 0x7a,
    0xff, 0xf1, 0x0, 0x3e, 0xff, 0xff, 0xff, 0xf8,
    0xa, 0xff, 0xf1, 0x0, 0x0, 0x7c, 0xef, 0xda,
    0x30, 0xa, 0xff, 0xf1,

    /* U+00FC "ü" */
    0x0, 0x0, 0x66, 0x0, 0x0, 0x2, 0x74, 0x0,
    0x0, 0x0, 0xc, 0xff, 0xd0, 0x0, 0x4f, 0xff,
    0x60, 0x0, 0x0, 0x2f, 0xff, 0xf4, 0x0, 0x9f,
    0xff, 0xc0, 0x0, 0x0, 0xf, 0xff, 0xf2, 0x0,
    0x7f, 0xff, 0xa0, 0x0, 0x0, 0x5, 0xee, 0x60,
    0x0, 0xa, 0xfb, 0x10, 0x0, 0x0, 0x0, 0x0,
    0x0, 0x0, 0x0, 0x0, 0x0, 0x0, 0x0, 0x0,
    0x0, 0x0, 0x0, 0x0, 0x0, 0x0, 0x0, 0x0,
    0x0, 0x0, 0x0, 0x0, 0x0, 0x0, 0x0, 0x0,
    0x6f, 0xff, 0x70, 0x0, 0x0, 0x0, 0xd, 0xff,
    0xf1, 0x6f, 0xff, 0x70, 0x0, 0x0, 0x0, 0xd,
    0xff, 0xf1, 0x6f, 0xff, 0x70, 0x0, 0x0, 0x0,
    0xd, 0xff, 0xf1, 0x6f, 0xff, 0x70, 0x0, 0x0,
    0x0, 0xd, 0xff, 0xf1, 0x6f, 0xff, 0x70, 0x0,
    0x0, 0x0, 0xd, 0xff, 0xf1, 0x6f, 0xff, 0x70,
    0x0, 0x0, 0x0, 0xd, 0xff, 0xf1, 0x6f, 0xff,
    0x70, 0x0, 0x0, 0x0, 0xd, 0xff, 0xf1, 0x6f,
    0xff, 0x70, 0x0, 0x0, 0x0, 0xd, 0xff, 0xf1,
    0x6f, 0xff, 0x70, 0x0, 0x0, 0x0, 0xd, 0xff,
    0xf1, 0x6f, 0xff, 0x70, 0x0, 0x0, 0x0, 0xd,
    0xff, 0xf1, 0x6f, 0xff, 0x70, 0x0, 0x0, 0x0,
    0xd, 0xff, 0xf1, 0x6f, 0xff, 0x70, 0x0, 0x0,
    0x0, 0xd, 0xff, 0xf1, 0x6f, 0xff, 0x70, 0x0,
    0x0, 0x0, 0xe, 0xff, 0xf1, 0x5f, 0xff, 0xa0,
    0x0, 0x0, 0x0, 0x1f, 0xff, 0xf1, 0x3f, 0xff,
    0xe0, 0x0, 0x0, 0x0, 0x8f, 0xff, 0xf1, 0xf,
    0xff, 0xfb, 0x0, 0x0, 0x5, 0xff, 0xff, 0xf1,
    0x9, 0xff, 0xff, 0xe8, 0x67, 0xcf, 0xfb, 0xff,
    0xf1, 0x1, 0xef, 0xff, 0xff, 0xff, 0xff, 0x7a,
    0xff, 0xf1, 0x0, 0x3e, 0xff, 0xff, 0xff, 0xf8,
    0xa, 0xff, 0xf1, 0x0, 0x0, 0x7c, 0xef, 0xda,
    0x30, 0xa, 0xff, 0xf1,

    /* U+00FD "ý" */
    0x0, 0x0, 0x0, 0x0, 0x0, 0xe, 0xff, 0xe0,
    0x0, 0x0, 0x0, 0x0, 0x0, 0x0, 0x0, 0x6f,
    0xff, 0x40, 0x0, 0x0, 0x0, 0x0, 0x0, 0x0,
    0x0, 0xef, 0xf9, 0x0, 0x0, 0x0, 0x0, 0x0,
    0x0, 0x0, 0x5, 0xff, 0xe0, 0x0, 0x0, 0x0,
    0x0, 0x0, 0x0, 0x0, 0xd, 0xff, 0x40, 0x0,
    0x0, 0x0, 0x0, 0x0, 0x0, 0x0, 0x4, 0x43,
    0x0, 0x0, 0x0, 0x0, 0x0, 0x0, 0x0, 0x0,
    0x0, 0x0, 0x0, 0x0, 0x0, 0x0, 0x0, 0x0,
    0x0, 0x0, 0x0, 0x0, 0x0, 0x0, 0x0, 0x0,
    0xf, 0xff, 0xf2, 0x0, 0x0, 0x0, 0x0, 0x6,
    0xff, 0xfb, 0x9, 0xff, 0xf8, 0x0, 0x0, 0x0,
    0x0, 0xc, 0xff, 0xf5, 0x3, 0xff, 0xfd, 0x0,
    0x0, 0x0, 0x0, 0x2f, 0xff, 0xe0, 0x0, 0xdf,
    0xff, 0x30, 0x0, 0x0, 0x0, 0x7f, 0xff, 0x80,
    0x0, 0x7f, 0xff, 0x90, 0x0, 0x0, 0x0, 0xdf,
    0xff, 0x20, 0x0, 0x1f, 0xff, 0xe0, 0x0, 0x0,
    0x3, 0xff, 0xfc, 0x0, 0x0, 0xb, 0xff, 0xf4,
    0x0, 0x0, 0x9, 0xff, 0xf6, 0x0, 0x0, 0x5,
    0xff, 0xf9, 0x0, 0x0, 0xe, 0xff, 0xf0, 0x0,
    0x0, 0x0, 0xef, 0xff, 0x0, 0x0, 0x4f, 0xff,
    0xa0, 0x0, 0x0, 0x0, 0x9f, 0xff, 0x50, 0x0,
    0xaf, 0xff, 0x40, 0x0, 0x0, 0x0, 0x3f, 0xff,
    0xa0, 0x0, 0xff, 0xfd, 0x0, 0x0, 0x0, 0x0,
    0xd, 0xff, 0xf0, 0x5, 0xff, 0xf7, 0x0, 0x0,
    0x0, 0x0, 0x6, 0xff, 0xf4, 0xa, 0xff, 0xf1,
    0x0, 0x0, 0x0, 0x0, 0x1, 0xff, 0xf9, 0xf,
    0xff, 0xb0, 0x0, 0x0, 0x0, 0x0, 0x0, 0xaf,
    0xfd, 0x4f, 0xff, 0x50, 0x0, 0x0, 0x0, 0x0,
    0x0, 0x4f, 0xff, 0xaf, 0xfe, 0x0, 0x0, 0x0,
    0x0, 0x0, 0x0, 0xe, 0xff, 0xff, 0xf9, 0x0,
    0x0, 0x0, 0x0, 0x0, 0x0, 0x8, 0xff, 0xff,
    0xf2, 0x0, 0x0, 0x0, 0x0, 0x0, 0x0, 0x2,
    0xff, 0xff, 0xc0, 0x0, 0x0, 0x0, 0x0, 0x0,
    0x0, 0x0, 0xdf, 0xff, 0x60, 0x0, 0x0, 0x0,
    0x0, 0x0, 0x0, 0x0, 0xff, 0xff, 0x10, 0x0,
    0x0, 0x0, 0x0, 0x0, 0x0, 0x4, 0xff, 0xfa,
    0x0, 0x0, 0x0, 0x0, 0x0, 0x0, 0x0, 0xc,
    0xff, 0xf3, 0x0, 0x0, 0x0, 0x0, 0x0, 0x6,
    0x55, 0xbf, 0xff, 0xc0, 0x0, 0x0, 0x0, 0x0,
    0x0, 0xf, 0xff, 0xff, 0xff, 0x20, 0x0, 0x0,
    0x0, 0x0, 0x0, 0x5f, 0xff, 0xff, 0xf4, 0x0,
    0x0, 0x0, 0x0, 0x0, 0x0, 0x6d, 0xff, 0xd9,
    0x20, 0x0, 0x0, 0x0, 0x0, 0x0,

    /* U+00FE "þ" */
    0x6f, 0xff, 0x70, 0x0, 0x0, 0x0, 0x0, 0x0,
    0x0, 0x6, 0xff, 0xf7, 0x0, 0x0, 0x0, 0x0,
    0x0, 0x0, 0x0, 0x6f, 0xff, 0x70, 0x0, 0x0,
    0x0, 0x0, 0x0, 0x0, 0x6, 0xff, 0xf7, 0x0,
    0x0, 0x0, 0x0, 0x0, 0x0, 0x0, 0x6f, 0xff,
    0x70, 0x0, 0x0, 0x0, 0x0, 0x0, 0x0, 0x6,
    0xff, 0xf7, 0x0, 0x0, 0x0, 0x0, 0x0, 0x0,
    0x0, 0x6f, 0xff, 0x70, 0x6, 0xce, 0xfe, 0xb5,
    0x0, 0x0, 0x6, 0xff, 0xf7, 0xc, 0xff, 0xff,
    0xff, 0xfd, 0x20, 0x0, 0x6f, 0xff, 0x7b, 0xff,
    0xff, 0xff, 0xff, 0xfe, 0x20, 0x6, 0xff, 0xfd,
    0xff, 0xb6, 0x57, 0xbf, 0xff, 0xfd, 0x0, 0x6f,
    0xff, 0xff, 0x50, 0x0, 0x0, 0x6f, 0xff, 0xf6,
    0x6, 0xff, 0xff, 0x70, 0x0, 0x0, 0x0, 0x8f,
    0xff, 0xd0, 0x6f, 0xff, 0xf0, 0x0, 0x0, 0x0,
    0x1, 0xff, 0xff, 0x26, 0xff, 0xfa, 0x0, 0x0,
    0x0, 0x0, 0xb, 0xff, 0xf5, 0x6f, 0xff, 0x80,
    0x0, 0x0, 0x0, 0x0, 0x8f, 0xff, 0x76, 0xff,
    0xf6, 0x0, 0x0, 0x0, 0x0, 0x6, 0xff, 0xf8,
    0x6f, 0xff, 0x60, 0x0, 0x0, 0x0, 0x0, 0x7f,
    0xff, 0x86, 0xff, 0xf8, 0x0, 0x0, 0x0, 0x0,
    0x8, 0xff, 0xf7, 0x6f, 0xff, 0xb0, 0x0, 0x0,
    0x0, 0x0, 0xbf, 0xff, 0x56, 0xff, 0xff, 0x10,
    0x0, 0x0, 0x0, 0x1f, 0xff, 0xf2, 0x6f, 0xff,
    0xf8, 0x0, 0x0, 0x0, 0x9, 0xff, 0xfd, 0x6,
    0xff, 0xff, 0xf5, 0x0, 0x0, 0x6, 0xff, 0xff,
    0x60, 0x6f, 0xff, 0xdf, 0xfb, 0x65, 0x7c, 0xff,
    0xff, 0xd0, 0x6, 0xff, 0xf7, 0xaf, 0xff, 0xff,
    0xff, 0xff, 0xe2, 0x0, 0x6f, 0xff, 0x70, 0xbf,
    0xff, 0xff, 0xff, 0xd2, 0x0, 0x6, 0xff, 0xf7,
    0x0, 0x6c, 0xef, 0xeb, 0x50, 0x0, 0x0, 0x6f,
    0xff, 0x70, 0x0, 0x0, 0x0, 0x0, 0x0, 0x0,
    0x6, 0xff, 0xf7, 0x0, 0x0, 0x0, 0x0, 0x0,
    0x0, 0x0, 0x6f, 0xff, 0x70, 0x0, 0x0, 0x0,
    0x0, 0x0, 0x0, 0x6, 0xff, 0xf7, 0x0, 0x0,
    0x0, 0x0, 0x0, 0x0, 0x0, 0x6f, 0xff, 0x70,
    0x0, 0x0, 0x0, 0x0, 0x0, 0x0, 0x6, 0xff,
    0xf7, 0x0, 0x0, 0x0, 0x0, 0x0, 0x0, 0x0,
    0x6f, 0xff, 0x70, 0x0, 0x0, 0x0, 0x0, 0x0,
    0x0, 0x0,

    /* U+00FF "ÿ" */
    0x0, 0x0, 0xa, 0xfc, 0x10, 0x0, 0x4d, 0xe7,
    0x0, 0x0, 0x0, 0x0, 0x7f, 0xff, 0xa0, 0x0,
    0xff, 0xff, 0x30, 0x0, 0x0, 0x0, 0x9f, 0xff,
    0xc0, 0x1, 0xff, 0xff, 0x50, 0x0, 0x0, 0x0,
    0x3f, 0xff, 0x60, 0x0, 0xaf, 0xfe, 0x10, 0x0,
    0x0, 0x0, 0x2, 0x74, 0x0, 0x0, 0x5, 0x61,
    0x0, 0x0, 0x0, 0x0, 0x0, 0x0, 0x0, 0x0,
    0x0, 0x0, 0x0, 0x0, 0x0, 0x0, 0x0, 0x0,
    0x0, 0x0, 0x0, 0x0, 0x0, 0x0, 0x0, 0x0,
    0x0, 0x0, 0x0, 0x0, 0x0, 0x0, 0x0, 0x0,
    0xf, 0xff, 0xf2, 0x0, 0x0, 0x0, 0x0, 0x6,
    0xff, 0xfb, 0x9, 0xff, 0xf8, 0x0, 0x0, 0x0,
    0x0, 0xc, 0xff, 0xf5, 0x3, 0xff, 0xfd, 0x0,
    0x0, 0x0, 0x0, 0x2f, 0xff, 0xe0, 0x0, 0xdf,
    0xff, 0x30, 0x0, 0x0, 0x0, 0x7f, 0xff, 0x80,
    0x0, 0x7f, 0xff, 0x90, 0x0, 0x0, 0x0, 0xdf,
    0xff, 0x20, 0x0, 0x1f, 0xff, 0xe0, 0x0, 0x0,
    0x3, 0xff, 0xfc, 0x0, 0x0, 0xb, 0xff, 0xf4,
    0x0, 0x0, 0x9, 0xff, 0xf6, 0x0, 0x0, 0x5,
    0xff, 0xf9, 0x0, 0x0, 0xe, 0xff, 0xf0, 0x0,
    0x0, 0x0, 0xef, 0xff, 0x0, 0x0, 0x4f, 0xff,
    0xa0, 0x0, 0x0, 0x0, 0x9f, 0xff, 0x50, 0x0,
    0xaf, 0xff, 0x40, 0x0, 0x0, 0x0, 0x3f, 0xff,
    0xa0, 0x0, 0xff, 0xfd, 0x0, 0x0, 0x0, 0x0,
    0xd, 0xff, 0xf0, 0x5, 0xff, 0xf7, 0x0, 0x0,
    0x0, 0x0, 0x6, 0xff, 0xf4, 0xa, 0xff, 0xf1,
    0x0, 0x0, 0x0, 0x0, 0x1, 0xff, 0xf9, 0xf,
    0xff, 0xb0, 0x0, 0x0, 0x0, 0x0, 0x0, 0xaf,
    0xfd, 0x4f, 0xff, 0x50, 0x0, 0x0, 0x0, 0x0,
    0x0, 0x4f, 0xff, 0xaf, 0xfe, 0x0, 0x0, 0x0,
    0x0, 0x0, 0x0, 0xe, 0xff, 0xff, 0xf9, 0x0,
    0x0, 0x0, 0x0, 0x0, 0x0, 0x8, 0xff, 0xff,
    0xf2, 0x0, 0x0, 0x0, 0x0, 0x0, 0x0, 0x2,
    0xff, 0xff, 0xc0, 0x0, 0x0, 0x0, 0x0, 0x0,
    0x0, 0x0, 0xdf, 0xff, 0x60, 0x0, 0x0, 0x0,
    0x0, 0x0, 0x0, 0x0, 0xff, 0xff, 0x10, 0x0,
    0x0, 0x0, 0x0, 0x0, 0x0, 0x4, 0xff, 0xfa,
    0x0, 0x0, 0x0, 0x0, 0x0, 0x0, 0x0, 0xc,
    0xff, 0xf3, 0x0, 0x0, 0x0, 0x0, 0x0, 0x6,
    0x55, 0xbf, 0xff, 0xc0, 0x0, 0x0, 0x0, 0x0,
    0x0, 0xf, 0xff, 0xff, 0xff, 0x20, 0x0, 0x0,
    0x0, 0x0, 0x0, 0x5f, 0xff, 0xff, 0xf4, 0x0,
    0x0, 0x0, 0x0, 0x0, 0x0, 0x6d, 0xff, 0xd9,
    0x20, 0x0, 0x0, 0x0, 0x0, 0x0,

    /* U+2013 "–" */
    0x66, 0x66, 0x66, 0x66, 0x66, 0x66, 0x66, 0x66,
    0x66, 0xff, 0xff, 0xff, 0xff, 0xff, 0xff, 0xff,
    0xff, 0xff, 0xff, 0xff, 0xff, 0xff, 0xff, 0xff,
    0xff, 0xff, 0xff, 0xff, 0xff, 0xff, 0xff, 0xff,
    0xff, 0xff, 0xff, 0xff,

    /* U+2014 "—" */
    0x66, 0x66, 0x66, 0x66, 0x66, 0x66, 0x66, 0x66,
    0x66, 0x66, 0x66, 0x66, 0x66, 0x66, 0x66, 0x66,
    0x66, 0x66, 0xff, 0xff, 0xff, 0xff, 0xff, 0xff,
    0xff, 0xff, 0xff, 0xff, 0xff, 0xff, 0xff, 0xff,
    0xff, 0xff, 0xff, 0xff, 0xff, 0xff, 0xff, 0xff,
    0xff, 0xff, 0xff, 0xff, 0xff, 0xff, 0xff, 0xff,
    0xff, 0xff, 0xff, 0xff, 0xff, 0xff, 0xff, 0xff,
    0xff, 0xff, 0xff, 0xff, 0xff, 0xff, 0xff, 0xff,
    0xff, 0xff, 0xff, 0xff, 0xff, 0xff, 0xff, 0xff,

    /* U+2019 "’" */
    0x0, 0x35, 0x55, 0x20, 0xb, 0xff, 0xf5, 0x0,
    0xef, 0xff, 0x10, 0xf, 0xff, 0xc0, 0x2, 0xff,
    0xf7, 0x0, 0x5f, 0xff, 0x30, 0x7, 0xff, 0xe0,
    0x0, 0xaf, 0xfa, 0x0, 0xc, 0xff, 0x50, 0x0,
    0xef, 0xf1, 0x0, 0x1f, 0xfc, 0x0, 0x0
};


/*---------------------
 *  GLYPH DESCRIPTION
 *--------------------*/

static const lv_font_fmt_txt_glyph_dsc_t glyph_dsc[] = {
    {.bitmap_index = 0, .adv_w = 0, .box_w = 0, .box_h = 0, .ofs_x = 0, .ofs_y = 0} /* id = 0 reserved */,
    {.bitmap_index = 0, .adv_w = 154, .box_w = 0, .box_h = 0, .ofs_x = 0, .ofs_y = 0},
    {.bitmap_index = 0, .adv_w = 175, .box_w = 7, .box_h = 26, .ofs_x = 2, .ofs_y = 0},
    {.bitmap_index = 91, .adv_w = 285, .box_w = 12, .box_h = 11, .ofs_x = 3, .ofs_y = 15},
    {.bitmap_index = 157, .adv_w = 368, .box_w = 23, .box_h = 26, .ofs_x = 0, .ofs_y = 0},
    {.bitmap_index = 456, .adv_w = 372, .box_w = 21, .box_h = 34, .ofs_x = 1, .ofs_y = -4},
    {.bitmap_index = 813, .adv_w = 572, .box_w = 29, .box_h = 26, .ofs_x = 3, .ofs_y = 0},
    {.bitmap_index = 1190, .adv_w = 376, .box_w = 23, .box_h = 26, .ofs_x = 1, .ofs_y = 0},
    {.bitmap_index = 1489, .adv_w = 180, .box_w = 5, .box_h = 11, .ofs_x = 3, .ofs_y = 15},
    {.bitmap_index = 1517, .adv_w = 212, .box_w = 9, .box_h = 33, .ofs_x = 3, .ofs_y = -5},
    {.bitmap_index = 1666, .adv_w = 212, .box_w = 9, .box_h = 33, .ofs_x = 1, .ofs_y = -5},
    {.bitmap_index = 1815, .adv_w = 300, .box_w = 15, .box_h = 15, .ofs_x = 2, .ofs_y = 11},
    {.bitmap_index = 1928, .adv_w = 384, .box_w = 18, .box_h = 18, .ofs_x = 3, .ofs_y = 2},
    {.bitmap_index = 2090, .adv_w = 175, .box_w = 6, .box_h = 11, .ofs_x = 2, .ofs_y = -7},
    {.bitmap_index = 2123, .adv_w = 266, .box_w = 13, .box_h = 4, .ofs_x = 2, .ofs_y = 9},
    {.bitmap_index = 2149, .adv_w = 175, .box_w = 7, .box_h = 6, .ofs_x = 2, .ofs_y = 0},
    {.bitmap_index = 2170, .adv_w = 213, .box_w = 13, .box_h = 32, .ofs_x = 0, .ofs_y = -4},
    {.bitmap_index = 2378, .adv_w = 372, .box_w = 21, .box_h = 26, .ofs_x = 1, .ofs_y = 0},
    {.bitmap_index = 2651, .adv_w = 239, .box_w = 12, .box_h = 26, .ofs_x = 1, .ofs_y = 0},
    {.bitmap_index = 2807, .adv_w = 355, .box_w = 18, .box_h = 26, .ofs_x = 2, .ofs_y = 0},
    {.bitmap_index = 3041, .adv_w = 361, .box_w = 19, .box_h = 26, .ofs_x = 2, .ofs_y = 0},
    {.bitmap_index = 3288, .adv_w = 378, .box_w = 20, .box_h = 26, .ofs_x = 2, .ofs_y = 0},
    {.bitmap_index = 3548, .adv_w = 347, .box_w = 18, .box_h = 26, .ofs_x = 2, .ofs_y = 0},
    {.bitmap_index = 3782, .adv_w = 363, .box_w = 20, .box_h = 26, .ofs_x = 1, .ofs_y = 0},
    {.bitmap_index = 4042, .adv_w = 329, .box_w = 18, .box_h = 26, .ofs_x = 1, .ofs_y = 0},
    {.bitmap_index = 4276, .adv_w = 363, .box_w = 20, .box_h = 26, .ofs_x = 1, .ofs_y = 0},
    {.bitmap_index = 4536, .adv_w = 363, .box_w = 20, .box_h = 26, .ofs_x = 1, .ofs_y = 0},
    {.bitmap_index = 4796, .adv_w = 175, .box_w = 7, .box_h = 20, .ofs_x = 2, .ofs_y = 0},
    {.bitmap_index = 4866, .adv_w = 182, .box_w = 7, .box_h = 26, .ofs_x = 2, .ofs_y = -7},
    {.bitmap_index = 4957, .adv_w = 384, .box_w = 18, .box_h = 21, .ofs_x = 3, .ofs_y = 0},
    {.bitmap_index = 5146, .adv_w = 384, .box_w = 18, .box_h = 12, .ofs_x = 3, .ofs_y = 5},
    {.bitmap_index = 5254, .adv_w = 384, .box_w = 18, .box_h = 21, .ofs_x = 3, .ofs_y = 0},
    {.bitmap_index = 5443, .adv_w = 304, .box_w = 17, .box_h = 26, .ofs_x = 1, .ofs_y = 0},
    {.bitmap_index = 5664, .adv_w = 566, .box_w = 33, .box_h = 33, .ofs_x = 1, .ofs_y = -7},
    {.bitmap_index = 6209, .adv_w = 408, .box_w = 25, .box_h = 26, .ofs_x = 0, .ofs_y = 0},
    {.bitmap_index = 6534, .adv_w = 378, .box_w = 20, .box_h = 26, .ofs_x = 2, .ofs_y = 0},
    {.bitmap_index = 6794, .adv_w = 422, .box_w = 24, .box_h = 26, .ofs_x = 1, .ofs_y = 0},
    {.bitmap_index = 7106, .adv_w = 416, .box_w = 23, .box_h = 26, .ofs_x = 2, .ofs_y = 0},
    {.bitmap_index = 7405, .adv_w = 347, .box_w = 18, .box_h = 26, .ofs_x = 2, .ofs_y = 0},
    {.bitmap_index = 7639, .adv_w = 339, .box_w = 18, .box_h = 26, .ofs_x = 2, .ofs_y = 0},
    {.bitmap_index = 7873, .adv_w = 431, .box_w = 24, .box_h = 26, .ofs_x = 1, .ofs_y = 0},
    {.bitmap_index = 8185, .adv_w = 429, .box_w = 22, .box_h = 26, .ofs_x = 2, .ofs_y = 0},
    {.bitmap_index = 8471, .adv_w = 157, .box_w = 5, .box_h = 26, .ofs_x = 2, .ofs_y = 0},
    {.bitmap_index = 8536, .adv_w = 331, .box_w = 17, .box_h = 26, .ofs_x = 1, .ofs_y = 0},
    {.bitmap_index = 8757, .adv_w = 396, .box_w = 22, .box_h = 26, .ofs_x = 2, .ofs_y = 0},
    {.bitmap_index = 9043, .adv_w = 326, .box_w = 17, .box_h = 26, .ofs_x = 2, .ofs_y = 0},
    {.bitmap_index = 9264, .adv_w = 526, .box_w = 28, .box_h = 26, .ofs_x = 2, .ofs_y = 0},
    {.bitmap_index = 9628, .adv_w = 436, .box_w = 23, .box_h = 26, .ofs_x = 2, .ofs_y = 0},
    {.bitmap_index = 9927, .adv_w = 442, .box_w = 25, .box_h = 26, .ofs_x = 1, .ofs_y = 0},
    {.bitmap_index = 10252, .adv_w = 370, .box_w = 20, .box_h = 26, .ofs_x = 2, .ofs_y = 0},
    {.bitmap_index = 10512, .adv_w = 443, .box_w = 25, .box_h = 28, .ofs_x = 1, .ofs_y = -2},
    {.bitmap_index = 10862, .adv_w = 373, .box_w = 21, .box_h = 26, .ofs_x = 2, .ofs_y = 0},
    {.bitmap_index = 11135, .adv_w = 372, .box_w = 21, .box_h = 26, .ofs_x = 1, .ofs_y = 0},
    {.bitmap_index = 11408, .adv_w = 376, .box_w = 21, .box_h = 26, .ofs_x = 1, .ofs_y = 0},
    {.bitmap_index = 11681, .adv_w = 426, .box_w = 22, .box_h = 26, .ofs_x = 2, .ofs_y = 0},
    {.bitmap_index = 11967, .adv_w = 408, .box_w = 25, .box_h = 26, .ofs_x = 0, .ofs_y = 0},
    {.bitmap_index = 12292, .adv_w = 578, .box_w = 36, .box_h = 26, .ofs_x = 0, .ofs_y = 0},
    {.bitmap_index = 12760, .adv_w = 404, .box_w = 25, .box_h = 26, .ofs_x = 0, .ofs_y = 0},
    {.bitmap_index = 13085, .adv_w = 401, .box_w = 25, .box_h = 26, .ofs_x = 0, .ofs_y = 0},
    {.bitmap_index = 13410, .adv_w = 369, .box_w = 19, .box_h = 26, .ofs_x = 2, .ofs_y = 0},
    {.bitmap_index = 13657, .adv_w = 212, .box_w = 9, .box_h = 33, .ofs_x = 3, .ofs_y = -5},
    {.bitmap_index = 13806, .adv_w = 213, .box_w = 13, .box_h = 32, .ofs_x = 0, .ofs_y = -4},
    {.bitmap_index = 14014, .adv_w = 212, .box_w = 8, .box_h = 33, .ofs_x = 2, .ofs_y = -5},
    {.bitmap_index = 14146, .adv_w = 275, .box_w = 15, .box_h = 11, .ofs_x = 1, .ofs_y = 14},
    {.bitmap_index = 14229, .adv_w = 267, .box_w = 17, .box_h = 4, .ofs_x = 0, .ofs_y = -3},
    {.bitmap_index = 14263, .adv_w = 194, .box_w = 8, .box_h = 6, .ofs_x = 2, .ofs_y = 22},
    {.bitmap_index = 14287, .adv_w = 327, .box_w = 17, .box_h = 20, .ofs_x = 1, .ofs_y = 0},
    {.bitmap_index = 14457, .adv_w = 356, .box_w = 19, .box_h = 26, .ofs_x = 2, .ofs_y = 0},
    {.bitmap_index = 14704, .adv_w = 332, .box_w = 19, .box_h = 20, .ofs_x = 1, .ofs_y = 0},
    {.bitmap_index = 14894, .adv_w = 356, .box_w = 19, .box_h = 26, .ofs_x = 1, .ofs_y = 0},
    {.bitmap_index = 15141, .adv_w = 338, .box_w = 19, .box_h = 20, .ofs_x = 1, .ofs_y = 0},
    {.bitmap_index = 15331, .adv_w = 219, .box_w = 14, .box_h = 28, .ofs_x = 0, .ofs_y = 0},
    {.bitmap_index = 15527, .adv_w = 357, .box_w = 19, .box_h = 27, .ofs_x = 1, .ofs_y = -7},
    {.bitmap_index = 15784, .adv_w = 347, .box_w = 18, .box_h = 26, .ofs_x = 2, .ofs_y = 0},
    {.bitmap_index = 16018, .adv_w = 145, .box_w = 5, .box_h = 28, .ofs_x = 2, .ofs_y = 0},
    {.bitmap_index = 16088, .adv_w = 145, .box_w = 8, .box_h = 35, .ofs_x = -1, .ofs_y = -7},
    {.bitmap_index = 16228, .adv_w = 322, .box_w = 18, .box_h = 26, .ofs_x = 2, .ofs_y = 0},
    {.bitmap_index = 16462, .adv_w = 145, .box_w = 5, .box_h = 26, .ofs_x = 2, .ofs_y = 0},
    {.bitmap_index = 16527, .adv_w = 512, .box_w = 28, .box_h = 20, .ofs_x = 2, .ofs_y = 0},
    {.bitmap_index = 16807, .adv_w = 347, .box_w = 18, .box_h = 20, .ofs_x = 2, .ofs_y = 0},
    {.bitmap_index = 16987, .adv_w = 348, .box_w = 20, .box_h = 20, .ofs_x = 1, .ofs_y = 0},
    {.bitmap_index = 17187, .adv_w = 356, .box_w = 19, .box_h = 27, .ofs_x = 2, .ofs_y = -7},
    {.bitmap_index = 17444, .adv_w = 356, .box_w = 19, .box_h = 27, .ofs_x = 1, .ofs_y = -7},
    {.bitmap_index = 17701, .adv_w = 223, .box_w = 12, .box_h = 20, .ofs_x = 2, .ofs_y = 0},
    {.bitmap_index = 17821, .adv_w = 310, .box_w = 17, .box_h = 20, .ofs_x = 1, .ofs_y = 0},
    {.bitmap_index = 17991, .adv_w = 196, .box_w = 12, .box_h = 25, .ofs_x = 0, .ofs_y = 0},
    {.bitmap_index = 18141, .adv_w = 347, .box_w = 18, .box_h = 20, .ofs_x = 2, .ofs_y = 0},
    {.bitmap_index = 18321, .adv_w = 331, .box_w = 20, .box_h = 20, .ofs_x = 0, .ofs_y = 0},
    {.bitmap_index = 18521, .adv_w = 478, .box_w = 28, .box_h = 20, .ofs_x = 1, .ofs_y = 0},
    {.bitmap_index = 18801, .adv_w = 321, .box_w = 19, .box_h = 20, .ofs_x = 1, .ofs_y = 0},
    {.bitmap_index = 18991, .adv_w = 331, .box_w = 20, .box_h = 27, .ofs_x = 0, .ofs_y = -7},
    {.bitmap_index = 19261, .adv_w = 322, .box_w = 16, .box_h = 20, .ofs_x = 2, .ofs_y = 0},
    {.bitmap_index = 19421, .adv_w = 254, .box_w = 12, .box_h = 33, .ofs_x = 2, .ofs_y = -5},
    {.bitmap_index = 19619, .adv_w = 199, .box_w = 4, .box_h = 44, .ofs_x = 4, .ofs_y = -8},
    {.bitmap_index = 19707, .adv_w = 254, .box_w = 12, .box_h = 33, .ofs_x = 2, .ofs_y = -5},
    {.bitmap_index = 19905, .adv_w = 384, .box_w = 20, .box_h = 7, .ofs_x = 2, .ofs_y = 7},
    {.bitmap_index = 19975, .adv_w = 154, .box_w = 0, .box_h = 0, .ofs_x = 0, .ofs_y = 0},
    {.bitmap_index = 19975, .adv_w = 175, .box_w = 7, .box_h = 27, .ofs_x = 2, .ofs_y = -7},
    {.bitmap_index = 20070, .adv_w = 332, .box_w = 19, .box_h = 26, .ofs_x = 1, .ofs_y = 0},
    {.bitmap_index = 20317, .adv_w = 357, .box_w = 20, .box_h = 26, .ofs_x = 1, .ofs_y = 0},
    {.bitmap_index = 20577, .adv_w = 424, .box_w = 23, .box_h = 23, .ofs_x = 2, .ofs_y = 0},
    {.bitmap_index = 20842, .adv_w = 321, .box_w = 20, .box_h = 26, .ofs_x = 0, .ofs_y = 0},
    {.bitmap_index = 21102, .adv_w = 169, .box_w = 5, .box_h = 32, .ofs_x = 3, .ofs_y = -6},
    {.bitmap_index = 21182, .adv_w = 327, .box_w = 18, .box_h = 32, .ofs_x = 1, .ofs_y = -6},
    {.bitmap_index = 21470, .adv_w = 347, .box_w = 13, .box_h = 5, .ofs_x = 4, .ofs_y = 23},
    {.bitmap_index = 21503, .adv_w = 527, .box_w = 28, .box_h = 27, .ofs_x = 2, .ofs_y = 0},
    {.bitmap_index = 21881, .adv_w = 263, .box_w = 14, .box_h = 15, .ofs_x = 1, .ofs_y = 12},
    {.bitmap_index = 21986, .adv_w = 350, .box_w = 20, .box_h = 17, .ofs_x = 1, .ofs_y = 3},
    {.bitmap_index = 22156, .adv_w = 384, .box_w = 16, .box_h = 9, .ofs_x = 3, .ofs_y = 5},
    {.bitmap_index = 22228, .adv_w = 383, .box_w = 22, .box_h = 21, .ofs_x = 1, .ofs_y = 6},
    {.bitmap_index = 22459, .adv_w = 268, .box_w = 11, .box_h = 3, .ofs_x = 3, .ofs_y = 24},
    {.bitmap_index = 22476, .adv_w = 263, .box_w = 13, .box_h = 12, .ofs_x = 2, .ofs_y = 14},
    {.bitmap_index = 22554, .adv_w = 384, .box_w = 18, .box_h = 19, .ofs_x = 3, .ofs_y = 1},
    {.bitmap_index = 22725, .adv_w = 258, .box_w = 14, .box_h = 14, .ofs_x = 1, .ofs_y = 16},
    {.bitmap_index = 22823, .adv_w = 262, .box_w = 14, .box_h = 14, .ofs_x = 1, .ofs_y = 16},
    {.bitmap_index = 22921, .adv_w = 194, .box_w = 8, .box_h = 6, .ofs_x = 2, .ofs_y = 22},
    {.bitmap_index = 22945, .adv_w = 346, .box_w = 20, .box_h = 27, .ofs_x = 2, .ofs_y = -7},
    {.bitmap_index = 23215, .adv_w = 346, .box_w = 18, .box_h = 26, .ofs_x = 1, .ofs_y = 0},
    {.bitmap_index = 23449, .adv_w = 175, .box_w = 7, .box_h = 6, .ofs_x = 2, .ofs_y = 10},
    {.bitmap_index = 23470, .adv_w = 173, .box_w = 7, .box_h = 8, .ofs_x = 3, .ofs_y = -7},
    {.bitmap_index = 23498, .adv_w = 181, .box_w = 9, .box_h = 14, .ofs_x = 1, .ofs_y = 16},
    {.bitmap_index = 23561, .adv_w = 279, .box_w = 16, .box_h = 15, .ofs_x = 1, .ofs_y = 12},
    {.bitmap_index = 23681, .adv_w = 350, .box_w = 20, .box_h = 17, .ofs_x = 1, .ofs_y = 3},
    {.bitmap_index = 23851, .adv_w = 471, .box_w = 27, .box_h = 26, .ofs_x = 1, .ofs_y = 0},
    {.bitmap_index = 24202, .adv_w = 494, .box_w = 29, .box_h = 27, .ofs_x = 1, .ofs_y = 0},
    {.bitmap_index = 24594, .adv_w = 515, .box_w = 30, .box_h = 27, .ofs_x = 1, .ofs_y = 0},
    {.bitmap_index = 24999, .adv_w = 304, .box_w = 17, .box_h = 27, .ofs_x = 1, .ofs_y = -7},
    {.bitmap_index = 25229, .adv_w = 408, .box_w = 25, .box_h = 35, .ofs_x = 0, .ofs_y = 0},
    {.bitmap_index = 25667, .adv_w = 408, .box_w = 25, .box_h = 35, .ofs_x = 0, .ofs_y = 0},
    {.bitmap_index = 26105, .adv_w = 408, .box_w = 25, .box_h = 34, .ofs_x = 0, .ofs_y = 0},
    {.bitmap_index = 26530, .adv_w = 408, .box_w = 25, .box_h = 34, .ofs_x = 0, .ofs_y = 0},
    {.bitmap_index = 26955, .adv_w = 408, .box_w = 25, .box_h = 34, .ofs_x = 0, .ofs_y = 0},
    {.bitmap_index = 27380, .adv_w = 408, .box_w = 25, .box_h = 36, .ofs_x = 0, .ofs_y = 0},
    {.bitmap_index = 27830, .adv_w = 578, .box_w = 34, .box_h = 26, .ofs_x = 0, .ofs_y = 0},
    {.bitmap_index = 28272, .adv_w = 422, .box_w = 24, .box_h = 33, .ofs_x = 1, .ofs_y = -7},
    {.bitmap_index = 28668, .adv_w = 347, .box_w = 18, .box_h = 35, .ofs_x = 2, .ofs_y = 0},
    {.bitmap_index = 28983, .adv_w = 347, .box_w = 18, .box_h = 35, .ofs_x = 2, .ofs_y = 0},
    {.bitmap_index = 29298, .adv_w = 347, .box_w = 18, .box_h = 34, .ofs_x = 2, .ofs_y = 0},
    {.bitmap_index = 29604, .adv_w = 347, .box_w = 18, .box_h = 34, .ofs_x = 2, .ofs_y = 0},
    {.bitmap_index = 29910, .adv_w = 157, .box_w = 7, .box_h = 35, .ofs_x = 0, .ofs_y = 0},
    {.bitmap_index = 30033, .adv_w = 157, .box_w = 8, .box_h = 35, .ofs_x = 2, .ofs_y = 0},
    {.bitmap_index = 30173, .adv_w = 157, .box_w = 14, .box_h = 34, .ofs_x = -2, .ofs_y = 0},
    {.bitmap_index = 30411, .adv_w = 157, .box_w = 13, .box_h = 34, .ofs_x = -2, .ofs_y = 0},
    {.bitmap_index = 30632, .adv_w = 428, .box_w = 25, .box_h = 26, .ofs_x = 0, .ofs_y = 0},
    {.bitmap_index = 30957, .adv_w = 436, .box_w = 23, .box_h = 34, .ofs_x = 2, .ofs_y = 0},
    {.bitmap_index = 31348, .adv_w = 442, .box_w = 25, .box_h = 35, .ofs_x = 1, .ofs_y = 0},
    {.bitmap_index = 31786, .adv_w = 442, .box_w = 25, .box_h = 35, .ofs_x = 1, .ofs_y = 0},
    {.bitmap_index = 32224, .adv_w = 442, .box_w = 25, .box_h = 35, .ofs_x = 1, .ofs_y = 0},
    {.bitmap_index = 32662, .adv_w = 442, .box_w = 25, .box_h = 34, .ofs_x = 1, .ofs_y = 0},
    {.bitmap_index = 33087, .adv_w = 442, .box_w = 25, .box_h = 34, .ofs_x = 1, .ofs_y = 0},
    {.bitmap_index = 33512, .adv_w = 384, .box_w = 18, .box_h = 18, .ofs_x = 3, .ofs_y = 1},
    {.bitmap_index = 33674, .adv_w = 442, .box_w = 25, .box_h = 28, .ofs_x = 1, .ofs_y = -1},
    {.bitmap_index = 34024, .adv_w = 426, .box_w = 22, .box_h = 35, .ofs_x = 2, .ofs_y = 0},
    {.bitmap_index = 34409, .adv_w = 426, .box_w = 22, .box_h = 35, .ofs_x = 2, .ofs_y = 0},
    {.bitmap_index = 34794, .adv_w = 426, .box_w = 22, .box_h = 35, .ofs_x = 2, .ofs_y = 0},
    {.bitmap_index = 35179, .adv_w = 426, .box_w = 22, .box_h = 35, .ofs_x = 2, .ofs_y = 0},
    {.bitmap_index = 35564, .adv_w = 401, .box_w = 25, .box_h = 35, .ofs_x = 0, .ofs_y = 0},
    {.bitmap_index = 36002, .adv_w = 373, .box_w = 19, .box_h = 26, .ofs_x = 2, .ofs_y = 0},
    {.bitmap_index = 36249, .adv_w = 363, .box_w = 19, .box_h = 26, .ofs_x = 2, .ofs_y = 0},
    {.bitmap_index = 36496, .adv_w = 327, .box_w = 17, .box_h = 28, .ofs_x = 1, .ofs_y = 0},
    {.bitmap_index = 36734, .adv_w = 327, .box_w = 17, .box_h = 28, .ofs_x = 1, .ofs_y = 0},
    {.bitmap_index = 36972, .adv_w = 327, .box_w = 17, .box_h = 28, .ofs_x = 1, .ofs_y = 0},
    {.bitmap_index = 37210, .adv_w = 327, .box_w = 17, .box_h = 26, .ofs_x = 1, .ofs_y = 0},
    {.bitmap_index = 37431, .adv_w = 327, .box_w = 17, .box_h = 28, .ofs_x = 1, .ofs_y = 0},
    {.bitmap_index = 37669, .adv_w = 327, .box_w = 17, .box_h = 31, .ofs_x = 1, .ofs_y = 0},
    {.bitmap_index = 37933, .adv_w = 527, .box_w = 31, .box_h = 20, .ofs_x = 1, .ofs_y = 0},
    {.bitmap_index = 38243, .adv_w = 332, .box_w = 19, .box_h = 27, .ofs_x = 1, .ofs_y = -7},
    {.bitmap_index = 38500, .adv_w = 338, .box_w = 19, .box_h = 28, .ofs_x = 1, .ofs_y = 0},
    {.bitmap_index = 38766, .adv_w = 338, .box_w = 19, .box_h = 28, .ofs_x = 1, .ofs_y = 0},
    {.bitmap_index = 39032, .adv_w = 338, .box_w = 19, .box_h = 28, .ofs_x = 1, .ofs_y = 0},
    {.bitmap_index = 39298, .adv_w = 338, .box_w = 19, .box_h = 28, .ofs_x = 1, .ofs_y = 0},
    {.bitmap_index = 39564, .adv_w = 145, .box_w = 8, .box_h = 28, .ofs_x = -1, .ofs_y = 0},
    {.bitmap_index = 39676, .adv_w = 145, .box_w = 8, .box_h = 28, .ofs_x = 2, .ofs_y = 0},
    {.bitmap_index = 39788, .adv_w = 145, .box_w = 13, .box_h = 28, .ofs_x = -2, .ofs_y = 0},
    {.bitmap_index = 39970, .adv_w = 145, .box_w = 13, .box_h = 28, .ofs_x = -2, .ofs_y = 0},
    {.bitmap_index = 40152, .adv_w = 339, .box_w = 19, .box_h = 29, .ofs_x = 1, .ofs_y = 0},
    {.bitmap_index = 40428, .adv_w = 347, .box_w = 18, .box_h = 26, .ofs_x = 2, .ofs_y = 0},
    {.bitmap_index = 40662, .adv_w = 348, .box_w = 20, .box_h = 28, .ofs_x = 1, .ofs_y = 0},
    {.bitmap_index = 40942, .adv_w = 348, .box_w = 20, .box_h = 28, .ofs_x = 1, .ofs_y = 0},
    {.bitmap_index = 41222, .adv_w = 348, .box_w = 20, .box_h = 28, .ofs_x = 1, .ofs_y = 0},
    {.bitmap_index = 41502, .adv_w = 348, .box_w = 20, .box_h = 26, .ofs_x = 1, .ofs_y = 0},
    {.bitmap_index = 41762, .adv_w = 348, .box_w = 20, .box_h = 28, .ofs_x = 1, .ofs_y = 0},
    {.bitmap_index = 42042, .adv_w = 384, .box_w = 18, .box_h = 19, .ofs_x = 3, .ofs_y = 1},
    {.bitmap_index = 42213, .adv_w = 348, .box_w = 20, .box_h = 22, .ofs_x = 1, .ofs_y = -1},
    {.bitmap_index = 42433, .adv_w = 347, .box_w = 18, .box_h = 28, .ofs_x = 2, .ofs_y = 0},
    {.bitmap_index = 42685, .adv_w = 347, .box_w = 18, .box_h = 28, .ofs_x = 2, .ofs_y = 0},
    {.bitmap_index = 42937, .adv_w = 347, .box_w = 18, .box_h = 28, .ofs_x = 2, .ofs_y = 0},
    {.bitmap_index = 43189, .adv_w = 347, .box_w = 18, .box_h = 28, .ofs_x = 2, .ofs_y = 0},
    {.bitmap_index = 43441, .adv_w = 331, .box_w = 20, .box_h = 35, .ofs_x = 0, .ofs_y = -7},
    {.bitmap_index = 43791, .adv_w = 356, .box_w = 19, .box_h = 33, .ofs_x = 2, .ofs_y = -7},
    {.bitmap_index = 44105, .adv_w = 331, .box_w = 20, .box_h = 35, .ofs_x = 0, .ofs_y = -7},
    {.bitmap_index = 44455, .adv_w = 288, .box_w = 18, .box_h = 4, .ofs_x = 0, .ofs_y = 9},
    {.bitmap_index = 44491, .adv_w = 576, .box_w = 36, .box_h = 4, .ofs_x = 0, .ofs_y = 9},
    {.bitmap_index = 44563, .adv_w = 160, .box_w = 7, .box_h = 11, .ofs_x = 2, .ofs_y = 16}
};

/*---------------------
 *  CHARACTER MAPPING
 *--------------------*/

static const uint16_t unicode_list_3[] = {
    0x0, 0x1, 0x6
};

/*Collect the unicode lists and glyph_id offsets*/
static const lv_font_fmt_txt_cmap_t cmaps[] =
{
    {
        .range_start = 32, .range_length = 95, .glyph_id_start = 1,
        .unicode_list = NULL, .glyph_id_ofs_list = NULL, .list_length = 0, .type = LV_FONT_FMT_TXT_CMAP_FORMAT0_TINY
    },
    {
        .range_start = 160, .range_length = 13, .glyph_id_start = 96,
        .unicode_list = NULL, .glyph_id_ofs_list = NULL, .list_length = 0, .type = LV_FONT_FMT_TXT_CMAP_FORMAT0_TINY
    },
    {
        .range_start = 174, .range_length = 82, .glyph_id_start = 109,
        .unicode_list = NULL, .glyph_id_ofs_list = NULL, .list_length = 0, .type = LV_FONT_FMT_TXT_CMAP_FORMAT0_TINY
    },
    {
        .range_start = 8211, .range_length = 7, .glyph_id_start = 191,
        .unicode_list = unicode_list_3, .glyph_id_ofs_list = NULL, .list_length = 3, .type = LV_FONT_FMT_TXT_CMAP_SPARSE_TINY
    }
};

/*-----------------
 *    KERNING
 *----------------*/


/*Map glyph_ids to kern left classes*/
static const uint8_t kern_left_class_mapping[] =
{
    0, 0, 0, 1, 0, 0, 2, 3,
    1, 4, 0, 5, 6, 7, 6, 7,
    8, 9, 10, 11, 12, 13, 14, 15,
    16, 12, 9, 17, 17, 0, 18, 19,
    0, 20, 0, 0, 0, 0, 0, 0,
    0, 0, 0, 0, 0, 0, 0, 0,
    0, 0, 0, 0, 0, 0, 0, 0,
    0, 0, 0, 0, 4, 21, 0, 5,
    22, 0, 0, 0, 0, 0, 0, 0,
    0, 0, 0, 0, 0, 0, 0, 0,
    0, 0, 0, 0, 0, 0, 0, 0,
    0, 0, 0, 0, 4, 10, 0, 6,
    0, 23, 24, 0, 0, 0, 0, 0,
    0, 20, 0, 0, 0, 25, 0, 5,
    18, 0, 0, 0, 26, 10, 27, 0,
    0, 0, 28, 0, 0, 0, 29, 0,
    0, 0, 0, 0, 0, 0, 0, 0,
    0, 0, 0, 0, 0, 0, 0, 0,
    0, 0, 0, 0, 0, 0, 30, 0,
    0, 0, 0, 0, 0, 0, 0, 0,
    0, 0, 0, 0, 0, 0, 0, 0,
    0, 0, 0, 0, 0, 0, 0, 0,
    0, 0, 0, 0, 0, 0, 6, 0,
    0, 0, 0, 0, 0, 0, 0, 0,
    0, 31
};

/*Map glyph_ids to kern right classes*/
static const uint8_t kern_right_class_mapping[] =
{
    0, 1, 2, 3, 4, 5, 0, 6,
    3, 0, 7, 8, 9, 10, 9, 10,
    11, 12, 13, 14, 15, 16, 17, 12,
    18, 19, 20, 21, 21, 22, 23, 0,
    24, 25, 0, 0, 0, 0, 0, 0,
    0, 0, 0, 0, 0, 0, 0, 0,
    0, 0, 0, 0, 0, 0, 0, 0,
    0, 0, 0, 0, 0, 26, 7, 8,
    27, 0, 0, 0, 0, 0, 0, 0,
    0, 0, 0, 0, 0, 0, 0, 0,
    0, 0, 0, 0, 0, 0, 0, 0,
    0, 0, 0, 0, 0, 28, 7, 29,
    0, 0, 30, 0, 0, 0, 0, 0,
    0, 25, 0, 31, 32, 33, 0, 8,
    23, 0, 0, 0, 34, 35, 9, 0,
    0, 0, 36, 0, 0, 0, 37, 0,
    0, 0, 0, 0, 0, 0, 0, 0,
    0, 0, 0, 0, 0, 0, 0, 0,
    0, 0, 0, 0, 0, 0, 36, 0,
    0, 0, 0, 0, 0, 0, 0, 0,
    0, 0, 0, 0, 0, 0, 0, 0,
    0, 0, 0, 0, 0, 0, 0, 0,
    0, 0, 0, 0, 0, 0, 9, 0,
    0, 0, 0, 0, 0, 0, 0, 0,
    0, 38
};

/*Kern values between classes*/
static const int8_t kern_class_values[] =
{
    0, 0, 0, 0, 0, -19, 0, 0,
    0, -49, 0, 0, 0, 0, 0, -36,
    0, 0, 0, 0, 0, 0, 0, 0,
    0, 0, 0, 0, 0, -10, 0, 0,
    0, 0, 0, 0, 0, 0, 0, 0,
    0, 0, 0, 0, 0, 0, 0, 0,
    0, 0, 0, 0, 0, 0, 0, 0,
    0, 0, 0, 0, 0, 0, 0, 0,
    0, 0, 0, 0, 0, 0, 0, 0,
    0, 0, 0, -39, 0, 0, -19, 0,
    0, 0, 0, 0, 0, 0, 0, 0,
    0, 0, 0, 0, 0, 0, 0, 0,
    0, 0, 0, 0, 0, -36, 0, 0,
    0, 0, 0, 0, -13, 0, 0, 0,
    0, 0, 0, 0, 0, 0, 0, 0,
    0, 0, 0, 0, 0, 0, 0, 0,
    0, 0, 0, 0, 0, 0, 0, 0,
    0, 0, 0, 0, 0, 3, 0, -5,
    0, 0, 0, 0, 0, 0, 0, 0,
    0, 0, 0, 0, 0, -19, 0, 0,
    0, -78, 0, 0, 0, 0, 0, -26,
    0, 0, 0, 0, 0, 0, 0, 0,
    -8, 0, -39, 0, 0, 0, 0, 0,
    0, 0, 0, 0, 0, 0, 0, 0,
    0, 0, 0, 0, 0, 0, 0, 0,
    0, 0, 0, -17, -5, 0, 0, -14,
    0, 0, 0, 0, 0, 0, 0, -28,
    0, 0, 0, 0, 0, 0, 0, 0,
    -8, 0, 0, 0, -6, -2, -51, 0,
    0, 0, 0, 0, 0, 0, 0, -15,
    -51, 0, -15, 0, -7, -10, -14, -5,
    0, 0, 0, -51, -25, 0, 0, 0,
    0, 0, 0, 0, 0, 0, -29, 0,
    0, -40, 0, 0, 0, 0, 0, 0,
    0, 0, 0, -23, 0, 0, 0, 0,
    0, 0, 0, 0, 0, 0, 0, 0,
    0, 0, 0, 1, 0, 0, 0, 0,
    0, 0, 0, 0, 0, 0, 0, 0,
    0, 0, 0, 0, 0, 0, 0, 0,
    0, -15, 0, 0, 0, 0, 0, 0,
    0, -11, 0, 0, 0, 0, 0, 0,
    0, -9, -26, 0, 0, 0, 0, 0,
    0, 0, 0, 0, 0, 0, 0, 0,
    0, 0, 0, 0, 3, 0, 0, 0,
    0, 0, 0, 0, 0, 0, 0, 0,
    0, 0, 0, 0, 0, 0, 0, 0,
    3, 0, 0, 0, 0, 0, 0, 0,
    0, 0, 0, 0, 0, 0, 0, 0,
    0, 0, 0, 0, 0, 0, 0, 0,
    0, 0, 0, -9, 0, 0, 0, 0,
    0, 0, 0, 0, 0, 0, 0, 0,
    0, 0, 0, 0, 0, 0, 0, 0,
    0, 0, 0, 0, 0, 0, 0, 0,
    0, -7, 0, -13, 0, 0, 0, 0,
    0, 0, 0, 0, 0, 0, 0, 0,
    0, 0, 0, 0, 0, 0, 0, 0,
    -19, 0, 0, 0, 0, 0, 0, 0,
    0, 0, 0, 0, 0, 0, 0, -14,
    0, -19, 0, 0, -15, 0, 0, 0,
    0, 0, 0, 0, 0, 0, 0, 0,
    0, 0, 0, 0, 0, 0, 0, 0,
    -3, 0, -24, 0, 0, 0, 0, 0,
    0, 0, 0, 0, 0, -1, 0, -15,
    0, 0, 0, 0, 0, 0, 0, 0,
    0, 0, 0, 0, 0, 0, 0, 0,
    0, 0, 0, 0, 0, 0, -3, 0,
    0, 0, 0, 0, 0, 0, 0, 0,
    0, 0, 0, 0, 0, -19, 0, 0,
    0, 0, 0, 0, 0, 0, 0, 0,
    0, 0, 0, 0, 0, 0, -26, 0,
    0, 0, 0, 0, 0, 0, 0, 0,
    0, 0, 0, 0, 0, -33, 0, -26,
    0, 0, 0, -72, 0, -9, 0, 0,
    -10, -33, -6, 11, -8, -6, -19, -52,
    0, 0, 0, 0, -91, 0, 0, -29,
    -36, 0, 0, 0, 0, 0, 0, 0,
    0, 0, 0, 0, 0, 0, 0, 0,
    0, 0, 0, 0, 0, 0, 0, 0,
    0, 0, 0, 0, 0, 0, 0, 0,
    0, -36, 0, 0, 0, 0, 0, 0,
    0, 0, 0, 0, 0, 0, 0, 0,
    0, 0, 0, 0, 0, 0, 0, 0,
    0, 0, 0, 0, 0, 0, 0, 0,
    0, 0, 0, 0, 0, 0, 0, -39,
    0, 0, 0, 0, 0, 0, 0, 0,
    0, 0, 0, 0, 0, 0, 0, 0,
    0, 0, 0, 0, 0, 0, 0, 0,
    0, 0, 0, 0, 0, -42, 0, 0,
    0, 0, 0, 0, 0, -42, 0, 0,
    0, 0, 0, 0, 0, 0, 0, 0,
    0, 0, 0, 0, 0, 0, 0, 0,
    0, 0, 0, -25, -23, 0, 0, 0,
    0, 0, 0, 0, 0, 0, 0, 0,
    0, 0, 0, -21, -23, 0, 0, 0,
    0, 0, -3, 0, 0, 0, 0, 0,
    0, 0, -46, 0, -3, 0, 0, -49,
    -19, 0, 10, 0, -22, 0, 0, 0,
    0, 0, 0, 0, 0, -7, -29, -36,
    -21, -28, 0, 0, -19, -4, -19, -19,
    -41, 0, -29, -19, 0, -33, 0, 0,
    0, 0, 0, 0, 0, -39, 0, 0,
    0, -26, -62, 0, -26, -33, -26, 0,
    -26, -26, 0, 0, 0, 0, -23, -46,
    0, 19, 0, 0, 0, 0, 0, 0,
    -26, 0, 0, 0, 0, 0, 0, 0,
    0, 0, 0, 0, 0, 0, 0, 0,
    0, 0, 0, 0, 0, 0, 0, 0,
    0, 0, 0, 0, 0, -19, 0, 0,
    0, 0, 0, 0, 0, 0, 0, 0,
    0, 0, 0, 0, -10, 0, 0, 0,
    -7, 0, 0, 0, 0, 0, -19, 0,
    0, 0, 0, 0, 0, 0, 0, 0,
    0, 0, 0, -31, 0, 0, 0, 0,
    0, 0, -6, 0, 0, 0, 0, -13,
    0, 0, 0, 0, 0, -19, 0, 0,
    0, 0, 0, 0, 0, 0, 0, -28,
    0, 0, 0, 0, 0, 0, 0, 0,
    -3, 0, 0, 0, 0, -16, 0, 0,
    0, 0, 0, 0, 0, 0, 0, 0,
    0, 0, 0, 0, 0, 0, -22, 0,
    -19, 0, 0, 0, 0, 0, 0, 0,
    0, 0, 0, -23, 0, 0, 0, 0,
    -19, 0, -22, 0, 0, -19, 0, 0,
    0, 0, 0, 8, 0, 0, 0, 0,
    0, 0, 0, 0, 0, 0, 0, 0,
    0, -17, -5, 0, 0, -14, 0, 0,
    0, 0, 0, 0, 0, -23, 0, 0,
    0, 0, 0, 0, 0, 0, -8, 0,
    0, 0, 0, 0, 0, 0, 0, 0,
    0, 0, 0, 0, 0, 0, -23, -29,
    -26, 0, 0, -29, -19, 0, 0, 0,
    0, 0, 0, -36, 0, 0, 0, 0,
    0, 0, 0, 0, 0, 0, 0, 0,
    0, 0, 0, 0, 0, 0, 0, 0,
    0, 0, 0, 0, 0, 0, 0, 0,
    0, 0, 0, 0, 0, 0, 0, 0,
    0, -52, 0, 0, 0, 0, 0, 0,
    0, 0, 0, 0, 0, -19, 0, 0,
    0, 0, 0, 0, 0, 0, 0, 0,
    0, 0, 0, 0, 0, 0, 0, 0,
    0, 0, 0, 0, 0, 0, 0, -23,
    0, 0, 0, 0, 0, 0, 0, 0,
    0, 0, 0, 0, 0, 0, 0, -72,
    0, -39, 0, 0, -34, -63, -82, -26,
    0, 0, 0, -55, 0, -36, -23, 0,
    -33, -55, -33, 0, -33, 0, -23, 0,
    -26, -36, -49, -34, 0, -26, -6, 0,
    -39, 0
};


/*Collect the kern class' data in one place*/
static const lv_font_fmt_txt_kern_classes_t kern_classes =
{
    .class_pair_values   = kern_class_values,
    .left_class_mapping  = kern_left_class_mapping,
    .right_class_mapping = kern_right_class_mapping,
    .left_class_cnt      = 31,
    .right_class_cnt     = 38,
};

/*--------------------
 *  ALL CUSTOM DATA
 *--------------------*/

#if LVGL_VERSION_MAJOR == 8
/*Store all the custom data of the font*/
static  lv_font_fmt_txt_glyph_cache_t cache;
#endif

#if LVGL_VERSION_MAJOR >= 8
static const lv_font_fmt_txt_dsc_t font_dsc = {
#else
static lv_font_fmt_txt_dsc_t font_dsc = {
#endif
    .glyph_bitmap = glyph_bitmap,
    .glyph_dsc = glyph_dsc,
    .cmaps = cmaps,
    .kern_dsc = &kern_classes,
    .kern_scale = 16,
    .cmap_num = 4,
    .bpp = 4,
    .kern_classes = 1,
    .bitmap_format = 0,
#if LVGL_VERSION_MAJOR == 8
    .cache = &cache
#endif
};



/*-----------------
 *  PUBLIC FONT
 *----------------*/

/*Initialize a public general font descriptor*/
#if LVGL_VERSION_MAJOR >= 8
const lv_font_t inter_36 = {
#else
lv_font_t inter_36 = {
#endif
    .get_glyph_dsc = lv_font_get_glyph_dsc_fmt_txt,    /*Function pointer to get glyph's data*/
    .get_glyph_bitmap = lv_font_get_bitmap_fmt_txt,    /*Function pointer to get glyph's bitmap*/
    .line_height = 44,          /*The maximum line height required by the font*/
    .base_line = 8,             /*Baseline measured from the bottom of the line*/
#if !(LVGL_VERSION_MAJOR == 6 && LVGL_VERSION_MINOR == 0)
    .subpx = LV_FONT_SUBPX_NONE,
#endif
#if LV_VERSION_CHECK(7, 4, 0) || LVGL_VERSION_MAJOR >= 8
    .underline_position = -6,
    .underline_thickness = 3,
#endif
    .dsc = &font_dsc,          /*The custom font data. Will be accessed by `get_glyph_bitmap/dsc` */
#if LV_VERSION_CHECK(8, 2, 0) || LVGL_VERSION_MAJOR >= 9
    .fallback = &lv_font_montserrat_18,
#endif
    .user_data = NULL,
};



#endif /*#if INTER_36*/

